Project,Area,Zone,Type,Bed,Bath,Size (sqft),Tenure,Price (RM),Installment (RM/mo),Rental Unfurnished,CF Unfurnished,Rental Partial,CF Partial,Rental Fully,CF Fully,Yield% Partial,Yield% Fully,CF Rating (Best Case),Cash Out (RM),Break-even Unfurnished (Year),Break-even Partial (Year),Break-even Fully (Year),5yr ROI%,10yr ROI%,20yr ROI%,Ann.Ret% 5yr,Ann.Ret% 10yr,Ann.Ret% 20yr,Exit Value 10yr (RM),Equity 10yr (RM),Equity Gain 10yr (RM),Cumulative CF Unfurnished 10yr (RM),Cumulative CF Partial 10yr (RM),Cumulative CF Fully 10yr (RM),Selling Cost 10yr (RM),Equity Gain 10yr Net of Selling Cost (RM),Rental Source,Date Added,Code,Source Link
Suasana Lumayan Condominium Penthouse,Cheras,Bandar Sri Permaisuri,Penthouse,5,3.0,3542,Leasehold,1250000,5700,4500,-1200,5200,-500,7650,1950,4.99,7.34,🟢 Strong,187500,14,9,4,89.1,232.1,597.2,17.8,23.2,29.9,1523743,622705,435205,-144000,-60000,234000,53893,381312,"[Unfurnished] Citywide PSF Avg, Strata >=1500sqft (RM4.62/sqft, n=2) | Citywide | [Partial] Citywide PSF Avg, Strata >=1500sqft (RM1.47/sqft, n=14) | Citywide | [Fully] Citywide PSF Avg, Strata >=1500sqft (RM2.15/sqft, n=19) | Citywide | CORRECTED (audit 19/07/2026): Unfurnished 16350.0->4500 -- tier re-derived from Partial per prompt's known-tier ratio (original PSF-fallback figure was inverted)",12/7/2026,EXP,https://telegram.me/extremeproperty_listing/7887
Pandan Heights Condominium,Kuala Lumpur,Taman Pandan Perdana,Duplex Condominium,6,3.0,2148,Freehold,495000,2257,2500,243,2850,593,3100,843,6.91,7.52,🟢 Strong,79350,6,5,4,76.9,210.7,552.3,15.4,21.1,27.6,603402,246561,167211,29160,71160,101160,23154,144057,"[Unfurnished] Est. from Partial x0.87, Citywide listings.csv pool discarded (n=3, contaminated by SOHO/business service residence outliers) | [Partial] Web median, same-project (RM1.33/sqft, n=14 mixed-furnish listings) | Mudah/EdgeProp — material gap vs Area PSF Median (RM1.71/sqft, n=5), live comp used | [Fully] Web, same-project (RM1.44/sqft, n=1) | Mudah — material gap vs Area PSF Median (RM2.68/sqft, n=6), live comp used, thin sample (n=1)",8/6/2026,EXP,https://telegram.me/extremeproperty_listing/18154
Fern Lodge,Kuala Lumpur,Taman Tan Yew Lai,Condominium,4,3.0,2228,Freehold,850000,3876,3300,-576,3800,-76,5250,1374,5.36,7.41,🟢 Strong,129000,11,8,4,86.9,228.2,589.1,17.4,22.8,29.5,1036145,423440,294440,-69120,-9120,164880,37607,256833,"[Unfurnished] Citywide PSF Avg, Strata >=1500sqft (RM4.62/sqft, n=2) | Citywide | [Partial] Area PSF Avg, Strata >=1500sqft (RM1.71/sqft, n=5) | Kuala Lumpur | [Fully] Area PSF Avg, Strata >=1500sqft (RM2.36/sqft, n=7) | Kuala Lumpur | CORRECTED (audit 19/07/2026): Unfurnished 10300.0->3300 -- tier re-derived from Partial per prompt's known-tier ratio (original PSF-fallback figure was inverted)",14/6/2026,EXP,https://telegram.me/extremeproperty_listing/18497
The iResidence,Cheras,Bandar Mahkota Cheras,Condominium,4,2.0,1507,Freehold,450000,2052,1900,-152,2200,148,3250,1198,5.87,8.67,🟢 Strong,73500,10,7,4,73.7,205.0,540.3,14.7,20.5,27.0,548547,224174,150674,-18240,17760,143760,21321,129353,"[Unfurnished] Citywide PSF Avg, Strata >=1500sqft (RM4.62/sqft, n=2) | Citywide | [Partial] Citywide PSF Avg, Strata >=1500sqft (RM1.47/sqft, n=14) | Citywide | [Fully] Citywide PSF Avg, Strata >=1500sqft (RM2.15/sqft, n=19) | Citywide | CORRECTED (audit 19/07/2026): Unfurnished 6950.0->1900 -- tier re-derived from Partial per prompt's known-tier ratio (original PSF-fallback figure was inverted)",12/4/2026,DPM,https://telegram.me/DeePropmall/1766
Prima Duta,Kuala Lumpur,Dutamas (Taman Segambut SPPK),Condominium,3,3.0,1614,Freehold,650000,2964,2400,-564,2750,-214,3800,836,5.08,7.02,🟢 Strong,101000,13,9,5,82.5,220.6,573.1,16.5,22.1,28.7,792346,323807,222807,-67680,-25680,100320,29464,193343,"[Unfurnished] Citywide PSF Avg, Strata >=1500sqft (RM4.62/sqft, n=2) | Citywide | [Partial] Area PSF Avg, Strata >=1500sqft (RM1.71/sqft, n=5) | Kuala Lumpur | [Fully] Area PSF Avg, Strata >=1500sqft (RM2.36/sqft, n=7) | Kuala Lumpur | CORRECTED (audit 19/07/2026): Unfurnished 7450.0->2400 -- tier re-derived from Partial per prompt's known-tier ratio (original PSF-fallback figure was inverted)",10/6/2026,EXP,https://telegram.me/extremeproperty_listing/18307
Ampang Putra Residency,Ampang,Taman Putra Sulaiman,Penthouse Condominium,4,5.0,2490,Leasehold,1650000,7524,3200,-4324,3650,-3874,6350,-1174,2.65,4.62,🔴 Negative,247500,,,12,89.1,232.1,597.2,17.8,23.2,29.9,2011341,821971,574471,-518880,-464880,-140880,70179,504292,"[Unfurnished] Citywide PSF Avg, Strata >=1500sqft (RM4.62/sqft, n=2) | Citywide | [Partial] Citywide PSF Avg, Strata >=1500sqft (RM1.47/sqft, n=14) | Citywide | [Fully] Area PSF Avg, Strata >=1500sqft (RM2.55/sqft, n=3) | Ampang | CORRECTED (audit 19/07/2026): Unfurnished 11500.0->3200 -- tier re-derived from Partial per prompt's known-tier ratio (original PSF-fallback figure was inverted)",8/6/2026,EXP,https://telegram.me/extremeproperty_listing/18218
Seri Riana Residence,Setapak,Wangsa Maju,Condominium,3,2.0,1535,Leasehold,855000,3899,1950,-1949,2250,-1649,3300,-599,3.16,4.63,🟠 Mild -ve,129700,,,12,87.0,228.4,589.5,17.4,22.8,29.5,1042240,425961,296261,-233880,-197880,-71880,37811,258450,"[Unfurnished] Citywide PSF Avg, Strata >=1500sqft (RM4.62/sqft, n=2) | Citywide | [Partial] Citywide PSF Avg, Strata >=1500sqft (RM1.47/sqft, n=14) | Citywide | [Fully] Citywide PSF Avg, Strata >=1500sqft (RM2.15/sqft, n=19) | Citywide | CORRECTED (audit 19/07/2026): Unfurnished 7100.0->1950 -- tier re-derived from Partial per prompt's known-tier ratio (original PSF-fallback figure was inverted)",12/7/2026,EXP,https://telegram.me/extremeproperty_listing/10997
The Era Residence @ Duta North,Kuala Lumpur,Segambut,Service Residence,5,5.0,2411,Freehold,1800000,8208,3600,-4608,4150,-4058,5700,-2508,2.77,3.8,🔴 Negative,270000,,,20,89.1,232.1,597.2,17.8,23.2,29.9,2194190,896695,626695,-552960,-486960,-300960,76286,550409,"[Unfurnished] Citywide PSF Avg, Strata >=1500sqft (RM4.62/sqft, n=2) | Citywide | [Partial] Area PSF Avg, Strata >=1500sqft (RM1.71/sqft, n=5) | Kuala Lumpur | [Fully] Area PSF Avg, Strata >=1500sqft (RM2.36/sqft, n=7) | Kuala Lumpur | CORRECTED (audit 19/07/2026): Unfurnished 11150.0->3600 -- tier re-derived from Partial per prompt's known-tier ratio (original PSF-fallback figure was inverted)",28/6/2026,EXP,https://telegram.me/extremeproperty_listing/19222
The Pulse Residence,Puchong,Bandar Puteri Puchong,Condominium,5,3.0,1682,Freehold,1260000,5746,2150,-3596,2450,-3296,3600,-2146,2.33,3.43,🔴 Negative,189000,,,27,89.1,232.1,597.3,17.8,23.2,29.9,1535933,627747,438747,-431520,-395520,-257520,54300,384447,"[Unfurnished] Citywide PSF Avg, Strata >=1500sqft (RM4.62/sqft, n=2) | Citywide | [Partial] Citywide PSF Avg, Strata >=1500sqft (RM1.47/sqft, n=14) | Citywide | [Fully] Citywide PSF Avg, Strata >=1500sqft (RM2.15/sqft, n=19) | Citywide | CORRECTED (audit 19/07/2026): Unfurnished 7750.0->2150 -- tier re-derived from Partial per prompt's known-tier ratio (original PSF-fallback figure was inverted)",3/7/2026,DPM,https://telegram.me/DeePropmall/2407
V Residence 3,Cheras,Sunway Velocity,Condominium,4,3.0,1577,Freehold,1300000,5928,2000,-3928,2300,-3628,3400,-2528,2.12,3.14,🔴 Negative,195000,,,,89.1,232.1,597.2,17.8,23.2,29.9,1584693,647613,452613,-471360,-435360,-303360,55929,396684,"[Unfurnished] Citywide PSF Avg, Strata >=1500sqft (RM4.62/sqft, n=2) | Citywide | [Partial] Citywide PSF Avg, Strata >=1500sqft (RM1.47/sqft, n=14) | Citywide | [Fully] Citywide PSF Avg, Strata >=1500sqft (RM2.15/sqft, n=19) | Citywide | CORRECTED (audit 19/07/2026): Unfurnished 7300.0->2000 -- tier re-derived from Partial per prompt's known-tier ratio (original PSF-fallback figure was inverted)",12/7/2026,EXP,https://telegram.me/extremeproperty_listing/13708
2.5 Storey Terrace Taman Desa Gemilang,Kuala Lumpur,Gombak,2 Storey Terrace,5,6.0,6566,Leasehold (Bumi Lot + Rezab Melayu),1290000,5883,7050,1167,8200,2317,9250,3367,7.63,8.6,🟢 Strong,193500,4,3,3,144.9,359.9,933.3,29.0,36.0,46.7,1819672,889892,696392,140040,278040,404040,63777,632615,"[Unfurnished] Citywide PSF Avg, Landed >=1500sqft (RM1.07/sqft, n=13) | Citywide | [Partial] Citywide PSF Avg, Landed >=1500sqft (RM1.25/sqft, n=29) | Citywide | [Fully] Citywide PSF Avg, Landed >=1500sqft (RM1.41/sqft, n=14) | Citywide",10/6/2026,EXP,https://telegram.me/extremeproperty_listing/18419
Taman Indah Jaya,Petaling Jaya / Damansara,Taman Indah Jaya,Landed,6,6.0,3800,Leasehold,695000,3169,4050,881,4750,1581,5350,2181,8.2,9.24,🟢 Strong,107300,4,3,3,137.9,346.7,903.7,27.6,34.7,45.2,980366,479359,372059,105720,189720,261720,35744,336315,"[Unfurnished] Citywide PSF Avg, Landed >=1500sqft (RM1.07/sqft, n=13) | Citywide | [Partial] Citywide PSF Avg, Landed >=1500sqft (RM1.25/sqft, n=29) | Citywide | [Fully] Citywide PSF Avg, Landed >=1500sqft (RM1.41/sqft, n=14) | Citywide",10/7/2026,EXP,https://telegram.me/extremeproperty_listing/17164
Apartment Prima Saujana,Kuala Lumpur,Kepong,Apartment,3,2.0,1000,Leasehold,270000,1231,1850,619,2000,769,3000,1769,8.89,13.33,🟢 Strong,50100,4,4,2,52.8,168.4,463.5,10.6,16.8,23.2,329128,134474,84374,74280,92280,212280,13993,70381,"[Unfurnished] Area PSF Avg, Strata all sizes (RM1.84/sqft, n=3) | Kuala Lumpur | [Partial] Area PSF Avg, Strata all sizes (RM2.00/sqft, n=25) | Kuala Lumpur | [Fully] Area PSF Avg, Strata all sizes (RM3.00/sqft, n=58) | Kuala Lumpur",28/3/2026,EXP,https://telegram.me/extremeproperty_listing/15909
Apartment Teratai,Puchong,Putra Perdana,Apartment,3,2.0,751,Leasehold,145000,661,950,289,1100,439,1650,989,9.1,13.66,🟢 Strong,33850,6,5,3,21.5,113.3,347.8,4.3,11.3,17.4,176754,72204,38354,34680,52680,118680,8904,29450,"[Unfurnished] Area PSF Avg, Strata all sizes (RM1.61/sqft, n=3) | Puchong | [Partial] Area PSF Avg, Strata all sizes (RM1.48/sqft, n=15) | Puchong | [Fully] Area PSF Avg, Strata all sizes (RM2.22/sqft, n=12) | Puchong | CORRECTED (audit 19/07/2026): Unfurnished 1200.0->950 -- tier re-derived from Partial per prompt's known-tier ratio (original PSF-fallback figure was inverted)",10/4/2026,RSS,https://telegram.me/rumahsubsaleklselangorbynuruls/1067
Magna Ville Condominium,Selayang,Selayang,Condominium,2,2.0,1001,Leasehold,289000,1318,1850,532,2400,1082,2900,1582,9.97,12.04,🟢 Strong,52570,5,3,3,56.0,173.9,475.1,11.2,17.4,23.8,352289,143994,91424,63840,129840,189840,14766,76658,"[Unfurnished] Area PSF Avg, Strata all sizes (RM1.86/sqft, n=3) | Selayang | [Partial] Area PSF Avg, Strata all sizes (RM2.40/sqft, n=4) | Selayang | [Fully] Area PSF Avg, Strata all sizes (RM1.95/sqft, n=5) | Selayang | CORRECTED (audit 19/07/2026): Fully 1950.0->2900 -- tier re-derived from Partial per prompt's known-tier ratio (original PSF-fallback figure was inverted)",12/7/2026,EXP,https://telegram.me/extremeproperty_listing/13859
Apartment Kelisa Ria,Kajang,Kajang,Apartment,3,1.0,800,Leasehold,160000,730,950,220,1100,370,1350,620,8.25,10.12,🟢 Strong,35800,6,5,4,26.8,122.8,367.9,5.4,12.3,18.4,195039,79767,43967,26400,44400,74400,9514,34453,"[Unfurnished] Area PSF Avg, Strata all sizes (RM1.57/sqft, n=8) | Kajang | [Partial] Area PSF Avg, Strata all sizes (RM1.40/sqft, n=21) | Kajang | [Fully] Area PSF Avg, Strata all sizes (RM1.69/sqft, n=13) | Kajang | CORRECTED (audit 19/07/2026): Unfurnished 1250.0->950 -- tier re-derived from Partial per prompt's known-tier ratio (original PSF-fallback figure was inverted)",12/7/2026,RSS,https://telegram.me/rumahsubsaleklselangorbynuruls/567
Apartment Pinggiran Batu Caves,Selayang,"Taman Pinggiran Batu Caves, Batu Caves",Apartment,2,1.0,650,Leasehold,150000,684,1200,516,1550,866,1850,1166,12.4,14.8,🟢 Strong,34500,4,3,3,23.3,116.6,354.7,4.7,11.7,17.7,182849,74725,40225,61920,103920,139920,9107,31118,"[Unfurnished] Area PSF Avg, Strata all sizes (RM1.86/sqft, n=3) | Selayang | [Partial] Area PSF Avg, Strata all sizes (RM2.40/sqft, n=4) | Selayang | [Fully] Area PSF Avg, Strata all sizes (RM1.95/sqft, n=5) | Selayang | CORRECTED (audit 19/07/2026): Fully 1250.0->1850 -- tier re-derived from Partial per prompt's known-tier ratio (original PSF-fallback figure was inverted)",3/5/2026,EXP,https://telegram.me/extremeproperty_listing/17308
Amara Residences,Selayang,Batu Caves,Service Residence,3,2.0,1100,Freehold,337000,1537,2050,513,2650,1113,3200,1663,9.44,11.39,🟢 Strong,58810,5,3,3,62.6,185.5,499.5,12.5,18.6,25.0,410801,167924,109114,61560,133560,199560,16721,92393,"[Unfurnished] Area PSF Avg, Strata all sizes (RM1.86/sqft, n=3) | Selayang | [Partial] Area PSF Avg, Strata all sizes (RM2.40/sqft, n=4) | Selayang | [Fully] Area PSF Avg, Strata all sizes (RM1.95/sqft, n=5) | Selayang | CORRECTED (audit 19/07/2026): Fully 2150.0->3200 -- tier re-derived from Partial per prompt's known-tier ratio (original PSF-fallback figure was inverted)",12/7/2026,EXP,https://telegram.me/extremeproperty_listing/11541
Perdana Villa,Kuala Lumpur,Pandan Perdana,Apartment,3,2.0,827,Leasehold,220000,1003,1500,497,1650,647,2500,1497,9,13.64,🟢 Strong,43600,5,4,2,43.1,151.3,427.6,8.6,15.1,21.4,268179,109566,65966,59640,77640,179640,11957,54009,"[Unfurnished] Area PSF Avg, Strata all sizes (RM1.84/sqft, n=3) | Kuala Lumpur | [Partial] Area PSF Avg, Strata all sizes (RM2.00/sqft, n=25) | Kuala Lumpur | [Fully] Area PSF Avg, Strata all sizes (RM3.00/sqft, n=58) | Kuala Lumpur",20/4/2026,EXP,https://telegram.me/extremeproperty_listing/16635
Fortune Park,Seri Kembangan,Seri Kembangan,Apartment,3,2.0,1109,Leasehold,279000,1272,1150,-122,1300,28,3150,1878,5.59,13.55,🟢 Strong,51270,11,9,2,54.3,171.0,469.0,10.9,17.1,23.4,340099,138952,87682,-14640,3360,225360,14359,73323,"[Unfurnished] Citywide PSF Avg, Strata all sizes (RM1.56/sqft, n=47) | Citywide | [Partial] Area PSF Avg, Strata all sizes (RM1.17/sqft, n=4) | Seri Kembangan | [Fully] Area PSF Avg, Strata all sizes (RM2.85/sqft, n=10) | Seri Kembangan | CORRECTED (audit 19/07/2026): Unfurnished 1750.0->1150 -- tier re-derived from Partial per prompt's known-tier ratio (original PSF-fallback figure was inverted)",12/7/2026,RSS,https://telegram.me/rumahsubsaleklselangorbynuruls/789
South City Apartment,Seri Kembangan,Taman Serdang Perdana,Apartment,3,2.0,1046,Leasehold,266000,1213,1050,-163,1200,-13,3000,1787,5.41,13.53,🟢 Strong,49580,13,9,2,52.2,167.3,461.2,10.4,16.7,23.1,324253,132518,82938,-19560,-1560,214440,13830,69108,"[Unfurnished] Citywide PSF Avg, Strata all sizes (RM1.56/sqft, n=47) | Citywide | [Partial] Area PSF Avg, Strata all sizes (RM1.17/sqft, n=4) | Seri Kembangan | [Fully] Area PSF Avg, Strata all sizes (RM2.85/sqft, n=10) | Seri Kembangan | CORRECTED (audit 19/07/2026): Unfurnished 1650.0->1050 -- tier re-derived from Partial per prompt's known-tier ratio (original PSF-fallback figure was inverted)",12/7/2026,EXP,https://telegram.me/extremeproperty_listing/9604
Apartment Teratai,Puchong,Taman Putra Perdana,Apartment,3,2.0,751,Leasehold,168000,766,950,184,1100,334,1650,884,7.86,11.79,🟢 Strong,36840,7,5,3,29.3,127.1,376.9,5.9,12.7,18.8,204791,83679,46839,22080,40080,106080,9840,36999,"[Unfurnished] Area PSF Avg, Strata all sizes (RM1.61/sqft, n=3) | Puchong | [Partial] Area PSF Avg, Strata all sizes (RM1.48/sqft, n=15) | Puchong | [Fully] Area PSF Avg, Strata all sizes (RM2.22/sqft, n=12) | Puchong | CORRECTED (audit 19/07/2026): Unfurnished 1200.0->950 -- tier re-derived from Partial per prompt's known-tier ratio (original PSF-fallback figure was inverted)",12/7/2026,EXP,https://telegram.me/extremeproperty_listing/9301
Semi-Detached House Meru,Klang,Meru,Semi Detached,4,3.0,2400,Freehold,510000,2326,2750,424,3000,674,3400,1074,7.06,8,🟢 Strong,81400,4,4,3,130.1,332.2,871.1,26.0,33.2,43.6,719405,351842,270442,50880,80880,128880,27028,243414,"[Unfurnished] Area PSF Avg, Landed >=1500sqft (RM1.15/sqft, n=3) | Klang | [Partial] Citywide PSF Avg, Landed >=1500sqft (RM1.25/sqft, n=29) | Citywide | [Fully] Citywide PSF Avg, Landed >=1500sqft (RM1.41/sqft, n=14) | Citywide",12/7/2026,MMN,https://telegram.me/HaniMNListingSubsale/15
Bungalow Taman Bandar Puteri,Rawang,Bandar Tasik Puteri,Bungalow,3,3.0,4000,Freehold,850000,3876,4300,424,5000,1124,5650,1774,7.06,7.98,🟢 Strong,129000,4,3,3,142.0,354.5,921.1,28.4,35.4,46.1,1199009,586303,457303,50880,134880,212880,43047,414256,"[Unfurnished] Citywide PSF Avg, Landed >=1500sqft (RM1.07/sqft, n=13) | Citywide | [Partial] Citywide PSF Avg, Landed >=1500sqft (RM1.25/sqft, n=29) | Citywide | [Fully] Citywide PSF Avg, Landed >=1500sqft (RM1.41/sqft, n=14) | Citywide",15/5/2026,EXP,https://telegram.me/extremeproperty_listing/17512
Suria Mewah Residensi,Kajang,Semenyih,Apartment,4,2.0,1052,Freehold,270000,1231,1250,19,1450,219,1800,569,6.44,8,🟢 Strong,50100,9,7,5,52.8,168.4,463.5,10.6,16.8,23.2,329128,134474,84374,2280,26280,68280,13993,70381,"[Unfurnished] Area PSF Avg, Strata all sizes (RM1.57/sqft, n=8) | Kajang | [Partial] Area PSF Avg, Strata all sizes (RM1.40/sqft, n=21) | Kajang | [Fully] Area PSF Avg, Strata all sizes (RM1.69/sqft, n=13) | Kajang | CORRECTED (audit 19/07/2026): Unfurnished 1650.0->1250 -- tier re-derived from Partial per prompt's known-tier ratio (original PSF-fallback figure was inverted)",12/7/2026,EXP,https://telegram.me/extremeproperty_listing/13663
Antara Apartment,Ampang,Taman Mulia Jaya,Apartment,3,2.0,829,Leasehold,175000,798,1200,402,1400,602,1700,902,9.6,11.66,🟢 Strong,37750,5,4,3,31.5,130.9,384.8,6.3,13.1,19.2,213324,87179,49429,48240,72240,108240,10125,39304,[Partial] Exact - 1 listing(s) | Antara Apartment | [Unfurnished] Est. from Partial; [Fully] Est. from Partial,10/7/2026,EXP,https://telegram.me/extremeproperty_listing/14283
Pangsapuri Bayu Suria,Seri Kembangan,Seri Kembangan,Apartment,3,2.0,1100,Leasehold,285000,1300,1150,-150,1300,0,3150,1850,5.47,13.26,🟢 Strong,52050,12,9,2,55.4,172.9,473.0,11.1,17.3,23.6,347413,142037,89987,-18000,0,222000,14604,75383,"[Unfurnished] Citywide PSF Avg, Strata all sizes (RM1.56/sqft, n=47) | Citywide | [Partial] Area PSF Avg, Strata all sizes (RM1.17/sqft, n=4) | Seri Kembangan | [Fully] Area PSF Avg, Strata all sizes (RM2.85/sqft, n=10) | Seri Kembangan | CORRECTED (audit 19/07/2026): Unfurnished 1700.0->1150 -- tier re-derived from Partial per prompt's known-tier ratio (original PSF-fallback figure was inverted)",12/7/2026,EXP,https://telegram.me/extremeproperty_listing/9278
Melur Apartment,Kuala Lumpur,Bandar Baru Sentul,Apartment,3,2.0,1016,Leasehold 60 Years,320000,1459,1850,391,2050,591,3050,1591,7.69,11.44,🟢 Strong,56600,5,5,3,60.3,181.6,491.2,12.1,18.2,24.6,390078,159382,102782,46920,70920,190920,16029,86753,"[Unfurnished] Area PSF Avg, Strata all sizes (RM1.84/sqft, n=3) | Kuala Lumpur | [Partial] Area PSF Avg, Strata all sizes (RM2.00/sqft, n=25) | Kuala Lumpur | [Fully] Area PSF Avg, Strata all sizes (RM3.00/sqft, n=58) | Kuala Lumpur",8/6/2026,EXP,https://telegram.me/extremeproperty_listing/18116
Apartment Seri Melati,Rawang,Bandar Sri Putra,Apartment,3,2.0,789,Freehold,190000,866,1250,384,1400,534,2000,1134,8.84,12.63,🟢 Strong,39700,5,4,3,35.7,138.3,400.2,7.1,13.8,20.0,231609,94591,54891,46080,64080,136080,10736,44155,"[Unfurnished] Citywide PSF Avg, Strata all sizes (RM1.56/sqft, n=47) | Citywide | [Partial] Citywide PSF Avg, Strata all sizes (RM1.76/sqft, n=156) | Citywide | [Fully] Citywide PSF Avg, Strata all sizes (RM2.54/sqft, n=235) | Citywide",12/7/2026,EXP,https://telegram.me/extremeproperty_listing/13035
Mutiara Fadason Apartment,Kuala Lumpur,Jinjang,Apartment,3,2.0,650,Leasehold,180000,821,1200,379,1300,479,1950,1129,8.67,13,🟢 Strong,38400,5,5,3,33.0,133.6,390.5,6.6,13.4,19.5,219419,89700,51300,45480,57480,135480,10329,40971,"[Unfurnished] Area PSF Avg, Strata all sizes (RM1.84/sqft, n=3) | Kuala Lumpur | [Partial] Area PSF Avg, Strata all sizes (RM2.00/sqft, n=25) | Kuala Lumpur | [Fully] Area PSF Avg, Strata all sizes (RM3.00/sqft, n=58) | Kuala Lumpur",12/7/2026,EXP,https://telegram.me/extremeproperty_listing/10132
Prima Tiara II,Kuala Lumpur,Segambut,Apartment,3,2.0,926,Freehold,290000,1322,1700,378,2200,878,2650,1328,9.1,10.97,🟢 Strong,52700,5,4,3,56.0,174.0,475.2,11.2,17.4,23.8,353508,144407,91707,45360,105360,159360,14807,76900,"[Unfurnished] Area PSF Avg, Strata all sizes (RM1.84/sqft, n=3) | Kuala Lumpur | [Partial] Zone PSF Avg, Strata all sizes (RM2.40/sqft, n=3) | Segambut | [Fully] Zone PSF Avg, Strata all sizes (RM1.75/sqft, n=7) | Segambut | CORRECTED (audit 19/07/2026): Fully 1600.0->2650 -- tier re-derived from Partial per prompt's known-tier ratio (original PSF-fallback figure was inverted)",10/6/2026,EXP,https://telegram.me/extremeproperty_listing/18409
Pangsapuri Mutiara Subang,Shah Alam,Subang Bestari (Seksyen U5),Apartment,3,2.0,850,Leasehold,260000,1186,1250,64,1450,264,2250,1064,6.69,10.38,🟢 Strong,48800,8,6,3,51.2,165.5,457.5,10.2,16.6,22.9,316939,129583,80783,7680,31680,127680,13586,67197,"[Unfurnished] Area PSF Avg, Strata all sizes (RM1.83/sqft, n=6) | Shah Alam | [Partial] Area PSF Avg, Strata all sizes (RM1.71/sqft, n=21) | Shah Alam | [Fully] Area PSF Avg, Strata all sizes (RM2.66/sqft, n=18) | Shah Alam | CORRECTED (audit 19/07/2026): Unfurnished 1550.0->1250 -- tier re-derived from Partial per prompt's known-tier ratio (original PSF-fallback figure was inverted)",2/4/2026,MMN,https://telegram.me/HaniMNListingSubsale/429
Jasmin Court,Puchong,Bandar Puchong Jaya,Apartment,3,2.0,926,Freehold,250000,1140,1150,10,1350,210,2050,910,6.48,9.84,🟢 Strong,47500,9,7,3,49.3,162.2,450.5,9.9,16.2,22.5,304749,124541,77041,1200,25200,109200,13179,63862,"[Unfurnished] Area PSF Avg, Strata all sizes (RM1.61/sqft, n=3) | Puchong | [Partial] Area PSF Avg, Strata all sizes (RM1.48/sqft, n=15) | Puchong | [Fully] Area PSF Avg, Strata all sizes (RM2.22/sqft, n=12) | Puchong | CORRECTED (audit 19/07/2026): Unfurnished 1500.0->1150 -- tier re-derived from Partial per prompt's known-tier ratio (original PSF-fallback figure was inverted)",21/6/2026,EXP,https://telegram.me/extremeproperty_listing/14277
One Sierra Apartment,Selayang,Selayang,Apartment,3,2.0,767,Leasehold,230000,1049,1400,351,1850,801,2200,1151,9.65,11.48,🟢 Strong,44900,5,4,3,45.3,155.3,435.9,9.1,15.5,21.8,280369,114608,69708,42120,96120,138120,12364,57344,"[Unfurnished] Area PSF Avg, Strata all sizes (RM1.86/sqft, n=3) | Selayang | [Partial] Area PSF Avg, Strata all sizes (RM2.40/sqft, n=4) | Selayang | [Fully] Area PSF Avg, Strata all sizes (RM1.95/sqft, n=5) | Selayang | CORRECTED (audit 19/07/2026): Fully 1500.0->2200 -- tier re-derived from Partial per prompt's known-tier ratio (original PSF-fallback figure was inverted)",12/7/2026,EXP,https://telegram.me/extremeproperty_listing/11953
Vesta View Apartment,Kajang,Taman Impian Putra / Bandar Seri Putra,Apartment,3,3.0,1044,Freehold,285000,1300,1250,-50,1450,150,1750,450,6.11,7.37,🟢 Strong,52050,10,7,5,55.4,172.9,473.0,11.1,17.3,23.6,347413,142037,89987,-6000,18000,54000,14604,75383,"[Unfurnished] Area PSF Avg, Strata all sizes (RM1.57/sqft, n=8) | Kajang | [Partial] Area PSF Avg, Strata all sizes (RM1.40/sqft, n=21) | Kajang | [Fully] Area PSF Avg, Strata all sizes (RM1.69/sqft, n=13) | Kajang | CORRECTED (audit 19/07/2026): Unfurnished 1650.0->1250 -- tier re-derived from Partial per prompt's known-tier ratio (original PSF-fallback figure was inverted)",20/4/2026,RSS,https://telegram.me/rumahsubsaleklselangorbynuruls/1138
Pr1ma Seremban Sentral @ Seremban,Nilai,Bukit Rasah,Apartment,3,2.0,1033,Freehold,275000,1254,1600,346,1800,546,2150,896,7.85,9.38,🟢 Strong,50750,6,5,4,53.7,169.9,466.7,10.7,17.0,23.3,335223,136995,86245,41520,65520,107520,14196,72049,"[Unfurnished] Citywide PSF Avg, Strata all sizes (RM1.56/sqft, n=47) | Citywide | [Partial] Citywide PSF Avg, Strata all sizes (RM1.76/sqft, n=156) | Citywide | [Fully] Area PSF Avg, Strata all sizes (RM1.33/sqft, n=5) | Nilai | CORRECTED (audit 19/07/2026): Fully 1350.0->2150 -- tier re-derived from Partial per prompt's known-tier ratio (original PSF-fallback figure was inverted)",25/5/2026,EXP,https://telegram.me/extremeproperty_listing/17944
Blok Dahlia,Rawang,Taman Tun Teja,Apartment,3,1.0,650,Leasehold,145000,661,1000,339,1150,489,1650,989,9.52,13.66,🟢 Strong,33850,5,4,3,21.5,113.3,347.8,4.3,11.3,17.4,176754,72204,38354,40680,58680,118680,8904,29450,"[Unfurnished] Citywide PSF Avg, Strata all sizes (RM1.56/sqft, n=47) | Citywide | [Partial] Citywide PSF Avg, Strata all sizes (RM1.76/sqft, n=156) | Citywide | [Fully] Citywide PSF Avg, Strata all sizes (RM2.54/sqft, n=235) | Citywide",12/7/2026,LNS,https://telegram.me/ListingNikkSyafiq/174
Shop Apartment Taman Keramat Permai,Kuala Lumpur,Setiawangsa,Shop Apartment,3,1.0,650,Leasehold,190000,866,1200,334,1300,434,1950,1084,8.21,12.32,🟢 Strong,39700,5,5,3,35.7,138.3,400.2,7.1,13.8,20.0,231609,94591,54891,40080,52080,130080,10736,44155,"[Unfurnished] Area PSF Avg, Strata all sizes (RM1.84/sqft, n=3) | Kuala Lumpur | [Partial] Area PSF Avg, Strata all sizes (RM2.00/sqft, n=25) | Kuala Lumpur | [Fully] Area PSF Avg, Strata all sizes (RM3.00/sqft, n=58) | Kuala Lumpur",12/7/2026,EXP,https://telegram.me/extremeproperty_listing/4801
Sri Bayu Apartment,Klang,Pulau Indah,Apartment,3,2.0,900,Leasehold,235000,1072,1050,-22,1200,128,2300,1228,6.13,11.74,🟢 Strong,45550,10,7,3,46.4,157.1,439.9,9.3,15.7,22.0,286464,117129,71579,-2640,15360,147360,12568,59011,"[Unfurnished] Citywide PSF Avg, Strata all sizes (RM1.56/sqft, n=47) | Citywide | [Partial] Area PSF Avg, Strata all sizes (RM1.34/sqft, n=6) | Klang | [Fully] Citywide PSF Avg, Strata all sizes (RM2.54/sqft, n=235) | Citywide | CORRECTED (audit 19/07/2026): Unfurnished 1400.0->1050 -- tier re-derived from Partial per prompt's known-tier ratio (original PSF-fallback figure was inverted)",12/7/2026,EXP,https://telegram.me/extremeproperty_listing/10859
2 Storey Terrace Bandar Tasik Puteri Blok 3,Rawang,Bandar Tasik Puteri,2 Storey Terrace,4,3.0,1450,Leasehold,290000,1322,1650,328,1900,578,2050,728,7.86,8.48,🟢 Strong,52700,4,4,3,102.0,279.5,752.5,20.4,27.9,37.6,409074,199972,147272,39360,69360,87360,16663,130609,"[Unfurnished] Citywide PSF Avg, Landed all sizes (RM1.15/sqft, n=15) | Citywide | [Partial] Citywide PSF Avg, Landed all sizes (RM1.32/sqft, n=31) | Citywide | [Fully] Citywide PSF Avg, Landed all sizes (RM1.41/sqft, n=14) | Citywide",21/6/2026,MMN,https://telegram.me/HaniMNListingSubsale/597
Apartment Sri Selayang,Selayang,Sri Selayang,Apartment,3,2.0,900,Leasehold,290000,1322,1650,328,2150,828,2600,1278,8.9,10.76,🟢 Strong,52700,6,4,3,56.0,174.0,475.2,11.2,17.4,23.8,353508,144407,91707,39360,99360,153360,14807,76900,"[Unfurnished] Area PSF Avg, Strata all sizes (RM1.86/sqft, n=3) | Selayang | [Partial] Area PSF Avg, Strata all sizes (RM2.40/sqft, n=4) | Selayang | [Fully] Area PSF Avg, Strata all sizes (RM1.95/sqft, n=5) | Selayang | CORRECTED (audit 19/07/2026): Fully 1750.0->2600 -- tier re-derived from Partial per prompt's known-tier ratio (original PSF-fallback figure was inverted)",12/7/2026,EXP,https://telegram.me/extremeproperty_listing/7959
Desa Tasik Apartment Phase 1A,Kuala Lumpur,Sungai Besi,Apartment,3,2.0,893,Leasehold,290000,1322,1650,328,1800,478,2100,778,7.45,8.69,🟢 Strong,52700,6,5,4,56.0,174.0,475.2,11.2,17.4,23.8,353508,144407,91707,39360,57360,93360,14807,76900,"[Unfurnished] Area PSF Avg, Strata all sizes (RM1.84/sqft, n=3) | Kuala Lumpur | [Partial] Area PSF Avg, Strata all sizes (RM2.00/sqft, n=25) | Kuala Lumpur | [Fully] Zone PSF Avg, Strata all sizes (RM2.38/sqft, n=3) | Sungai Besi",10/4/2026,EXP,https://telegram.me/extremeproperty_listing/16368
Sri Mutiara Apartment,Kuala Lumpur,Pudu,Apartment,2,2.0,815,Freehold,260000,1186,1500,314,1650,464,2800,1614,7.62,12.92,🟢 Strong,48800,6,5,2,51.2,165.5,457.5,10.2,16.6,22.9,316939,129583,80783,37680,55680,193680,13586,67197,"[Unfurnished] Area PSF Avg, Strata all sizes (RM1.84/sqft, n=3) | Kuala Lumpur | [Partial] Area PSF Avg, Strata all sizes (RM2.00/sqft, n=25) | Kuala Lumpur | [Fully] Zone PSF Avg, Strata all sizes (RM3.45/sqft, n=3) | Pudu",28/6/2026,EXP,https://telegram.me/extremeproperty_listing/19233
Pelangi Damansara,Petaling Jaya / Damansara,Damansara,Apartment,3,2.0,656,Leasehold,240000,1094,1400,306,1600,506,1750,656,8,8.75,🟢 Strong,46200,6,5,4,47.3,158.7,443.0,9.5,15.9,22.1,292559,119499,73299,36720,60720,78720,12771,60528,[Unfurnished] Exact - 1 listing(s) | Pelangi Damansara | [Partial] Est. from Unfurnished; [Fully] Est. from Unfurnished,20/4/2026,MMN,https://telegram.me/HaniMNListingSubsale/498
Langat Jaya Condominium,Cheras,Cheras Selatan,Condominium,3,2.0,936,Freehold,285000,1300,1600,300,1900,600,2450,1150,8,10.32,🟢 Strong,52050,6,4,3,55.4,172.9,473.0,11.1,17.3,23.6,347413,142037,89987,36000,72000,138000,14604,75383,"[Unfurnished] Area PSF Avg, Strata all sizes (RM1.71/sqft, n=4) | Cheras | [Partial] Area PSF Avg, Strata all sizes (RM2.05/sqft, n=15) | Cheras | [Fully] Area PSF Avg, Strata all sizes (RM2.64/sqft, n=23) | Cheras",12/7/2026,RSS,https://telegram.me/rumahsubsaleklselangorbynuruls/493
Persanda 3 Apartment,Shah Alam,Seksyen 13,Apartment,3,2.0,928,Leasehold,310000,1414,1400,-14,1600,186,1700,286,6.19,6.58,🟡 Neutral,55300,9,7,6,59.1,179.4,486.6,11.8,17.9,24.3,377888,154491,99191,-1680,22320,34320,15621,83570,"[Unfurnished] Area PSF Avg, Strata all sizes (RM1.83/sqft, n=6) | Shah Alam | [Partial] Area PSF Avg, Strata all sizes (RM1.71/sqft, n=21) | Shah Alam | [Fully] Web - 1 listing(s), same-project match (RM1700/mo, 928sqft) | Cari.la (vs Area PSF est. RM2450 - flagged, material gap) | CORRECTED (audit 19/07/2026): Unfurnished 1700.0->1400 -- tier re-derived from Partial per prompt's known-tier ratio (original PSF-fallback figure was inverted)",2/4/2026,MMN,https://telegram.me/HaniMNListingSubsale/449
The Wharf Puchong Lake View,Puchong,Puchong Lake View,Condominium,3,2.0,1176,Leasehold,355000,1619,1500,-119,1750,131,2600,981,5.92,8.79,🟢 Strong,61150,10,7,4,64.7,189.3,507.3,12.9,18.9,25.4,432743,176879,115729,-14280,15720,117720,17454,98275,"[Unfurnished] Area PSF Avg, Strata all sizes (RM1.61/sqft, n=3) | Puchong | [Partial] Area PSF Avg, Strata all sizes (RM1.48/sqft, n=15) | Puchong | [Fully] Area PSF Avg, Strata all sizes (RM2.22/sqft, n=12) | Puchong | CORRECTED (audit 19/07/2026): Unfurnished 1900.0->1500 -- tier re-derived from Partial per prompt's known-tier ratio (original PSF-fallback figure was inverted)",12/7/2026,RSS,https://telegram.me/rumahsubsaleklselangorbynuruls/595
Pangsapuri Kos Rendah Bandar Tasik Selatan,Cheras,Bandar Tasik Selatan,Apartment,3,2.0,655,Leasehold,180000,821,1100,279,1200,379,1750,929,8,11.67,🟢 Strong,38400,6,5,3,33.0,133.6,390.5,6.6,13.4,19.5,219419,89700,51300,33480,45480,111480,10329,40971,"[Unfurnished] Area PSF Avg, Strata all sizes (RM1.71/sqft, n=4) | Cheras | [Partial] Zone PSF Avg, Strata all sizes (RM1.80/sqft, n=3) | Bandar Tasik Selatan | [Fully] Area PSF Avg, Strata all sizes (RM2.64/sqft, n=23) | Cheras",12/7/2026,EXP,https://telegram.me/extremeproperty_listing/9310
Pangsapuri Indah Mas,Cheras,Taman Ikan Emas,Apartment,3,1.0,780,Leasehold,235000,1072,1350,278,1600,528,2050,978,8.17,10.47,🟢 Strong,45550,6,5,3,46.4,157.1,439.9,9.3,15.7,22.0,286464,117129,71579,33360,63360,117360,12568,59011,"[Unfurnished] Area PSF Avg, Strata all sizes (RM1.71/sqft, n=4) | Cheras | [Partial] Area PSF Avg, Strata all sizes (RM2.05/sqft, n=15) | Cheras | [Fully] Area PSF Avg, Strata all sizes (RM2.64/sqft, n=23) | Cheras",12/7/2026,EXP,https://telegram.me/extremeproperty_listing/13870
Dahlia Apartment @ Seremban 2,Nilai,Seremban 2,Apartment,3,2.0,642,Freehold,160000,730,1000,270,1150,420,1400,670,8.62,10.5,🟢 Strong,35800,6,5,4,26.8,122.8,367.9,5.4,12.3,18.4,195039,79767,43967,32400,50400,80400,9514,34453,"[Unfurnished] Citywide PSF Avg, Strata all sizes (RM1.56/sqft, n=47) | Citywide | [Partial] Citywide PSF Avg, Strata all sizes (RM1.76/sqft, n=156) | Citywide | [Fully] Area PSF Avg, Strata all sizes (RM1.33/sqft, n=5) | Nilai | CORRECTED (audit 19/07/2026): Fully 850.0->1400 -- tier re-derived from Partial per prompt's known-tier ratio (original PSF-fallback figure was inverted)",25/5/2026,EXP,https://telegram.me/extremeproperty_listing/17923
City Height Apartment,Kajang,Kajang,Apartment,3,2.0,833,Freehold,230000,1049,1000,-49,1150,101,1400,351,6,7.3,🟢 Strong,44900,11,8,5,45.3,155.3,435.9,9.1,15.5,21.8,280369,114608,69708,-5880,12120,42120,12364,57344,"[Unfurnished] Area PSF Avg, Strata all sizes (RM1.57/sqft, n=8) | Kajang | [Partial] Area PSF Avg, Strata all sizes (RM1.40/sqft, n=21) | Kajang | [Fully] Area PSF Avg, Strata all sizes (RM1.69/sqft, n=13) | Kajang | CORRECTED (audit 19/07/2026): Unfurnished 1300.0->1000 -- tier re-derived from Partial per prompt's known-tier ratio (original PSF-fallback figure was inverted)",12/7/2026,RSS,https://telegram.me/rumahsubsaleklselangorbynuruls/541
Flat PKNS,Shah Alam,Seksyen 17,Flat,2,1.0,592,Leasehold,187000,853,850,-3,1000,147,1600,747,6.42,10.27,🟢 Strong,39310,10,7,4,35.0,137.1,397.8,7.0,13.7,19.9,227952,93199,53889,-360,17640,89640,10614,43275,"[Unfurnished] Area PSF Avg, Strata all sizes (RM1.83/sqft, n=6) | Shah Alam | [Partial] Area PSF Avg, Strata all sizes (RM1.71/sqft, n=21) | Shah Alam | [Fully] Area PSF Avg, Strata all sizes (RM2.66/sqft, n=18) | Shah Alam | CORRECTED (audit 19/07/2026): Unfurnished 1100.0->850 -- tier re-derived from Partial per prompt's known-tier ratio (original PSF-fallback figure was inverted)",12/7/2026,EXP,https://telegram.me/extremeproperty_listing/14478
Antara Apartment,Ampang,Taman Mulia Jaya,Apartment,3,2.0,921,Leasehold,210000,958,1200,242,1400,442,1700,742,8,9.71,🟢 Strong,42300,6,5,4,40.9,147.5,419.6,8.2,14.7,21.0,255989,104675,62375,29040,53040,89040,11550,50825,[Partial] Exact - 1 listing(s) | Antara Apartment | [Unfurnished] Est. from Partial; [Fully] Est. from Partial,30/6/2026,EXP,https://telegram.me/extremeproperty_listing/19281
Shop Apartment Bandar Baru Ampang,Ampang,Bandar Baru Ampang,Shop Apartment,3,1.0,732,Leasehold,200000,912,1150,238,1700,788,2450,1538,10.2,14.7,🟢 Strong,41000,6,4,2,38.4,143.0,410.2,7.7,14.3,20.5,243799,99633,58633,28560,94560,184560,11143,47490,"[Unfurnished] Citywide PSF Avg, Strata all sizes (RM1.56/sqft, n=47) | Citywide | [Partial] Area PSF Avg, Strata all sizes (RM2.36/sqft, n=8) | Ampang | [Fully] Area PSF Avg, Strata all sizes (RM3.33/sqft, n=20) | Ampang",12/7/2026,EXP,https://telegram.me/extremeproperty_listing/9891
Pangsapuri Sri Indah,Seri Kembangan,Persiaran Lestari Perdana,Flat,3,1.0,650,Leasehold,170000,775,650,-125,750,-25,1850,1075,5.29,13.06,🟢 Strong,37100,16,11,3,29.9,128.2,379.0,6.0,12.8,19.0,207229,84658,47558,-15000,-3000,129000,9921,37637,"[Unfurnished] Citywide PSF Avg, Strata all sizes (RM1.56/sqft, n=47) | Citywide | [Partial] Area PSF Avg, Strata all sizes (RM1.17/sqft, n=4) | Seri Kembangan | [Fully] Area PSF Avg, Strata all sizes (RM2.85/sqft, n=10) | Seri Kembangan | CORRECTED (audit 19/07/2026): Unfurnished 1000.0->650 -- tier re-derived from Partial per prompt's known-tier ratio (original PSF-fallback figure was inverted)",3/7/2026,DPM,https://telegram.me/DeePropmall/2491
Residensi PR1MA Alam Damai,Cheras,Alam Damai,Apartment,3,2.0,995,Leasehold,325000,1482,1700,218,2050,568,2600,1118,7.57,9.6,🟢 Strong,57250,7,5,3,61.0,182.8,493.7,12.2,18.3,24.7,396173,161903,104653,26160,68160,134160,16232,88421,"[Unfurnished] Area PSF Avg, Strata all sizes (RM1.71/sqft, n=4) | Cheras | [Partial] Area PSF Avg, Strata all sizes (RM2.05/sqft, n=15) | Cheras | [Fully] Area PSF Avg, Strata all sizes (RM2.64/sqft, n=23) | Cheras",12/7/2026,EXP,https://telegram.me/extremeproperty_listing/10799
Aman Dua Apartment,Kuala Lumpur,Desa Aman Puri,Apartment,3,2.0,837,Freehold,300000,1368,1550,182,1650,282,2500,1132,6.6,10,🟢 Strong,54000,7,6,3,57.6,176.8,481.0,11.5,17.7,24.1,365698,149449,95449,21840,33840,135840,15214,80235,"[Unfurnished] Area PSF Avg, Strata all sizes (RM1.84/sqft, n=3) | Kuala Lumpur | [Partial] Area PSF Avg, Strata all sizes (RM2.00/sqft, n=25) | Kuala Lumpur | [Fully] Area PSF Avg, Strata all sizes (RM3.00/sqft, n=58) | Kuala Lumpur",10/4/2026,EXP,https://telegram.me/extremeproperty_listing/16318
Saujana Puchong,Puchong,Saujana Puchong,Landed,7,5.0,3350,Leasehold,750000,3420,3600,180,4200,780,4700,1280,6.72,7.52,🟢 Strong,115000,4,4,3,139.5,349.8,910.7,27.9,35.0,45.5,1057949,517326,402326,21600,93600,153600,38335,363991,"[Unfurnished] Citywide PSF Avg, Landed >=1500sqft (RM1.07/sqft, n=13) | Citywide | [Partial] Citywide PSF Avg, Landed >=1500sqft (RM1.25/sqft, n=29) | Citywide | [Fully] Citywide PSF Avg, Landed >=1500sqft (RM1.41/sqft, n=14) | Citywide",10/7/2026,EXP,https://telegram.me/extremeproperty_listing/19591
Flat Taman Nirwana,Ampang,Taman Nirwana,Flat,2,1.0,600,Leasehold,170000,775,950,175,1400,625,2000,1225,9.88,14.12,🟢 Strong,37100,7,4,3,29.9,128.2,379.0,6.0,12.8,19.0,207229,84658,47558,21000,75000,147000,9921,37637,"[Unfurnished] Citywide PSF Avg, Strata all sizes (RM1.56/sqft, n=47) | Citywide | [Partial] Area PSF Avg, Strata all sizes (RM2.36/sqft, n=8) | Ampang | [Fully] Area PSF Avg, Strata all sizes (RM3.33/sqft, n=20) | Ampang",12/7/2026,EXP,https://telegram.me/extremeproperty_listing/11700
Puteri Court Condominium,Ampang,Jalan Taman Putera,Condominium,4,2.0,1200,Leasehold,380000,1733,1900,167,2850,1117,4000,2267,9,12.63,🟢 Strong,64400,7,4,2,67.4,194.0,517.3,13.5,19.4,25.9,463218,189333,124933,20040,134040,272040,18471,106462,"[Unfurnished] Citywide PSF Avg, Strata all sizes (RM1.56/sqft, n=47) | Citywide | [Partial] Area PSF Avg, Strata all sizes (RM2.36/sqft, n=8) | Ampang | [Fully] Area PSF Avg, Strata all sizes (RM3.33/sqft, n=20) | Ampang",12/7/2026,EXP,https://telegram.me/extremeproperty_listing/13624
Suria Jaya e-SOFO,Shah Alam,Seksyen 16 / Padang Jawa,Condominium,1,2.0,430,Leasehold,195000,889,1050,161,1200,311,1450,561,7.38,8.92,🟢 Strong,40350,7,6,4,37.0,140.7,405.2,7.4,14.1,20.3,237704,97112,56762,19320,37320,67320,10939,45823,[Partial] Exact - 1 listing(s) | Suria Jaya e-Sofo | [Unfurnished] Est. from Partial; [Fully] Est. from Partial,2/5/2025,EXP,https://telegram.me/extremeproperty_listing/13535
Makmur Apartment,Subang Jaya,Bandar Sunway,Apartment,3,2.0,839,Leasehold,250000,1140,1300,160,1500,360,2800,1660,7.2,13.44,🟢 Strong,47500,7,5,2,49.3,162.2,450.5,9.9,16.2,22.5,304749,124541,77041,19200,43200,199200,13179,63862,"[Unfurnished] Citywide PSF Avg, Strata all sizes (RM1.56/sqft, n=47) | Citywide | [Partial] Citywide PSF Avg, Strata all sizes (RM1.76/sqft, n=156) | Citywide | [Fully] Area PSF Avg, Strata all sizes (RM3.33/sqft, n=3) | Subang Jaya",12/7/2026,RSS,https://telegram.me/rumahsubsaleklselangorbynuruls/765
Pangsapuri Sentosa 5,Shah Alam,Setia Alam (Seksyen U13),Apartment (Low Cost),3,2.0,650,Freehold,230000,1049,950,-99,1100,51,1750,701,5.74,9.13,🟢 Strong,44900,12,9,4,45.3,155.3,435.9,9.1,15.5,21.8,280369,114608,69708,-11880,6120,84120,12364,57344,"[Unfurnished] Area PSF Avg, Strata all sizes (RM1.83/sqft, n=6) | Shah Alam | [Partial] Area PSF Avg, Strata all sizes (RM1.71/sqft, n=21) | Shah Alam | [Fully] Area PSF Avg, Strata all sizes (RM2.66/sqft, n=18) | Shah Alam | CORRECTED (audit 19/07/2026): Unfurnished 1200.0->950 -- tier re-derived from Partial per prompt's known-tier ratio (original PSF-fallback figure was inverted)",17/5/2026,FRH,https://telegram.me/FirdausRahimHartanahListing/1818
Vila Tropika Apartment Pudu Impian 2,Cheras,Taman Pudu Ulu,Condominium,3,2.0,936,Leasehold,318000,1450,1600,150,1900,450,2450,1000,7.17,9.25,🟢 Strong,56340,7,5,4,60.1,181.2,490.3,12.0,18.1,24.5,387640,158404,102064,18000,54000,120000,15947,86117,"[Unfurnished] Area PSF Avg, Strata all sizes (RM1.71/sqft, n=4) | Cheras | [Partial] Area PSF Avg, Strata all sizes (RM2.05/sqft, n=15) | Cheras | [Fully] Area PSF Avg, Strata all sizes (RM2.64/sqft, n=23) | Cheras",17/6/2026,EXP,https://telegram.me/extremeproperty_listing/18727
D'Puncak Suasana Apartment,Cheras,Bandar Tun Hussein Onn,Apartment,3,2.0,1000,Freehold,340000,1550,1700,150,2050,500,2650,1100,7.24,9.35,🟢 Strong,59200,7,5,3,62.9,186.0,500.4,12.6,18.6,25.0,414458,169315,110115,18000,60000,132000,16843,93272,"[Unfurnished] Area PSF Avg, Strata all sizes (RM1.71/sqft, n=4) | Cheras | [Partial] Area PSF Avg, Strata all sizes (RM2.05/sqft, n=15) | Cheras | [Fully] Area PSF Avg, Strata all sizes (RM2.64/sqft, n=23) | Cheras",12/7/2026,EXP,https://telegram.me/extremeproperty_listing/4244
Nilam Puri Condominium,Puchong,Bandar Bukit Puchong,Condominium,3,2.0,1173,Freehold,385000,1756,1500,-256,1750,-6,2600,844,5.45,8.1,🟢 Strong,65050,12,8,4,67.9,194.9,519.2,13.6,19.5,26.0,469313,191854,126804,-30720,-720,101280,18675,108129,"[Unfurnished] Area PSF Avg, Strata all sizes (RM1.61/sqft, n=3) | Puchong | [Partial] Area PSF Avg, Strata all sizes (RM1.48/sqft, n=15) | Puchong | [Fully] Area PSF Avg, Strata all sizes (RM2.22/sqft, n=12) | Puchong | CORRECTED (audit 19/07/2026): Unfurnished 1900.0->1500 -- tier re-derived from Partial per prompt's known-tier ratio (original PSF-fallback figure was inverted)",13/5/2026,DPM,https://telegram.me/DeePropmall/1984
Residensi Idaman Abadi,Kajang,Kajang 2,Apartment,3,3.0,1022,Freehold,320000,1459,1600,141,1800,341,2150,691,6.75,8.06,🟢 Strong,56600,7,6,4,60.3,181.6,491.2,12.1,18.2,24.6,390078,159382,102782,16920,40920,82920,16029,86753,"[Unfurnished] Area PSF Avg, Strata all sizes (RM1.57/sqft, n=8) | Kajang | [Partial] Zone PSF Avg, Strata all sizes (RM1.75/sqft, n=6) | Kajang 2 | [Fully] Area PSF Avg, Strata all sizes (RM1.69/sqft, n=13) | Kajang | CORRECTED (audit 19/07/2026): Fully 1750.0->2150 -- tier re-derived from Partial per prompt's known-tier ratio (original PSF-fallback figure was inverted)",12/7/2026,EXP,https://telegram.me/extremeproperty_listing/14860
Widuri Impian Condominium,Kuala Lumpur,Desa Petaling,Condominium,3,2.0,956,Leasehold,355000,1619,1750,131,1900,281,2850,1231,6.42,9.63,🟢 Strong,61150,7,6,3,64.7,189.3,507.3,12.9,18.9,25.4,432743,176879,115729,15720,33720,147720,17454,98275,"[Unfurnished] Area PSF Avg, Strata all sizes (RM1.84/sqft, n=3) | Kuala Lumpur | [Partial] Area PSF Avg, Strata all sizes (RM2.00/sqft, n=25) | Kuala Lumpur | [Fully] Area PSF Avg, Strata all sizes (RM3.00/sqft, n=58) | Kuala Lumpur",12/7/2026,EXP,https://telegram.me/extremeproperty_listing/13937
Single Storey Terrace Felicia,Klang,Bandar Putera 2,Terrace,3,2.0,1400,Leasehold,400000,1824,1600,-224,1850,26,1950,126,5.55,5.85,🟡 Neutral,67000,6,5,5,119.3,311.8,825.2,23.9,31.2,41.3,564240,275907,208907,-26880,3120,15120,21846,187061,"[Unfurnished] Area PSF Avg, Landed all sizes (RM1.38/sqft, n=4) | Klang | [Partial] Citywide PSF Avg, Landed all sizes (RM1.32/sqft, n=31) | Citywide | [Fully] Citywide PSF Avg, Landed all sizes (RM1.41/sqft, n=14) | Citywide | CORRECTED (audit 19/07/2026): Unfurnished 1950.0->1600 -- tier re-derived from Partial per prompt's known-tier ratio (original PSF-fallback figure was inverted)",12/7/2026,EXP,https://telegram.me/extremeproperty_listing/9946
Harmoni Eco Majestic,Kajang,Eco Majestic,Apartment,3,2.0,900,Freehold,280000,1277,1100,-177,1250,-27,1500,223,5.36,6.43,🟡 Neutral,51400,13,9,7,54.5,171.4,469.9,10.9,17.1,23.5,341318,139516,88116,-21240,-3240,26760,14400,73716,"[Unfurnished] Area PSF Avg, Strata all sizes (RM1.57/sqft, n=8) | Kajang | [Partial] Area PSF Avg, Strata all sizes (RM1.40/sqft, n=21) | Kajang | [Fully] Area PSF Avg, Strata all sizes (RM1.69/sqft, n=13) | Kajang | CORRECTED (audit 19/07/2026): Unfurnished 1400.0->1100 -- tier re-derived from Partial per prompt's known-tier ratio (original PSF-fallback figure was inverted)",12/7/2026,RSS,https://telegram.me/rumahsubsaleklselangorbynuruls/241
Kelisa Ria Apartment,Kajang,Kampung Sungai Tangkas,Apartment,4,2.0,650,Leasehold,195000,889,800,-89,900,11,1100,211,5.54,6.77,🟡 Neutral,40350,13,10,7,37.0,140.7,405.2,7.4,14.1,20.3,237704,97112,56762,-10680,1320,25320,10939,45823,"[Unfurnished] Area PSF Avg, Strata all sizes (RM1.57/sqft, n=8) | Kajang | [Partial] Area PSF Avg, Strata all sizes (RM1.40/sqft, n=21) | Kajang | [Fully] Area PSF Avg, Strata all sizes (RM1.69/sqft, n=13) | Kajang | CORRECTED (audit 19/07/2026): Unfurnished 1000.0->800 -- tier re-derived from Partial per prompt's known-tier ratio (original PSF-fallback figure was inverted)",25/5/2026,EXP,https://telegram.me/extremeproperty_listing/17876
Bintang Mas Condominium,Cheras,Cheras,Condominium,4,2.0,1307,Leasehold,470000,2143,2250,107,2700,557,4200,2057,6.89,10.72,🟢 Strong,76100,7,5,3,75.2,207.6,545.8,15.0,20.8,27.3,572927,234107,158007,12840,66840,246840,22136,135871,"[Unfurnished] Area PSF Avg, Strata all sizes (RM1.71/sqft, n=4) | Cheras | [Partial] Area PSF Avg, Strata all sizes (RM2.05/sqft, n=15) | Cheras | [Fully] Zone PSF Avg, Strata all sizes (RM3.19/sqft, n=7) | Cheras",12/7/2026,EXP,https://telegram.me/extremeproperty_listing/12797
Pangsapuri Andika,Kuala Lumpur,Taman Setiawangsa,Flat,3,2.0,657,Leasehold (Bumi Lot),240000,1094,1200,106,1300,206,1950,856,6.5,9.75,🟢 Strong,46200,8,7,4,47.3,158.7,443.0,9.5,15.9,22.1,292559,119499,73299,12720,24720,102720,12771,60528,"[Unfurnished] Area PSF Avg, Strata all sizes (RM1.84/sqft, n=3) | Kuala Lumpur | [Partial] Area PSF Avg, Strata all sizes (RM2.00/sqft, n=25) | Kuala Lumpur | [Fully] Area PSF Avg, Strata all sizes (RM3.00/sqft, n=58) | Kuala Lumpur",10/6/2026,EXP,https://telegram.me/extremeproperty_listing/18280
Lagoon Perdana Apartment,Petaling Jaya / Damansara,Bandar Sunway,Apartment,3,2.0,852,Leasehold,230000,1049,1150,101,1300,251,1550,501,6.78,8.09,🟢 Strong,44900,8,6,5,45.3,155.3,435.9,9.1,15.5,21.8,280369,114608,69708,12120,30120,60120,12364,57344,[Partial] Exact - 1 listing(s) | Lagoon Perdana Apartment | [Unfurnished] Est. from Partial; [Fully] Est. from Partial,25/5/2026,EXP,https://telegram.me/extremeproperty_listing/17897
Sri Penara Apartment,Cheras,Bandar Sri Permaisuri,Apartment,2,2.0,646,Leasehold,220000,1003,1100,97,1400,397,1700,697,7.64,9.27,🟢 Strong,43600,8,5,4,43.1,151.3,427.6,8.6,15.1,21.4,268179,109566,65966,11640,47640,83640,11957,54009,"[Unfurnished] Area PSF Avg, Strata all sizes (RM1.71/sqft, n=4) | Cheras | [Partial] Zone PSF Avg, Strata all sizes (RM2.20/sqft, n=6) | Bandar Sri Permaisuri | [Fully] Area PSF Avg, Strata all sizes (RM2.64/sqft, n=23) | Cheras",18/3/2026,EXP,https://telegram.me/extremeproperty_listing/15769
2 Storey Terrace Taman Perepat Indah,Klang,Kapar,2 Storey Terrace,4,3.0,1440,Leasehold,420000,1915,1650,-265,1900,-15,2050,135,5.43,5.86,🟡 Neutral,69600,6,5,5,121.6,316.2,835.1,24.3,31.6,41.8,592451,289673,220073,-31800,-1800,16200,22788,197285,"[Unfurnished] Area PSF Avg, Landed all sizes (RM1.38/sqft, n=4) | Klang | [Partial] Citywide PSF Avg, Landed all sizes (RM1.32/sqft, n=31) | Citywide | [Fully] Citywide PSF Avg, Landed all sizes (RM1.41/sqft, n=14) | Citywide | CORRECTED (audit 19/07/2026): Unfurnished 2000.0->1650 -- tier re-derived from Partial per prompt's known-tier ratio (original PSF-fallback figure was inverted)",8/6/2026,EXP,https://telegram.me/extremeproperty_listing/18129
Seri Maya Condo,Kuala Lumpur,Setiawangsa,Condominium,3,2.0,1350,Freehold,530000,2417,2500,83,2700,283,4050,1633,6.11,9.17,🟢 Strong,84200,7,6,3,78.6,213.6,558.4,15.7,21.4,27.9,646067,264057,179857,9960,33960,195960,24579,155278,"[Unfurnished] Area PSF Avg, Strata all sizes (RM1.84/sqft, n=3) | Kuala Lumpur | [Partial] Area PSF Avg, Strata all sizes (RM2.00/sqft, n=25) | Kuala Lumpur | [Fully] Area PSF Avg, Strata all sizes (RM3.00/sqft, n=58) | Kuala Lumpur",25/5/2026,EXP,https://telegram.me/extremeproperty_listing/17826
Villa Pavilion,Seri Kembangan,Seri Kembangan,Apartment,3,2.0,937,Freehold,299999,1368,950,-418,1100,-268,2650,1282,4.4,10.6,🟢 Strong,54000,23,15,3,57.6,176.8,481.0,11.5,17.7,24.1,365697,149449,95449,-50160,-32160,153840,15214,80235,"[Unfurnished] Citywide PSF Avg, Strata all sizes (RM1.56/sqft, n=47) | Citywide | [Partial] Area PSF Avg, Strata all sizes (RM1.17/sqft, n=4) | Seri Kembangan | [Fully] Area PSF Avg, Strata all sizes (RM2.85/sqft, n=10) | Seri Kembangan | CORRECTED (audit 19/07/2026): Unfurnished 1450.0->950 -- tier re-derived from Partial per prompt's known-tier ratio (original PSF-fallback figure was inverted)",12/7/2026,RSS,https://telegram.me/rumahsubsaleklselangorbynuruls/530
Sri Pelangi,Setapak,Jalan Genting Kelang,Condominium,3,2.0,938,Freehold,300000,1368,1450,82,2000,632,2100,732,8,8.4,🟢 Strong,54000,8,4,4,57.6,176.8,481.0,11.5,17.7,24.1,365698,149449,95449,9840,75840,87840,15214,80235,"[Unfurnished] Citywide PSF Avg, Strata all sizes (RM1.56/sqft, n=47) | Citywide | [Partial] Area PSF Avg, Strata all sizes (RM2.11/sqft, n=6) | Setapak | [Fully] Area PSF Avg, Strata all sizes (RM2.24/sqft, n=5) | Setapak",19/5/2026,EXP,https://telegram.me/extremeproperty_listing/17714
Flat Taman Dato Ahmad Razali,Ampang,Taman Dato Ahmad Razali,Flat,2,1.0,519,Leasehold,160000,730,800,70,1200,470,1750,1020,9,13.13,🟢 Strong,35800,9,5,3,26.8,122.8,367.9,5.4,12.3,18.4,195039,79767,43967,8400,56400,122400,9514,34453,"[Unfurnished] Citywide PSF Avg, Strata all sizes (RM1.56/sqft, n=47) | Citywide | [Partial] Area PSF Avg, Strata all sizes (RM2.36/sqft, n=8) | Ampang | [Fully] Area PSF Avg, Strata all sizes (RM3.33/sqft, n=20) | Ampang",12/7/2026,EXP,https://telegram.me/extremeproperty_listing/10225
Pantai Indah Fasa 1,Kuala Lumpur,Pantai Dalam,Apartment,3,2.0,764,Freehold,295000,1345,1400,55,1550,205,2300,955,6.31,9.36,🟢 Strong,53350,8,7,4,56.8,175.4,478.2,11.4,17.5,23.9,359603,146928,93578,6600,24600,114600,15011,78567,"[Unfurnished] Area PSF Avg, Strata all sizes (RM1.84/sqft, n=3) | Kuala Lumpur | [Partial] Area PSF Avg, Strata all sizes (RM2.00/sqft, n=25) | Kuala Lumpur | [Fully] Area PSF Avg, Strata all sizes (RM3.00/sqft, n=58) | Kuala Lumpur",12/7/2026,EXP,https://telegram.me/extremeproperty_listing/13129
Pangsapuri Cahaya Permai,Seri Kembangan,Seri Kembangan,Apartment,3,2.0,869,Leasehold,285000,1300,850,-450,1000,-300,2500,1200,4.21,10.53,🟢 Strong,52050,27,17,3,55.4,172.9,473.0,11.1,17.3,23.6,347413,142037,89987,-54000,-36000,144000,14604,75383,"[Unfurnished] Citywide PSF Avg, Strata all sizes (RM1.56/sqft, n=47) | Citywide | [Partial] Area PSF Avg, Strata all sizes (RM1.17/sqft, n=4) | Seri Kembangan | [Fully] Area PSF Avg, Strata all sizes (RM2.85/sqft, n=10) | Seri Kembangan | CORRECTED (audit 19/07/2026): Unfurnished 1350.0->850 -- tier re-derived from Partial per prompt's known-tier ratio (original PSF-fallback figure was inverted)",12/7/2026,EXP,https://telegram.me/extremeproperty_listing/7442
Pandan Heights Condominium,Ampang,Pandan Perdana,Condominium,3,2.0,988,Leasehold,330000,1505,1550,45,2350,845,3300,1795,8.55,12,🟢 Strong,57900,8,4,3,61.7,184.0,496.2,12.3,18.4,24.8,402268,164424,106524,5400,101400,215400,16436,90088,"[Unfurnished] Citywide PSF Avg, Strata all sizes (RM1.56/sqft, n=47) | Citywide | [Partial] Area PSF Avg, Strata all sizes (RM2.36/sqft, n=8) | Ampang | [Fully] Area PSF Avg, Strata all sizes (RM3.33/sqft, n=20) | Ampang",12/7/2026,EXP,https://telegram.me/extremeproperty_listing/10991
Pangsapuri Palma,Klang,Bandar Botanic,Apartment,3,2.0,650,Freehold,210000,958,750,-208,850,-108,1650,692,4.86,9.43,🟢 Strong,42300,18,13,4,40.9,147.5,419.6,8.2,14.7,21.0,255989,104675,62375,-24960,-12960,83040,11550,50825,"[Unfurnished] Citywide PSF Avg, Strata all sizes (RM1.56/sqft, n=47) | Citywide | [Partial] Area PSF Avg, Strata all sizes (RM1.34/sqft, n=6) | Klang | [Fully] Citywide PSF Avg, Strata all sizes (RM2.54/sqft, n=235) | Citywide | CORRECTED (audit 19/07/2026): Unfurnished 1000.0->750 -- tier re-derived from Partial per prompt's known-tier ratio (original PSF-fallback figure was inverted)",23/4/2025,RSS,https://telegram.me/rumahsubsaleklselangorbynuruls/1192
Pangsapuri Kita Ria,Dengkil,Cybersouth,Service Residence,3,2.0,901,Leasehold,298000,1359,1400,41,1600,241,2300,941,6.44,9.26,🟢 Strong,53740,8,6,4,57.3,176.3,480.0,11.5,17.6,24.0,363260,148471,94731,4920,28920,112920,15133,79598,"[Unfurnished] Citywide PSF Avg, Strata all sizes (RM1.56/sqft, n=47) | Citywide | [Partial] Citywide PSF Avg, Strata all sizes (RM1.76/sqft, n=156) | Citywide | [Fully] Citywide PSF Avg, Strata all sizes (RM2.54/sqft, n=235) | Citywide",10/7/2026,EXP,https://telegram.me/extremeproperty_listing/19610
1 Razak Mansion Condominium,Kuala Lumpur,Salak Selatan,Condominium,3,2.0,807,Leasehold,320000,1459,1500,41,1600,141,2400,941,6,9,🟢 Strong,56600,8,7,4,60.3,181.6,491.2,12.1,18.2,24.6,390078,159382,102782,4920,16920,112920,16029,86753,"[Unfurnished] Area PSF Avg, Strata all sizes (RM1.84/sqft, n=3) | Kuala Lumpur | [Partial] Area PSF Avg, Strata all sizes (RM2.00/sqft, n=25) | Kuala Lumpur | [Fully] Area PSF Avg, Strata all sizes (RM3.00/sqft, n=58) | Kuala Lumpur",15/6/2026,EXP,https://telegram.me/extremeproperty_listing/18717
1 Storey Terrace Taman Telok,Klang,Telok Panglima Garang,1 Storey Terrace,4,2.0,1500,Freehold,378000,1724,1750,26,1900,176,2100,376,6.03,6.67,🟢 Strong,64140,5,4,4,116.5,306.6,813.5,23.3,30.7,40.7,533206,260781,196641,3120,21120,45120,20809,175832,"[Unfurnished] Area PSF Avg, Landed >=1500sqft (RM1.15/sqft, n=3) | Klang | [Partial] Citywide PSF Avg, Landed >=1500sqft (RM1.25/sqft, n=29) | Citywide | [Fully] Citywide PSF Avg, Landed >=1500sqft (RM1.41/sqft, n=14) | Citywide",10/4/2026,EXP,https://telegram.me/extremeproperty_listing/16437
Flora Damansara,Petaling Jaya / Damansara,Sungai Buloh / Kota Damansara,Apartment,3,2.0,850,Leasehold,280000,1277,1300,23,1700,423,3050,1773,7.29,13.07,🟢 Strong,51400,9,5,2,54.5,171.4,469.9,10.9,17.1,23.5,341318,139516,88116,2760,50760,212760,14400,73716,"[Unfurnished] Area PSF Avg, Strata all sizes (RM1.53/sqft, n=5) | Petaling Jaya / Damansara | [Partial] Area PSF Avg, Strata all sizes (RM2.00/sqft, n=11) | Petaling Jaya / Damansara | [Fully] Area PSF Avg, Strata all sizes (RM3.59/sqft, n=10) | Petaling Jaya / Damansara",12/7/2026,ZYP,https://telegram.me/zikriyussofperundinghartanah/1006
Pangsapuri Sri Alpinia,Puchong,Puchong,Apartment,3,2.0,780,Freehold,270000,1231,1000,-231,1150,-81,1750,519,5.11,7.78,🟢 Strong,50100,15,11,5,52.8,168.4,463.5,10.6,16.8,23.2,329128,134474,84374,-27720,-9720,62280,13993,70381,"[Unfurnished] Area PSF Avg, Strata all sizes (RM1.61/sqft, n=3) | Puchong | [Partial] Area PSF Avg, Strata all sizes (RM1.48/sqft, n=15) | Puchong | [Fully] Area PSF Avg, Strata all sizes (RM2.22/sqft, n=12) | Puchong | CORRECTED (audit 19/07/2026): Unfurnished 1250.0->1000 -- tier re-derived from Partial per prompt's known-tier ratio (original PSF-fallback figure was inverted)",12/7/2026,RSS,https://telegram.me/rumahsubsaleklselangorbynuruls/801
Rampai Court,Kuala Lumpur,Wangsa Maju (Taman Sri Rampai),Apartment,2,1.0,650,Freehold,260000,1186,1200,14,1300,114,1950,764,6,9,🟢 Strong,48800,9,8,4,51.2,165.5,457.5,10.2,16.6,22.9,316939,129583,80783,1680,13680,91680,13586,67197,"[Unfurnished] Area PSF Avg, Strata all sizes (RM1.84/sqft, n=3) | Kuala Lumpur | [Partial] Area PSF Avg, Strata all sizes (RM2.00/sqft, n=25) | Kuala Lumpur | [Fully] Area PSF Avg, Strata all sizes (RM3.00/sqft, n=58) | Kuala Lumpur",10/6/2026,EXP,https://telegram.me/extremeproperty_listing/18297
One Damansara Condominium,Petaling Jaya / Damansara,Damansara Damai,Condominium,3,2.0,1100,Leasehold,370000,1687,1700,13,1900,213,3950,2263,6.16,12.81,🟢 Strong,63100,8,7,2,66.3,192.1,513.1,13.3,19.2,25.7,451028,184290,121190,1560,25560,271560,18064,103126,"[Unfurnished] Area PSF Avg, Strata all sizes (RM1.53/sqft, n=5) | Petaling Jaya / Damansara | [Partial] Zone PSF Avg, Strata all sizes (RM1.73/sqft, n=3) | Damansara Damai | [Fully] Area PSF Avg, Strata all sizes (RM3.59/sqft, n=10) | Petaling Jaya / Damansara",12/7/2026,EXP,https://telegram.me/extremeproperty_listing/10195
Vista Komanwel C Condo,Bukit Jalil,Bukit Jalil,Condominium,4,2.0,1400,Freehold,480000,2189,2200,11,2200,11,3350,1161,5.5,8.38,🟢 Strong,77400,8,8,4,75.9,209.0,548.7,15.2,20.9,27.4,585117,239149,161749,1320,1320,139320,22543,139206,"[Unfurnished] Citywide PSF Avg, Strata all sizes (RM1.56/sqft, n=47) | Citywide | [Partial] Area PSF Avg, Strata all sizes (RM1.56/sqft, n=3) | Bukit Jalil | [Fully] Area PSF Avg, Strata all sizes (RM2.38/sqft, n=3) | Bukit Jalil",12/7/2026,EXP,https://telegram.me/extremeproperty_listing/11751
Teratai Mewah,Setapak,"Taman P. Ramlee, Setapak",Apartment,3,1.0,725,Freehold,250000,1140,1150,10,1550,410,1600,460,7.44,7.68,🟢 Strong,47500,9,5,5,49.3,162.2,450.5,9.9,16.2,22.5,304749,124541,77041,1200,49200,55200,13179,63862,"[Unfurnished] Citywide PSF Avg, Strata all sizes (RM1.56/sqft, n=47) | Citywide | [Partial] Area PSF Avg, Strata all sizes (RM2.11/sqft, n=6) | Setapak | [Fully] Area PSF Avg, Strata all sizes (RM2.24/sqft, n=5) | Setapak",18/5/2026,EXP,https://telegram.me/extremeproperty_listing/17634
2 Storey Terrace Taman Pinggiran Senawang,Nilai,Senawang,2 Storey Terrace,4,3.0,1400,Freehold,350000,1596,1600,4,1850,254,1950,354,6.34,6.69,🟢 Strong,60500,5,4,4,112.5,299.0,796.5,22.5,29.9,39.8,493710,241419,180919,480,30480,42480,19490,161429,"[Unfurnished] Citywide PSF Avg, Landed all sizes (RM1.15/sqft, n=15) | Citywide | [Partial] Citywide PSF Avg, Landed all sizes (RM1.32/sqft, n=31) | Citywide | [Fully] Citywide PSF Avg, Landed all sizes (RM1.41/sqft, n=14) | Citywide",25/5/2026,EXP,https://telegram.me/extremeproperty_listing/17982
Sri Pinang Villa Apartment,Ampang,Taman Cempaka,Apartment,3,2.0,1344,Leasehold,460000,2098,2100,2,3150,1052,4450,2352,8.22,11.61,🟢 Strong,74800,8,4,2,74.5,206.4,543.4,14.9,20.6,27.2,560737,229216,154416,240,126240,282240,21729,132687,"[Unfurnished] Citywide PSF Avg, Strata all sizes (RM1.56/sqft, n=47) | Citywide | [Partial] Area PSF Avg, Strata all sizes (RM2.36/sqft, n=8) | Ampang | [Fully] Area PSF Avg, Strata all sizes (RM3.33/sqft, n=20) | Ampang",12/7/2026,EXP,https://telegram.me/extremeproperty_listing/10442
Ken Rimba,Shah Alam,Seksyen 16 / Ken Rimba,Condominium,3,2.0,1119,Freehold,450000,2052,1650,-402,1900,-152,3000,948,5.07,8,🟢 Strong,73500,14,10,4,73.7,205.0,540.3,14.7,20.5,27.0,548547,224174,150674,-48240,-18240,113760,21321,129353,"[Unfurnished] Area PSF Avg, Strata all sizes (RM1.83/sqft, n=6) | Shah Alam | [Partial] Area PSF Avg, Strata all sizes (RM1.71/sqft, n=21) | Shah Alam | [Fully] Area PSF Avg, Strata all sizes (RM2.66/sqft, n=18) | Shah Alam | CORRECTED (audit 19/07/2026): Unfurnished 2050.0->1650 -- tier re-derived from Partial per prompt's known-tier ratio (original PSF-fallback figure was inverted)",2/5/2025,REG,https://telegram.me/ListingPropertyByRegera/4075
Pangsapuri Ukay Indah,Ampang,Ukay Perdana,Apartment,3,2.0,650,Leasehold,220000,1003,1000,-3,1550,547,2150,1147,8.45,11.73,🟢 Strong,43600,10,4,3,43.1,151.3,427.6,8.6,15.1,21.4,268179,109566,65966,-360,65640,137640,11957,54009,"[Unfurnished] Citywide PSF Avg, Strata all sizes (RM1.56/sqft, n=47) | Citywide | [Partial] Area PSF Avg, Strata all sizes (RM2.36/sqft, n=8) | Ampang | [Fully] Area PSF Avg, Strata all sizes (RM3.33/sqft, n=20) | Ampang",21/6/2026,EXP,https://telegram.me/extremeproperty_listing/17190
Taman Bakti,Ampang,Pandan Indah,Flat,2,1.0,450,Leasehold,155000,707,700,-7,1050,343,1500,793,8.13,11.61,🟢 Strong,35150,11,5,3,25.1,119.8,361.4,5.0,12.0,18.1,188944,77246,42096,-840,41160,95160,9311,32785,"[Unfurnished] Citywide PSF Avg, Strata all sizes (RM1.56/sqft, n=47) | Citywide | [Partial] Area PSF Avg, Strata all sizes (RM2.36/sqft, n=8) | Ampang | [Fully] Area PSF Avg, Strata all sizes (RM3.33/sqft, n=20) | Ampang",8/6/2026,EXP,https://telegram.me/extremeproperty_listing/18197
Kita Impian Apartment @ Cybersouth,Sepang,Cybersouth,Apartment,3,2.0,901,Leasehold,310000,1414,1400,-14,1600,186,2000,586,6.19,7.74,🟢 Strong,55300,9,7,5,59.1,179.4,486.6,11.8,17.9,24.3,377888,154491,99191,-1680,22320,70320,15621,83570,"[Unfurnished] Citywide PSF Avg, Strata all sizes (RM1.56/sqft, n=47) | Citywide | [Partial] Citywide PSF Avg, Strata all sizes (RM1.76/sqft, n=156) | Citywide | [Fully] Area PSF Avg, Strata all sizes (RM2.21/sqft, n=7) | Sepang",12/7/2026,EXP,https://telegram.me/extremeproperty_listing/10530
Flat Sri Langkawi,Kuala Lumpur,Taman Melati,Flat,2,1.0,592,Leasehold,245000,1117,1100,-17,1200,83,1800,683,5.88,8.82,🟢 Strong,46850,10,8,4,48.3,160.4,446.8,9.7,16.0,22.3,298654,122020,75170,-2040,9960,81960,12975,62195,"[Unfurnished] Area PSF Avg, Strata all sizes (RM1.84/sqft, n=3) | Kuala Lumpur | [Partial] Area PSF Avg, Strata all sizes (RM2.00/sqft, n=25) | Kuala Lumpur | [Fully] Area PSF Avg, Strata all sizes (RM3.00/sqft, n=58) | Kuala Lumpur",24/6/2026,EXP,https://telegram.me/extremeproperty_listing/19071
Casa Dahlia Apartment,Sepang,KLIA / Bandar Baru Salak Tinggi,Apartment,3,2.0,853,Freehold,300000,1368,1350,-18,1500,132,1900,532,6,7.6,🟢 Strong,54000,9,7,5,57.6,176.8,481.0,11.5,17.7,24.1,365698,149449,95449,-2160,15840,63840,15214,80235,"[Unfurnished] Citywide PSF Avg, Strata all sizes (RM1.56/sqft, n=47) | Citywide | [Partial] Citywide PSF Avg, Strata all sizes (RM1.76/sqft, n=156) | Citywide | [Fully] Area PSF Avg, Strata all sizes (RM2.21/sqft, n=7) | Sepang",12/7/2026,ZYP,https://telegram.me/zikriyussofperundinghartanah/1051
D'Cassia Apartment,Kajang,Setia EcoHill,Apartment,3,2.0,850,Freehold,300000,1368,1050,-318,1200,-168,1450,82,4.8,5.8,🟡 Neutral,54000,17,12,8,57.6,176.8,481.0,11.5,17.7,24.1,365698,149449,95449,-38160,-20160,9840,15214,80235,"[Unfurnished] Area PSF Avg, Strata all sizes (RM1.57/sqft, n=8) | Kajang | [Partial] Area PSF Avg, Strata all sizes (RM1.40/sqft, n=21) | Kajang | [Fully] Area PSF Avg, Strata all sizes (RM1.69/sqft, n=13) | Kajang | CORRECTED (audit 19/07/2026): Unfurnished 1350.0->1050 -- tier re-derived from Partial per prompt's known-tier ratio (original PSF-fallback figure was inverted)",12/7/2026,EXP,https://telegram.me/extremeproperty_listing/9988
Indah Condominium,Petaling Jaya / Damansara,Prima Damansara,Condominium,3,2.0,872,Leasehold,300000,1368,1350,-18,1750,382,3150,1782,7,12.6,🟢 Strong,54000,9,5,2,57.6,176.8,481.0,11.5,17.7,24.1,365698,149449,95449,-2160,45840,213840,15214,80235,"[Unfurnished] Area PSF Avg, Strata all sizes (RM1.53/sqft, n=5) | Petaling Jaya / Damansara | [Partial] Area PSF Avg, Strata all sizes (RM2.00/sqft, n=11) | Petaling Jaya / Damansara | [Fully] Area PSF Avg, Strata all sizes (RM3.59/sqft, n=10) | Petaling Jaya / Damansara",12/7/2026,RSS,https://telegram.me/rumahsubsaleklselangorbynuruls/742
Apartment Permai Putera,Ampang,Ampang Point,Apartment,3,,1020,Leasehold,355000,1619,1600,-19,2400,781,3400,1781,8.11,11.49,🟢 Strong,61150,9,4,3,64.7,189.3,507.3,12.9,18.9,25.4,432743,176879,115729,-2280,93720,213720,17454,98275,"[Unfurnished] Citywide PSF Avg, Strata all sizes (RM1.56/sqft, n=47) | Citywide | [Partial] Area PSF Avg, Strata all sizes (RM2.36/sqft, n=8) | Ampang | [Fully] Area PSF Avg, Strata all sizes (RM3.33/sqft, n=20) | Ampang",30/6/2026,EXP,https://telegram.me/extremeproperty_listing/19272
i-Soho @ i-City,Shah Alam,i-City,Studio,1,1.0,464,Freehold,290000,1322,1300,-22,1400,78,1700,378,5.79,7.03,🟢 Strong,52700,9,8,5,56.0,174.0,475.2,11.2,17.4,23.8,353508,144407,91707,-2640,9360,45360,14807,76900,[Fully] Exact - 2 listing(s) | I-SOHO @ I-City | [Partial] Est. from Fully; [Unfurnished] Est. from Fully,12/7/2026,RSS,https://telegram.me/rumahsubsaleklselangorbynuruls/483
PRIMA Lakefront Homes,Cyberjaya / Putrajaya,Cyberjaya,Apartment,3,2.0,850,Freehold,335000,1528,1500,-28,1700,172,2000,472,6.09,7.16,🟢 Strong,58550,9,7,5,62.3,185.1,498.7,12.5,18.5,24.9,408363,166945,108395,-3360,20640,56640,16639,91756,[Partial] Fuzzy - 1 listing(s) | Lakefront Homes | [Fully] Fuzzy - 3 listing(s) | Lakefront Homes | [Unfurnished] Est. from Partial,12/7/2026,RSS,https://telegram.me/rumahsubsaleklselangorbynuruls/379
Pangsapuri Berembang Indah,Ampang,Ampang,Apartment,3,2.0,650,Leasehold,227000,1035,1000,-35,1550,515,1800,765,8.19,9.52,🟢 Strong,44510,10,5,4,44.6,154.0,433.3,8.9,15.4,21.7,276712,113065,68555,-4200,61800,91800,12242,56313,"[Unfurnished] Citywide PSF Avg, Strata all sizes (RM1.56/sqft, n=47) | Citywide | [Partial] Area PSF Avg, Strata all sizes (RM2.36/sqft, n=8) | Ampang | [Fully] Zone PSF Avg, Strata all sizes (RM2.80/sqft, n=3) | Ampang",12/7/2026,RSS,https://telegram.me/rumahsubsaleklselangorbynuruls/553
Vista Bayu Apartment,Klang,Bayu Perdana,Apartment,3,2.0,968,Freehold,338000,1541,1150,-391,1300,-241,2450,909,4.62,8.7,🟢 Strong,58940,18,13,4,62.6,185.6,499.6,12.5,18.6,25.0,412020,168337,109397,-46920,-28920,109080,16761,92636,"[Unfurnished] Citywide PSF Avg, Strata all sizes (RM1.56/sqft, n=47) | Citywide | [Partial] Area PSF Avg, Strata all sizes (RM1.34/sqft, n=6) | Klang | [Fully] Citywide PSF Avg, Strata all sizes (RM2.54/sqft, n=235) | Citywide | CORRECTED (audit 19/07/2026): Unfurnished 1500.0->1150 -- tier re-derived from Partial per prompt's known-tier ratio (original PSF-fallback figure was inverted)",12/7/2026,RSS,https://telegram.me/rumahsubsaleklselangorbynuruls/577
1 Storey Terrace Iringan Bayu Semaya,Nilai,Taman Iringan Bayu,1 Storey Terrace,3,2.0,1400,Freehold,360000,1642,1600,-42,1850,208,1950,308,6.17,6.5,🟢 Strong,61800,5,4,4,114.0,301.9,803.0,22.8,30.2,40.1,507816,248377,186577,-5040,24960,36960,19961,166616,"[Unfurnished] Citywide PSF Avg, Landed all sizes (RM1.15/sqft, n=15) | Citywide | [Partial] Citywide PSF Avg, Landed all sizes (RM1.32/sqft, n=31) | Citywide | [Fully] Citywide PSF Avg, Landed all sizes (RM1.41/sqft, n=14) | Citywide",25/5/2026,EXP,https://telegram.me/extremeproperty_listing/17966
Apartment Bayu,Petaling Jaya / Damansara,Damansara Damai,Apartment,3,2.0,850,Leasehold,295000,1345,1300,-45,1450,105,3050,1705,5.9,12.41,🟢 Strong,53350,10,8,3,56.8,175.4,478.2,11.4,17.5,23.9,359603,146928,93578,-5400,12600,204600,15011,78567,"[Unfurnished] Area PSF Avg, Strata all sizes (RM1.53/sqft, n=5) | Petaling Jaya / Damansara | [Partial] Zone PSF Avg, Strata all sizes (RM1.73/sqft, n=3) | Damansara Damai | [Fully] Area PSF Avg, Strata all sizes (RM3.59/sqft, n=10) | Petaling Jaya / Damansara",7/7/2026,EXP,https://telegram.me/extremeproperty_listing/19495
Apartment Idaman,Petaling Jaya / Damansara,Damansara Damai,Apartment,3,1.0,650,Freehold,230000,1049,1000,-49,1150,101,2350,1301,6,12.26,🟢 Strong,44900,11,8,3,45.3,155.3,435.9,9.1,15.5,21.8,280369,114608,69708,-5880,12120,156120,12364,57344,"[Unfurnished] Area PSF Avg, Strata all sizes (RM1.53/sqft, n=5) | Petaling Jaya / Damansara | [Partial] Zone PSF Avg, Strata all sizes (RM1.73/sqft, n=3) | Damansara Damai | [Fully] Area PSF Avg, Strata all sizes (RM3.59/sqft, n=10) | Petaling Jaya / Damansara",12/7/2026,RSS,https://telegram.me/rumahsubsaleklselangorbynuruls/910
Flat Wangsa Maju Seksyen 1,Kuala Lumpur,Wangsa Maju,Flat,2,1.0,550,Leasehold (Bumi Lot),230000,1049,1000,-49,1100,51,1600,551,5.74,8.35,🟢 Strong,44900,11,9,4,45.3,155.3,435.9,9.1,15.5,21.8,280369,114608,69708,-5880,6120,66120,12364,57344,"[Unfurnished] Area PSF Avg, Strata all sizes (RM1.84/sqft, n=3) | Kuala Lumpur | [Partial] Area PSF Avg, Strata all sizes (RM2.00/sqft, n=25) | Kuala Lumpur | [Fully] Zone PSF Avg, Strata all sizes (RM2.94/sqft, n=11) | Wangsa Maju",10/6/2026,EXP,https://telegram.me/extremeproperty_listing/18392
Pangsapuri Sri Inai,Kuala Lumpur,Pandan Indah,Apartment,3,1.0,673,Leasehold,285000,1300,1250,-50,1350,50,2000,700,5.68,8.42,🟢 Strong,52050,10,8,4,55.4,172.9,473.0,11.1,17.3,23.6,347413,142037,89987,-6000,6000,84000,14604,75383,"[Unfurnished] Area PSF Avg, Strata all sizes (RM1.84/sqft, n=3) | Kuala Lumpur | [Partial] Area PSF Avg, Strata all sizes (RM2.00/sqft, n=25) | Kuala Lumpur | [Fully] Area PSF Avg, Strata all sizes (RM3.00/sqft, n=58) | Kuala Lumpur",12/7/2026,RSS,https://telegram.me/rumahsubsaleklselangorbynuruls/976
Pangsapuri Cengal Cheras,Cheras,Cegal Cheras,Apartment,3,1.0,880,Leasehold,340000,1550,1500,-50,1800,250,2300,750,6.35,8.12,🟢 Strong,59200,9,6,4,62.9,186.0,500.4,12.6,18.6,25.0,414458,169315,110115,-6000,30000,90000,16843,93272,"[Unfurnished] Area PSF Avg, Strata all sizes (RM1.71/sqft, n=4) | Cheras | [Partial] Area PSF Avg, Strata all sizes (RM2.05/sqft, n=15) | Cheras | [Fully] Area PSF Avg, Strata all sizes (RM2.64/sqft, n=23) | Cheras",12/7/2026,RSS,https://telegram.me/rumahsubsaleklselangorbynuruls/317
Cahaya Permai Apartments,Seri Kembangan,Putra Permai,Apartment,3,2.0,868,Leasehold,310000,1414,850,-564,1000,-414,2450,1036,3.87,9.48,🟢 Strong,55300,,21,3,59.1,179.4,486.6,11.8,17.9,24.3,377888,154491,99191,-67680,-49680,124320,15621,83570,"[Unfurnished] Citywide PSF Avg, Strata all sizes (RM1.56/sqft, n=47) | Citywide | [Partial] Area PSF Avg, Strata all sizes (RM1.17/sqft, n=4) | Seri Kembangan | [Fully] Area PSF Avg, Strata all sizes (RM2.85/sqft, n=10) | Seri Kembangan | CORRECTED (audit 19/07/2026): Unfurnished 1350.0->850 -- tier re-derived from Partial per prompt's known-tier ratio (original PSF-fallback figure was inverted)",12/7/2026,MMN,https://telegram.me/HaniMNListingSubsale/41
Kenanga Point Condominium,Kuala Lumpur,Pudu,Condominium,3,2.0,860,Freehold,370000,1687,1600,-87,1700,13,2950,1263,5.51,9.57,🟢 Strong,63100,10,8,3,66.3,192.1,513.1,13.3,19.2,25.7,451028,184290,121190,-10440,1560,151560,18064,103126,"[Unfurnished] Area PSF Avg, Strata all sizes (RM1.84/sqft, n=3) | Kuala Lumpur | [Partial] Area PSF Avg, Strata all sizes (RM2.00/sqft, n=25) | Kuala Lumpur | [Fully] Zone PSF Avg, Strata all sizes (RM3.45/sqft, n=3) | Pudu",12/7/2026,EXP,https://telegram.me/extremeproperty_listing/12919
Bayu Puteri Apartment,Petaling Jaya / Damansara,Tropicana,Apartment,3,2.0,850,Leasehold,350000,1596,1500,-96,1700,104,2050,454,5.83,7.03,🟢 Strong,60500,10,7,5,64.1,188.2,505.1,12.8,18.8,25.3,426648,174357,113857,-11520,12480,54480,17250,96607,[Partial] Exact - 1 listing(s) | Bayu Puteri Apartment | [Unfurnished] Est. from Partial; [Fully] Est. from Partial,12/7/2026,EXP,https://telegram.me/extremeproperty_listing/11214
Grandeur Tower Apartment,Ampang,Pandan Indah,Apartment,3,2.0,962,Leasehold,350000,1596,1500,-96,2250,654,3200,1604,7.71,10.97,🟢 Strong,60500,10,5,3,64.1,188.2,505.1,12.8,18.8,25.3,426648,174357,113857,-11520,78480,192480,17250,96607,"[Unfurnished] Citywide PSF Avg, Strata all sizes (RM1.56/sqft, n=47) | Citywide | [Partial] Area PSF Avg, Strata all sizes (RM2.36/sqft, n=8) | Ampang | [Fully] Area PSF Avg, Strata all sizes (RM3.33/sqft, n=20) | Ampang",12/7/2026,EXP,https://telegram.me/extremeproperty_listing/12214
Villa Wangsamas,Kuala Lumpur,Wangsa Maju,Condominium,4,3.0,1267,Freehold,539000,2458,2350,-108,2550,92,3750,1292,5.68,8.35,🟢 Strong,85460,9,7,4,78.9,214.2,559.7,15.8,21.4,28.0,657038,268535,183075,-12960,11040,155040,24945,158130,"[Unfurnished] Area PSF Avg, Strata all sizes (RM1.84/sqft, n=3) | Kuala Lumpur | [Partial] Area PSF Avg, Strata all sizes (RM2.00/sqft, n=25) | Kuala Lumpur | [Fully] Zone PSF Avg, Strata all sizes (RM2.94/sqft, n=11) | Wangsa Maju",12/7/2026,RSS,https://telegram.me/rumahsubsaleklselangorbynuruls/508
Residensi Putra Suria,Kuala Lumpur,"Bandar Sri Permaisuri, Cheras",Apartment,3,2.0,748,Leasehold,320000,1459,1350,-109,1500,41,2250,791,5.63,8.44,🟢 Strong,56600,10,8,4,60.3,181.6,491.2,12.1,18.2,24.6,390078,159382,102782,-13080,4920,94920,16029,86753,"[Unfurnished] Area PSF Avg, Strata all sizes (RM1.84/sqft, n=3) | Kuala Lumpur | [Partial] Area PSF Avg, Strata all sizes (RM2.00/sqft, n=25) | Kuala Lumpur | [Fully] Area PSF Avg, Strata all sizes (RM3.00/sqft, n=58) | Kuala Lumpur",3/5/2026,EXP,https://telegram.me/extremeproperty_listing/17297
Vista Indah Putra,Klang,Taman Bayu Perdana,Apartment,3,2.0,870,Freehold,320000,1459,1000,-459,1150,-309,2200,741,4.31,8.25,🟢 Strong,56600,23,16,4,60.3,181.6,491.2,12.1,18.2,24.6,390078,159382,102782,-55080,-37080,88920,16029,86753,"[Unfurnished] Citywide PSF Avg, Strata all sizes (RM1.56/sqft, n=47) | Citywide | [Partial] Area PSF Avg, Strata all sizes (RM1.34/sqft, n=6) | Klang | [Fully] Citywide PSF Avg, Strata all sizes (RM2.54/sqft, n=235) | Citywide | CORRECTED (audit 19/07/2026): Unfurnished 1350.0->1000 -- tier re-derived from Partial per prompt's known-tier ratio (original PSF-fallback figure was inverted)",4/6/2026,EXP,https://telegram.me/extremeproperty_listing/18110
Tiara Duta Condominium,Ampang,Ampang,Condominium,3,2.0,998,Leasehold,365000,1664,1550,-114,2350,686,2800,1136,7.73,9.21,🟢 Strong,62450,10,4,3,65.7,191.1,511.0,13.1,19.1,25.6,444933,181769,119319,-13680,82320,136320,17861,101458,"[Unfurnished] Citywide PSF Avg, Strata all sizes (RM1.56/sqft, n=47) | Citywide | [Partial] Area PSF Avg, Strata all sizes (RM2.36/sqft, n=8) | Ampang | [Fully] Zone PSF Avg, Strata all sizes (RM2.80/sqft, n=3) | Ampang",12/7/2026,EXP,https://telegram.me/extremeproperty_listing/11288
City Garden Orchid Court Condominium,Ampang,Taman Nirwana,Condominium,3,2.0,1076,Leasehold,398000,1815,1700,-115,2550,735,3600,1785,7.69,10.85,🟢 Strong,66740,10,4,3,69.2,197.1,523.8,13.8,19.7,26.2,485160,198287,131547,-13800,88200,214200,19204,112343,"[Unfurnished] Citywide PSF Avg, Strata all sizes (RM1.56/sqft, n=47) | Citywide | [Partial] Area PSF Avg, Strata all sizes (RM2.36/sqft, n=8) | Ampang | [Fully] Area PSF Avg, Strata all sizes (RM3.33/sqft, n=20) | Ampang",12/7/2026,EXP,https://telegram.me/extremeproperty_listing/11362
Baiduri Apartment,Kuala Lumpur,Desa Pandan,Apartment,3,2.0,950,Leasehold,410000,1870,1750,-120,1900,30,2850,980,5.56,8.34,🟢 Strong,68300,10,8,4,70.3,199.1,528.1,14.1,19.9,26.4,499788,204308,136008,-14400,3600,117600,19693,116315,"[Unfurnished] Area PSF Avg, Strata all sizes (RM1.84/sqft, n=3) | Kuala Lumpur | [Partial] Area PSF Avg, Strata all sizes (RM2.00/sqft, n=25) | Kuala Lumpur | [Fully] Area PSF Avg, Strata all sizes (RM3.00/sqft, n=58) | Kuala Lumpur",12/7/2026,EXP,https://telegram.me/extremeproperty_listing/7840
Vista Alam Serviced Apartment,Shah Alam,Seksyen 14,Service Residence,2,2.0,911,Freehold,390000,1778,1350,-428,1550,-228,2450,672,4.77,7.54,🟢 Strong,65700,17,12,5,68.3,195.6,520.6,13.7,19.6,26.0,475408,194224,128524,-51360,-27360,80640,18879,109645,"[Unfurnished] Area PSF Avg, Strata all sizes (RM1.83/sqft, n=6) | Shah Alam | [Partial] Area PSF Avg, Strata all sizes (RM1.71/sqft, n=21) | Shah Alam | [Fully] Area PSF Avg, Strata all sizes (RM2.66/sqft, n=18) | Shah Alam | CORRECTED (audit 19/07/2026): Unfurnished 1650.0->1350 -- tier re-derived from Partial per prompt's known-tier ratio (original PSF-fallback figure was inverted)",12/7/2026,MMN,https://telegram.me/HaniMNListingSubsale/312
Tiara Imperio,Bangi,Jalan Ilmiah,Studio,1,1.0,450,Freehold,260000,1186,1050,-136,1200,14,1500,314,5.54,6.92,🟢 Strong,48800,12,9,6,51.2,165.5,457.5,10.2,16.6,22.9,316939,129583,80783,-16320,1680,37680,13586,67197,[Partial] Exact - 1 listing(s) | Tiara Imperio | [Fully] Exact - 1 listing(s) | Tiara Imperio | [Unfurnished] Est. from Partial,9/7/2026,EXP,https://telegram.me/extremeproperty_listing/19534
Pangsapuri Sri Aman,Petaling Jaya / Damansara,Seksyen 22,Flat,3,2.0,650,Leasehold,250000,1140,1000,-140,1300,160,2350,1210,6.24,11.28,🟢 Strong,47500,13,7,3,49.3,162.2,450.5,9.9,16.2,22.5,304749,124541,77041,-16800,19200,145200,13179,63862,"[Unfurnished] Area PSF Avg, Strata all sizes (RM1.53/sqft, n=5) | Petaling Jaya / Damansara | [Partial] Area PSF Avg, Strata all sizes (RM2.00/sqft, n=11) | Petaling Jaya / Damansara | [Fully] Area PSF Avg, Strata all sizes (RM3.59/sqft, n=10) | Petaling Jaya / Damansara",25/5/2026,EXP,https://telegram.me/extremeproperty_listing/17841
Sri Ros Apartment,Kajang,Sungai Chua,Apartment,3,2.0,773,Freehold,250000,1140,1000,-140,1100,-40,1350,210,5.28,6.48,🟡 Neutral,47500,13,10,7,49.3,162.2,450.5,9.9,16.2,22.5,304749,124541,77041,-16800,-4800,25200,13179,63862,[Fully] Fuzzy - 1 listing(s) | Sri Ixora Apartment | [Partial] Est. from Fully; [Unfurnished] Est. from Fully,14/6/2026,EXP,https://telegram.me/extremeproperty_listing/16805
Platinum Lake PV 10 Condominium,Setapak,Setapak,Condominium,4,2.0,1272,Leasehold,470000,2143,2000,-143,2750,607,3300,1157,7.02,8.43,🟢 Strong,76100,9,5,4,75.2,207.6,545.8,15.0,20.8,27.3,572927,234107,158007,-17160,72840,138840,22136,135871,"[Unfurnished] Citywide PSF Avg, Strata all sizes (RM1.56/sqft, n=47) | Citywide | [Partial] Zone PSF Avg, Strata all sizes (RM2.18/sqft, n=3) | Setapak | [Fully] Zone PSF Avg, Strata all sizes (RM2.13/sqft, n=4) | Setapak | CORRECTED (audit 19/07/2026): Fully 2700.0->3300 -- tier re-derived from Partial per prompt's known-tier ratio (original PSF-fallback figure was inverted)",12/7/2026,EXP,https://telegram.me/extremeproperty_listing/10422
Changkat View Condominium,Kuala Lumpur,Dutamas,Condominium,2,2.0,1038,Freehold,450000,2052,1900,-152,2100,48,3100,1048,5.6,8.27,🟢 Strong,73500,10,8,4,73.7,205.0,540.3,14.7,20.5,27.0,548547,224174,150674,-18240,5760,125760,21321,129353,"[Unfurnished] Area PSF Avg, Strata all sizes (RM1.84/sqft, n=3) | Kuala Lumpur | [Partial] Area PSF Avg, Strata all sizes (RM2.00/sqft, n=25) | Kuala Lumpur | [Fully] Area PSF Avg, Strata all sizes (RM3.00/sqft, n=58) | Kuala Lumpur",12/7/2026,EXP,https://telegram.me/extremeproperty_listing/12904
Apartment Duta Perintis,Puncak Alam,Alam Suria,Apartment,3,2.0,850,Leasehold,330000,1505,1350,-155,1500,-5,2150,645,5.45,7.82,🟢 Strong,57900,11,9,4,61.7,184.0,496.2,12.3,18.4,24.8,402268,164424,106524,-18600,-600,77400,16436,90088,"[Unfurnished] Citywide PSF Avg, Strata all sizes (RM1.56/sqft, n=47) | Citywide | [Partial] Citywide PSF Avg, Strata all sizes (RM1.76/sqft, n=156) | Citywide | [Fully] Citywide PSF Avg, Strata all sizes (RM2.54/sqft, n=235) | Citywide",12/7/2026,CND,https://telegram.me/ciknadhartanahmurahlisting/514
Putra Suria Residence,Kuala Lumpur,Taman Ikan Emas,Apartment,3,2.0,748,Leasehold,330000,1505,1350,-155,1500,-5,2250,745,5.45,8.18,🟢 Strong,57900,11,9,4,61.7,184.0,496.2,12.3,18.4,24.8,402268,164424,106524,-18600,-600,89400,16436,90088,"[Unfurnished] Area PSF Avg, Strata all sizes (RM1.84/sqft, n=3) | Kuala Lumpur | [Partial] Area PSF Avg, Strata all sizes (RM2.00/sqft, n=25) | Kuala Lumpur | [Fully] Area PSF Avg, Strata all sizes (RM3.00/sqft, n=58) | Kuala Lumpur",12/7/2026,EXP,https://telegram.me/extremeproperty_listing/14846
Residensi Pandanmas 2,Kuala Lumpur,Kg Pandan,Condominium,3,2.0,900,-,385000,1756,1600,-156,1850,94,2200,444,5.77,6.86,🟢 Strong,65050,10,7,5,67.9,194.9,519.2,13.6,19.5,26.0,469313,191854,126804,-18720,11280,53280,18675,108129,[Partial] Exact - 2 listing(s) | Residensi Pandanmas 2 | [Unfurnished] Est. from Partial; [Fully] Est. from Partial,27/6/2026,EXP,https://telegram.me/extremeproperty_listing/19175
Simfoni 2 Residences,Kajang,Bandar Teknologi Kajang,Condominium,4,3.0,1038,Leasehold,400000,1824,1250,-574,1450,-374,1750,-74,4.35,5.25,🟠 Mild -ve,67000,23,15,9,69.3,197.4,524.4,13.9,19.7,26.2,487598,199266,132266,-68880,-44880,-8880,19286,112980,"[Unfurnished] Area PSF Avg, Strata all sizes (RM1.57/sqft, n=8) | Kajang | [Partial] Area PSF Avg, Strata all sizes (RM1.40/sqft, n=21) | Kajang | [Fully] Area PSF Avg, Strata all sizes (RM1.69/sqft, n=13) | Kajang | CORRECTED (audit 19/07/2026): Unfurnished 1650.0->1250 -- tier re-derived from Partial per prompt's known-tier ratio (original PSF-fallback figure was inverted)",12/7/2026,EXP,https://telegram.me/extremeproperty_listing/12752
Casa Idaman,Sentul,Kampung Batu Muda,Condominium,3,2.0,1007,Leasehold,380000,1733,1550,-183,1900,167,2400,667,6,7.58,🟢 Strong,64400,11,7,5,67.4,194.0,517.3,13.5,19.4,25.9,463218,189333,124933,-21960,20040,80040,18471,106462,"[Unfurnished] Citywide PSF Avg, Strata all sizes (RM1.56/sqft, n=47) | Citywide | [Partial] Area PSF Avg, Strata all sizes (RM1.88/sqft, n=6) | Sentul | [Fully] Area PSF Avg, Strata all sizes (RM2.36/sqft, n=12) | Sentul",17/6/2026,EXP,https://telegram.me/extremeproperty_listing/18739
Tiara Duta Condominium,Ampang,Ampang,Condominium,3,2.0,1001,Leasehold,380000,1733,1550,-183,2350,617,2800,1067,7.42,8.84,🟢 Strong,64400,11,5,4,67.4,194.0,517.3,13.5,19.4,25.9,463218,189333,124933,-21960,74040,128040,18471,106462,"[Unfurnished] Citywide PSF Avg, Strata all sizes (RM1.56/sqft, n=47) | Citywide | [Partial] Area PSF Avg, Strata all sizes (RM2.36/sqft, n=8) | Ampang | [Fully] Zone PSF Avg, Strata all sizes (RM2.80/sqft, n=3) | Ampang",12/7/2026,EXP,https://telegram.me/extremeproperty_listing/9072
Residensi KLIA,Nilai,Residensi KLIA,Serviced Residence,3,2.0,962,Freehold,370000,1687,1500,-187,1700,13,2050,363,5.51,6.65,🟢 Strong,63100,11,8,6,66.3,192.1,513.1,13.3,19.2,25.7,451028,184290,121190,-22440,1560,43560,18064,103126,"[Unfurnished] Citywide PSF Avg, Strata all sizes (RM1.56/sqft, n=47) | Citywide | [Partial] Citywide PSF Avg, Strata all sizes (RM1.76/sqft, n=156) | Citywide | [Fully] Area PSF Avg, Strata all sizes (RM1.33/sqft, n=5) | Nilai | CORRECTED (audit 19/07/2026): Fully 1300.0->2050 -- tier re-derived from Partial per prompt's known-tier ratio (original PSF-fallback figure was inverted)",12/7/2026,RSS,https://telegram.me/rumahsubsaleklselangorbynuruls/901
Juta Mines Condominium,Seri Kembangan,Seri Kembangan,Condominium,3,2.0,901,Leasehold,350000,1596,900,-696,1050,-546,2550,954,3.6,8.74,🟢 Strong,60500,,26,4,64.1,188.2,505.1,12.8,18.8,25.3,426648,174357,113857,-83520,-65520,114480,17250,96607,"[Unfurnished] Citywide PSF Avg, Strata all sizes (RM1.56/sqft, n=47) | Citywide | [Partial] Area PSF Avg, Strata all sizes (RM1.17/sqft, n=4) | Seri Kembangan | [Fully] Area PSF Avg, Strata all sizes (RM2.85/sqft, n=10) | Seri Kembangan | CORRECTED (audit 19/07/2026): Unfurnished 1400.0->900 -- tier re-derived from Partial per prompt's known-tier ratio (original PSF-fallback figure was inverted)",12/7/2026,EXP,https://telegram.me/extremeproperty_listing/9861
Saville @ Taman Melawati,Kuala Lumpur,Taman Melawati,Service Residence,3,2.0,1007,Freehold,450000,2052,1850,-202,2000,-52,3000,948,5.33,8,🟢 Strong,73500,10,9,4,73.7,205.0,540.3,14.7,20.5,27.0,548547,224174,150674,-24240,-6240,113760,21321,129353,"[Unfurnished] Area PSF Avg, Strata all sizes (RM1.84/sqft, n=3) | Kuala Lumpur | [Partial] Area PSF Avg, Strata all sizes (RM2.00/sqft, n=25) | Kuala Lumpur | [Fully] Area PSF Avg, Strata all sizes (RM3.00/sqft, n=58) | Kuala Lumpur",25/5/2026,EXP,https://telegram.me/extremeproperty_listing/17908
Habitus @ City of Elmina,Shah Alam,Denai Alam,Condominium,1,1.0,450,Freehold,220000,1003,650,-353,750,-253,1200,197,4.09,6.55,🟡 Neutral,43600,28,20,7,43.1,151.3,427.6,8.6,15.1,21.4,268179,109566,65966,-42360,-30360,23640,11957,54009,"[Unfurnished] Area PSF Avg, Strata all sizes (RM1.83/sqft, n=6) | Shah Alam | [Partial] Area PSF Avg, Strata all sizes (RM1.71/sqft, n=21) | Shah Alam | [Fully] Area PSF Avg, Strata all sizes (RM2.66/sqft, n=18) | Shah Alam | CORRECTED (audit 19/07/2026): Unfurnished 800.0->650 -- tier re-derived from Partial per prompt's known-tier ratio (original PSF-fallback figure was inverted)",20/4/2026,EXP,https://telegram.me/extremeproperty_listing/16603
BSP 21,Puchong,Bandar Saujana Putra,Service Residence,1,1.0,610,Leasehold,265000,1208,800,-408,900,-308,1350,142,4.08,6.11,🟡 Neutral,49450,26,19,7,52.0,166.8,460.2,10.4,16.7,23.0,323034,131953,82503,-48960,-36960,17040,13789,68714,"[Unfurnished] Area PSF Avg, Strata all sizes (RM1.61/sqft, n=3) | Puchong | [Partial] Area PSF Avg, Strata all sizes (RM1.48/sqft, n=15) | Puchong | [Fully] Area PSF Avg, Strata all sizes (RM2.22/sqft, n=12) | Puchong | CORRECTED (audit 19/07/2026): Unfurnished 1000.0->800 -- tier re-derived from Partial per prompt's known-tier ratio (original PSF-fallback figure was inverted)",12/7/2026,RSS,https://telegram.me/rumahsubsaleklselangorbynuruls/269
Double Storey Terrace Taman Bukit Belimbing,Seri Kembangan,Bukit Belimbing,Landed Terrace,4,3.0,1800,Freehold,475000,2166,1950,-216,2250,84,2550,384,5.68,6.44,🟢 Strong,76750,6,5,4,127.3,326.9,859.1,25.5,32.7,43.0,670034,327640,250890,-25920,10080,46080,25379,225511,"[Unfurnished] Citywide PSF Avg, Landed >=1500sqft (RM1.07/sqft, n=13) | Citywide | [Partial] Citywide PSF Avg, Landed >=1500sqft (RM1.25/sqft, n=29) | Citywide | [Fully] Citywide PSF Avg, Landed >=1500sqft (RM1.41/sqft, n=14) | Citywide",12/7/2026,EXP,https://telegram.me/extremeproperty_listing/15394
Rumah Awam Kos Rendah Batu 15 Jalan Semenyih,Kajang,Batu 15 Jalan Semenyih,1 Storey Terrace,2,1.0,1000,Leasehold,300000,1368,800,-568,900,-468,1400,32,3.6,5.6,🟡 Neutral,54000,10,9,5,104.0,283.2,761.0,20.8,28.3,38.0,423180,206931,152931,-68160,-56160,3840,17134,135797,"[Unfurnished] Citywide PSF Avg, Landed all sizes (RM1.15/sqft, n=15) | Citywide | [Partial] Area PSF Avg, Landed all sizes (RM0.89/sqft, n=6) | Kajang | [Fully] Citywide PSF Avg, Landed all sizes (RM1.41/sqft, n=14) | Citywide | CORRECTED (audit 19/07/2026): Unfurnished 1150.0->800 -- tier re-derived from Partial per prompt's known-tier ratio (original PSF-fallback figure was inverted)",27/6/2026,EXP,https://telegram.me/extremeproperty_listing/19198
Endah Ria Condominium,Kuala Lumpur,Sri Petaling,Condominium,3,2.0,946,Leasehold,355000,1619,1400,-219,1600,-19,1900,281,5.41,6.42,🟡 Neutral,61150,12,9,6,64.7,189.3,507.3,12.9,18.9,25.4,432743,176879,115729,-26280,-2280,33720,17454,98275,[Fully] Exact - 1 listing(s) | Endah Ria Condominium | [Partial] Est. from Fully; [Unfurnished] Est. from Fully,28/3/2026,EXP,https://telegram.me/extremeproperty_listing/15962
One Damansara Condo,Petaling Jaya / Damansara,Damansara Damai,Condominium,3,2.0,986,Leasehold,380000,1733,1500,-233,1700,-33,3550,1817,5.37,11.21,🟢 Strong,64400,12,9,3,67.4,194.0,517.3,13.5,19.4,25.9,463218,189333,124933,-27960,-3960,218040,18471,106462,"[Unfurnished] Area PSF Avg, Strata all sizes (RM1.53/sqft, n=5) | Petaling Jaya / Damansara | [Partial] Zone PSF Avg, Strata all sizes (RM1.73/sqft, n=3) | Damansara Damai | [Fully] Area PSF Avg, Strata all sizes (RM3.59/sqft, n=10) | Petaling Jaya / Damansara",14/4/2026,MMN,https://telegram.me/HaniMNListingSubsale/484
Nusari Aman 2,Nilai,Bandar Sri Sendayan,2 Storey Terrace,4,3.0,2316,Freehold,600000,2736,2500,-236,2900,164,3250,514,5.8,6.5,🟢 Strong,94000,5,4,4,134.4,340.3,889.2,26.9,34.0,44.5,846359,413861,319861,-28320,19680,61680,31268,288593,"[Unfurnished] Citywide PSF Avg, Landed >=1500sqft (RM1.07/sqft, n=13) | Citywide | [Partial] Citywide PSF Avg, Landed >=1500sqft (RM1.25/sqft, n=29) | Citywide | [Fully] Citywide PSF Avg, Landed >=1500sqft (RM1.41/sqft, n=14) | Citywide",12/7/2026,ZYP,https://telegram.me/zikriyussofperundinghartanah/1065
Crystal Tower Condominium,Ampang,Taman Bukit Indah,Condominium,3,2.0,897,Leasehold,359000,1637,1400,-237,2100,463,3000,1363,7.02,10.03,🟢 Strong,61670,12,5,3,65.1,190.0,508.8,13.0,19.0,25.4,437619,178835,117165,-28440,55560,163560,17616,99549,"[Unfurnished] Citywide PSF Avg, Strata all sizes (RM1.56/sqft, n=47) | Citywide | [Partial] Area PSF Avg, Strata all sizes (RM2.36/sqft, n=8) | Ampang | [Fully] Area PSF Avg, Strata all sizes (RM3.33/sqft, n=20) | Ampang",12/7/2026,EXP,https://telegram.me/extremeproperty_listing/10504
Empire City Colonial Loft,Petaling Jaya / Damansara,Damansara Perdana,Duplex,1,2.0,900,Leasehold,350000,1596,1350,-246,1800,204,2950,1354,6.17,10.11,🟢 Strong,60500,13,7,3,64.1,188.2,505.1,12.8,18.8,25.3,426648,174357,113857,-29520,24480,162480,17250,96607,"[Unfurnished] Area PSF Avg, Strata all sizes (RM1.53/sqft, n=5) | Petaling Jaya / Damansara | [Partial] Area PSF Avg, Strata all sizes (RM2.00/sqft, n=11) | Petaling Jaya / Damansara | [Fully] Zone PSF Avg, Strata all sizes (RM3.30/sqft, n=4) | Damansara Perdana",25/5/2026,EXP,https://telegram.me/extremeproperty_listing/17851
Desa Mutiara Apartment,Petaling Jaya / Damansara,Mutiara Damansara,Apartment,3,2.0,670,Freehold,275000,1254,1000,-254,1350,96,2400,1146,5.89,10.47,🟢 Strong,50750,16,8,3,53.7,169.9,466.7,10.7,17.0,23.3,335223,136995,86245,-30480,11520,137520,14196,72049,"[Unfurnished] Area PSF Avg, Strata all sizes (RM1.53/sqft, n=5) | Petaling Jaya / Damansara | [Partial] Area PSF Avg, Strata all sizes (RM2.00/sqft, n=11) | Petaling Jaya / Damansara | [Fully] Area PSF Avg, Strata all sizes (RM3.59/sqft, n=10) | Petaling Jaya / Damansara",12/7/2026,RSS,https://telegram.me/rumahsubsaleklselangorbynuruls/893
Ampang Putra Residensi,Ampang,Taman Putra Sulaiman,Condominium,3,2.0,1290,Leasehold,499000,2276,2000,-276,3050,774,4300,2024,7.33,10.34,🟢 Strong,79870,11,5,3,77.3,211.3,553.7,15.5,21.1,27.7,608278,248669,168799,-33120,92880,242880,23316,145483,"[Unfurnished] Citywide PSF Avg, Strata all sizes (RM1.56/sqft, n=47) | Citywide | [Partial] Area PSF Avg, Strata all sizes (RM2.36/sqft, n=8) | Ampang | [Fully] Area PSF Avg, Strata all sizes (RM3.33/sqft, n=20) | Ampang",12/7/2026,EXP,https://telegram.me/extremeproperty_listing/13960
Mutiara Condominium,Ampang,Taman Bukit Indah,Condominium,3,2.0,1033,Leasehold,419000,1911,1600,-311,2450,539,3450,1539,7.02,9.88,🟢 Strong,69470,13,5,3,71.1,200.5,531.0,14.2,20.1,26.6,510759,208785,139315,-37320,64680,184680,20059,119256,"[Unfurnished] Citywide PSF Avg, Strata all sizes (RM1.56/sqft, n=47) | Citywide | [Partial] Area PSF Avg, Strata all sizes (RM2.36/sqft, n=8) | Ampang | [Fully] Area PSF Avg, Strata all sizes (RM3.33/sqft, n=20) | Ampang",2/7/2026,EXP,https://telegram.me/extremeproperty_listing/19353
Sentrovue Service Apartment,Puncak Alam,Puncak Alam,Service Apartment,3,2.0,842,Leasehold,255000,1163,850,-313,1000,-163,1200,37,4.71,5.65,🟡 Neutral,48150,20,13,9,50.2,163.9,454.1,10.0,16.4,22.7,310844,127062,78912,-37560,-19560,4440,13382,65530,[Partial] Fuzzy - 1 listing(s) | Sentrovue Apartment | [Unfurnished] Est. from Partial; [Fully] Est. from Partial,10/4/2026,RSS,https://telegram.me/rumahsubsaleklselangorbynuruls/1026
Cubic Botanical,Kuala Lumpur,Pantai Dalam,Condominium,2,1.0,650,Freehold,420000,1915,1600,-315,1750,-165,2100,185,5,6,🟡 Neutral,69600,13,10,7,71.1,200.6,531.0,14.2,20.1,26.6,511978,209199,139599,-37800,-19800,22200,20100,119499,[Fully] Exact - 1 listing(s) | Cubic Botanical | [Partial] Est. from Fully; [Unfurnished] Est. from Fully,17/5/2026,EXP,https://telegram.me/extremeproperty_listing/17546
Residensi Rimbun,Kajang,Kajang 2,Condominium,2,1.0,597,Freehold,278000,1268,950,-318,1050,-218,1250,-18,4.53,5.4,🟠 Mild -ve,51140,19,14,9,54.2,170.9,468.8,10.8,17.1,23.4,338880,138538,87398,-38160,-26160,-2160,14319,73079,"[Unfurnished] Area PSF Avg, Strata all sizes (RM1.57/sqft, n=8) | Kajang | [Partial] Zone PSF Avg, Strata all sizes (RM1.75/sqft, n=6) | Kajang 2 | [Fully] Area PSF Avg, Strata all sizes (RM1.69/sqft, n=13) | Kajang | CORRECTED (audit 19/07/2026): Fully 1000.0->1250 -- tier re-derived from Partial per prompt's known-tier ratio (original PSF-fallback figure was inverted)",12/7/2026,RSS,https://telegram.me/rumahsubsaleklselangorbynuruls/857
2 Storey Terrace Bandar Mahkota Cheras,Cheras,Bandar Mahkota Cheras,2 Storey Terrace,4,3.0,2340,Freehold,620000,2827,2500,-327,2900,73,3300,473,5.61,6.39,🟢 Strong,96800,6,5,4,135.2,341.8,892.5,27.0,34.2,44.6,874571,427626,330826,-39240,8760,56760,32211,298615,"[Unfurnished] Citywide PSF Avg, Landed >=1500sqft (RM1.07/sqft, n=13) | Citywide | [Partial] Citywide PSF Avg, Landed >=1500sqft (RM1.25/sqft, n=29) | Citywide | [Fully] Citywide PSF Avg, Landed >=1500sqft (RM1.41/sqft, n=14) | Citywide",17/6/2026,EXP,https://telegram.me/extremeproperty_listing/18779
1 Storey Terrace Kampung Pendamar II,Klang,Pandamaran,1 Storey Terrace,3,1.0,1220,Leasehold 62 yrs,450000,2052,1400,-652,1600,-452,1700,-352,4.27,4.53,🟠 Mild -ve,73500,8,7,6,124.8,322.3,848.8,25.0,32.2,42.4,634769,310396,236896,-78240,-54240,-42240,24201,212695,"[Unfurnished] Area PSF Avg, Landed all sizes (RM1.38/sqft, n=4) | Klang | [Partial] Citywide PSF Avg, Landed all sizes (RM1.32/sqft, n=31) | Citywide | [Fully] Citywide PSF Avg, Landed all sizes (RM1.41/sqft, n=14) | Citywide | CORRECTED (audit 19/07/2026): Unfurnished 1700.0->1400 -- tier re-derived from Partial per prompt's known-tier ratio (original PSF-fallback figure was inverted)",15/6/2026,MMN,https://telegram.me/HaniMNListingSubsale/563
Suria Jaya Apartment,Shah Alam,Seksyen 16,Apartment,2,2.0,550,Freehold,300000,1368,850,-518,950,-418,1450,82,3.8,5.8,🟡 Neutral,54000,30,23,8,57.6,176.8,481.0,11.5,17.7,24.1,365698,149449,95449,-62160,-50160,9840,15214,80235,"[Unfurnished] Area PSF Avg, Strata all sizes (RM1.83/sqft, n=6) | Shah Alam | [Partial] Area PSF Avg, Strata all sizes (RM1.71/sqft, n=21) | Shah Alam | [Fully] Area PSF Avg, Strata all sizes (RM2.66/sqft, n=18) | Shah Alam | CORRECTED (audit 19/07/2026): Unfurnished 1000.0->850 -- tier re-derived from Partial per prompt's known-tier ratio (original PSF-fallback figure was inverted)",12/7/2026,EXP,https://telegram.me/extremeproperty_listing/14437
KSL Blossom Square (Type B),Shah Alam,Setia Alam,Serviced Apartment,2,1.0,650,Freehold,345789,1577,900,-677,1050,-527,1450,-127,3.64,5.03,🟠 Mild -ve,59953,,25,10,63.6,187.4,503.4,12.7,18.7,25.2,421515,172290,112337,-81240,-63240,-15240,17079,95258,"[Unfurnished] Area PSF Avg, Strata all sizes (RM1.83/sqft, n=6) | Shah Alam | [Partial] Zone PSF Avg, Strata all sizes (RM1.58/sqft, n=3) | Setia Alam | [Fully] Zone PSF Avg, Strata all sizes (RM2.20/sqft, n=5) | Setia Alam | CORRECTED (audit 19/07/2026): Unfurnished 1200.0->900 -- tier re-derived from Partial per prompt's known-tier ratio (original PSF-fallback figure was inverted)",18/5/2026,,New Launch ÃƒÂ¢Ã‚â‚¬Ã‚â€ Freehold Serviced Apartment
SkyPark @ Cyberjaya,Cyberjaya / Putrajaya,Jalan Teknokrat / Cyberjaya City Centre,Serviced Residence,2,1.0,556,Freehold,270000,1231,850,-381,1000,-231,1150,-81,4.44,5.11,🟠 Mild -ve,50100,23,15,11,52.8,168.4,463.5,10.6,16.8,23.2,329128,134474,84374,-45720,-27720,-9720,13993,70381,"[Unfurnished] Citywide PSF Avg, Strata all sizes (RM1.56/sqft, n=47) | Citywide | [Partial] Citywide PSF Avg, Strata all sizes (RM1.76/sqft, n=156) | Citywide | [Fully] Area PSF Avg, Strata all sizes (RM2.10/sqft, n=11) | Cyberjaya / Putrajaya",22/4/2026,FDZ,https://telegram.me/fideszchannel/1427
Ampang Prima Condominium,Ampang,Bandar Baru Ampang,Condominium,3,2.0,1001,Leasehold (2098),425000,1938,1550,-388,2350,412,3350,1412,6.64,9.46,🟢 Strong,70250,14,6,3,71.6,201.4,532.7,14.3,20.1,26.6,518073,211720,141470,-46560,49440,169440,20304,121166,"[Unfurnished] Citywide PSF Avg, Strata all sizes (RM1.56/sqft, n=47) | Citywide | [Partial] Area PSF Avg, Strata all sizes (RM2.36/sqft, n=8) | Ampang | [Fully] Area PSF Avg, Strata all sizes (RM3.33/sqft, n=20) | Ampang",4/6/2026,EXP,https://telegram.me/extremeproperty_listing/18087
Residensi Anggerik Wira,Kajang,Kampung Baru Sungai Makau,Condominium,3,2.0,1052,Freehold,350000,1596,1200,-396,1400,-196,1700,104,4.8,5.83,🟡 Neutral,60500,18,12,7,64.1,188.2,505.1,12.8,18.8,25.3,426648,174357,113857,-47520,-23520,12480,17250,96607,[Partial] Exact - 1 listing(s) | Residensi Anggerik Wira | [Unfurnished] Est. from Partial; [Fully] Est. from Partial,12/7/2026,EXP,https://telegram.me/extremeproperty_listing/14810
Univ 360 Place,Seri Kembangan,Serdang,Serviced Apartment,3,2.0,982,Leasehold,429000,1956,1000,-956,1150,-806,2800,844,3.22,7.83,🟢 Strong,70770,,,4,71.9,201.9,533.9,14.4,20.2,26.7,522949,213676,142906,-114720,-96720,101280,20466,122440,"[Unfurnished] Citywide PSF Avg, Strata all sizes (RM1.56/sqft, n=47) | Citywide | [Partial] Area PSF Avg, Strata all sizes (RM1.17/sqft, n=4) | Seri Kembangan | [Fully] Area PSF Avg, Strata all sizes (RM2.85/sqft, n=10) | Seri Kembangan | CORRECTED (audit 19/07/2026): Unfurnished 1550.0->1000 -- tier re-derived from Partial per prompt's known-tier ratio (original PSF-fallback figure was inverted)",12/7/2026,EXP,https://telegram.me/extremeproperty_listing/11797
Taman Maju,Kajang,Jalan Semenyih,2 Storey Terrace,3,3.0,1400,Freehold,440000,2006,1100,-906,1250,-756,1950,-56,3.41,5.32,🟠 Mild -ve,72200,11,9,5,123.8,320.3,844.2,24.8,32.0,42.2,620663,303438,231238,-108720,-90720,-6720,23730,207508,"[Unfurnished] Citywide PSF Avg, Landed all sizes (RM1.15/sqft, n=15) | Citywide | [Partial] Area PSF Avg, Landed all sizes (RM0.89/sqft, n=6) | Kajang | [Fully] Citywide PSF Avg, Landed all sizes (RM1.41/sqft, n=14) | Citywide | CORRECTED (audit 19/07/2026): Unfurnished 1600.0->1100 -- tier re-derived from Partial per prompt's known-tier ratio (original PSF-fallback figure was inverted)",12/7/2026,EXP,https://telegram.me/extremeproperty_listing/13887
Serissa Terrace Denai Alam,Shah Alam,Denai Alam,3 Storey Terrace,5,5.0,4314,Freehold,1100000,5016,4600,-416,6500,1484,7800,2784,7.09,8.51,🟢 Strong,165000,5,3,3,144.8,359.8,933.1,29.0,36.0,46.7,1551659,758745,593745,-49920,178080,334080,54825,538920,"[Unfurnished] Citywide PSF Avg, Landed >=1500sqft (RM1.07/sqft, n=13) | Citywide | [Partial] Area PSF Avg, Landed >=1500sqft (RM1.51/sqft, n=3) | Shah Alam | [Fully] Citywide PSF Avg, Landed >=1500sqft (RM1.41/sqft, n=14) | Citywide | CORRECTED (audit 19/07/2026): Fully 6100.0->7800 -- tier re-derived from Partial per prompt's known-tier ratio (original PSF-fallback figure was inverted)",12/7/2026,EXP,https://telegram.me/extremeproperty_listing/13775
SD2 Apartments,Kuala Lumpur,Bandar Sri Damansara,Apartment,3,1.0,693,Freehold,300000,1368,950,-418,1100,-268,1200,-168,4.4,4.8,🟠 Mild -ve,54000,23,15,12,57.6,176.8,481.0,11.5,17.7,24.1,365698,149449,95449,-50160,-32160,-20160,15214,80235,[Unfurnished] Fuzzy - 1 listing(s) | SD 2 Apartment | [Partial] Est. from Unfurnished; [Fully] Est. from Unfurnished,12/7/2026,EXP,https://telegram.me/extremeproperty_listing/11049
Palmyra Residence,Kajang,Bandar Puteri Bangi,Service Apartment,3,2.0,1066,Freehold,388000,1769,1350,-419,1500,-269,1800,31,4.64,5.57,🟡 Neutral,65440,17,13,8,68.1,195.3,519.9,13.6,19.5,26.0,472970,193245,127805,-50280,-32280,3720,18797,109008,[Fully] Exact - 1 listing(s) | Palmyra Residence | [Partial] Est. from Fully; [Unfurnished] Est. from Fully,20/4/2026,EXP,https://telegram.me/extremeproperty_listing/16641
Central Residence,Kuala Lumpur,Sungai Besi,Service Residence,2,1.0,573,Freehold,322500,1471,1050,-421,1150,-321,1350,-121,4.28,5.02,🟠 Mild -ve,56925,21,16,11,60.7,182.3,492.8,12.1,18.2,24.6,393126,160718,103793,-50520,-38520,-14520,16130,87663,"[Unfurnished] Area PSF Avg, Strata all sizes (RM1.84/sqft, n=3) | Kuala Lumpur | [Partial] Area PSF Avg, Strata all sizes (RM2.00/sqft, n=25) | Kuala Lumpur | [Fully] Zone PSF Avg, Strata all sizes (RM2.38/sqft, n=3) | Sungai Besi",28/3/2026,EXP,https://telegram.me/extremeproperty_listing/15937
Aseana Puteri Condominium,Puchong,Bandar Puteri 7,Condominium,3,2.0,1185,Freehold,509000,2321,1500,-821,1750,-571,2650,329,4.13,6.25,🟢 Strong,81260,26,17,6,77.7,212.0,555.1,15.5,21.2,27.8,620468,253559,172299,-98520,-68520,39480,23724,148575,"[Unfurnished] Area PSF Avg, Strata all sizes (RM1.61/sqft, n=3) | Puchong | [Partial] Area PSF Avg, Strata all sizes (RM1.48/sqft, n=15) | Puchong | [Fully] Area PSF Avg, Strata all sizes (RM2.22/sqft, n=12) | Puchong | CORRECTED (audit 19/07/2026): Unfurnished 1900.0->1500 -- tier re-derived from Partial per prompt's known-tier ratio (original PSF-fallback figure was inverted)",12/7/2026,EXP,https://telegram.me/extremeproperty_listing/8704
Sungai Kapar Indah,Klang,Meru (Sungai Kapar Indah),2-Storey Terrace House,4,3.0,1400,Leasehold,520000,2371,1600,-771,1850,-521,1950,-421,4.27,4.5,🟠 Mild -ve,82800,8,7,6,130.6,333.2,873.2,26.1,33.3,43.7,733511,358649,275849,-92520,-62520,-50520,27499,248350,"[Unfurnished] Area PSF Avg, Landed all sizes (RM1.38/sqft, n=4) | Klang | [Partial] Citywide PSF Avg, Landed all sizes (RM1.32/sqft, n=31) | Citywide | [Fully] Citywide PSF Avg, Landed all sizes (RM1.41/sqft, n=14) | Citywide | CORRECTED (audit 19/07/2026): Unfurnished 1950.0->1600 -- tier re-derived from Partial per prompt's known-tier ratio (original PSF-fallback figure was inverted)",12/7/2026,RSS,https://telegram.me/rumahsubsaleklselangorbynuruls/940
Menara U2,Shah Alam,Seksyen 13,Condominium,2,1.0,622,Leasehold,380000,1733,1300,-433,1400,-333,1700,-33,4.42,5.37,🟠 Mild -ve,64400,18,14,9,67.4,194.0,517.3,13.5,19.4,25.9,463218,189333,124933,-51960,-39960,-3960,18471,106462,[Fully] Exact - 1 listing(s) | Menara U2 | [Partial] Est. from Fully; [Unfurnished] Est. from Fully,12/7/2026,HRK,https://telegram.me/ListingRumahHurakanShahAlam/160
1 Storey Terrace Taman Bentara,Klang,Telok Panglima Garang,1 Storey Terrace,4,2.0,900,Leasehold (Malay Reserved),370000,1687,1050,-637,1200,-487,1250,-437,3.89,4.05,🟠 Mild -ve,63100,9,8,7,115.3,304.4,808.6,23.1,30.4,40.4,521922,255184,192084,-76440,-58440,-52440,20432,171652,"[Unfurnished] Area PSF Avg, Landed all sizes (RM1.38/sqft, n=4) | Klang | [Partial] Citywide PSF Avg, Landed all sizes (RM1.32/sqft, n=31) | Citywide | [Fully] Citywide PSF Avg, Landed all sizes (RM1.41/sqft, n=14) | Citywide | CORRECTED (audit 19/07/2026): Unfurnished 1250.0->1050 -- tier re-derived from Partial per prompt's known-tier ratio (original PSF-fallback figure was inverted)",28/3/2026,EXP,https://telegram.me/extremeproperty_listing/15923
2 Storey Terrace Sunway Kayangan,Shah Alam,Seksyen U9,2 Storey Terrace,4,3.0,2300,Leasehold,635000,2896,2450,-446,3450,554,4150,1254,6.52,7.84,🟢 Strong,98900,6,4,3,135.8,342.9,895.2,27.2,34.3,44.8,895730,438063,339163,-53520,66480,150480,32917,306246,"[Unfurnished] Citywide PSF Avg, Landed >=1500sqft (RM1.07/sqft, n=13) | Citywide | [Partial] Area PSF Avg, Landed >=1500sqft (RM1.51/sqft, n=3) | Shah Alam | [Fully] Citywide PSF Avg, Landed >=1500sqft (RM1.41/sqft, n=14) | Citywide | CORRECTED (audit 19/07/2026): Fully 3250.0->4150 -- tier re-derived from Partial per prompt's known-tier ratio (original PSF-fallback figure was inverted)",14/6/2026,EXP,https://telegram.me/extremeproperty_listing/16672
Arte Cheras,Kuala Lumpur,Taman Midah,Service Residence,4,2.0,868,Leasehold,450000,2052,1600,-452,1750,-302,2600,548,4.67,6.93,🟢 Strong,73500,15,12,5,73.7,205.0,540.3,14.7,20.5,27.0,548547,224174,150674,-54240,-36240,65760,21321,129353,"[Unfurnished] Area PSF Avg, Strata all sizes (RM1.84/sqft, n=3) | Kuala Lumpur | [Partial] Area PSF Avg, Strata all sizes (RM2.00/sqft, n=25) | Kuala Lumpur | [Fully] Area PSF Avg, Strata all sizes (RM3.00/sqft, n=58) | Kuala Lumpur",12/7/2026,EXP,https://telegram.me/extremeproperty_listing/12787
Sentul Village Condominium,Sentul,Sentul,Condominium,3,2.0,948,Freehold,450000,2052,1600,-452,1850,-202,2200,148,4.93,5.87,🟡 Neutral,73500,15,10,7,73.7,205.0,540.3,14.7,20.5,27.0,548547,224174,150674,-54240,-24240,17760,21321,129353,[Partial] Exact - 1 listing(s) | Sentul Village Condominium | [Unfurnished] Est. from Partial; [Fully] Est. from Partial,12/7/2026,EXP,https://telegram.me/extremeproperty_listing/14876
2 Storey Terrace Taman Banting Baru,Sepang,Taman Banting Baru,2 Storey Terrace,3,2.0,1550,Freehold (Bumi Lot),330000,1505,1050,-455,1950,445,2400,895,7.09,8.73,🟢 Strong,57900,8,4,3,109.3,293.2,783.4,21.9,29.3,39.2,465498,227654,169754,-54600,53400,107400,18548,151206,"[Unfurnished] Area PSF Avg, Landed >=1500sqft (RM0.67/sqft, n=3) | Sepang | [Partial] Citywide PSF Avg, Landed >=1500sqft (RM1.25/sqft, n=29) | Citywide | [Fully] Area PSF Avg, Landed >=1500sqft (RM1.55/sqft, n=3) | Sepang",19/5/2026,EXP,https://telegram.me/extremeproperty_listing/17703
Mutiara Ville Residence,Cyberjaya / Putrajaya,Cyberjaya,Condominium,3,2.0,1208,Freehold,520000,2371,1900,-471,2150,-221,2550,179,4.96,5.88,🟡 Neutral,82800,14,10,7,78.1,212.8,556.7,15.6,21.3,27.8,633877,259015,176215,-56520,-26520,21480,24171,152044,"[Unfurnished] Citywide PSF Avg, Strata all sizes (RM1.56/sqft, n=47) | Citywide | [Partial] Citywide PSF Avg, Strata all sizes (RM1.76/sqft, n=156) | Citywide | [Fully] Area PSF Avg, Strata all sizes (RM2.10/sqft, n=11) | Cyberjaya / Putrajaya",15/6/2026,EXP,https://telegram.me/extremeproperty_listing/18698
Cengal Condominium,Cheras,Bandar Sri Permaisuri,Condominium,3,2.0,927,Leasehold,450000,2052,1550,-502,1800,-252,1950,-102,4.8,5.2,🟠 Mild -ve,73500,17,11,9,73.7,205.0,540.3,14.7,20.5,27.0,548547,224174,150674,-60240,-30240,-12240,21321,129353,[Unfurnished] Exact - 1 listing(s) | Cengal Condominium | [Partial] Est. from Unfurnished; [Fully] Est. from Unfurnished,12/7/2026,EXP,https://telegram.me/extremeproperty_listing/14839
Traders Garden,Cheras,Cheras Selatan,Service Residence,4,2.0,859,Leasehold,430000,1961,1450,-511,1750,-211,2250,289,4.88,6.28,🟡 Neutral,70900,18,11,6,72.0,202.2,534.4,14.4,20.2,26.7,524168,214241,143341,-61320,-25320,34680,20507,122834,"[Unfurnished] Area PSF Avg, Strata all sizes (RM1.71/sqft, n=4) | Cheras | [Partial] Area PSF Avg, Strata all sizes (RM2.05/sqft, n=15) | Cheras | [Fully] Area PSF Avg, Strata all sizes (RM2.64/sqft, n=23) | Cheras",12/7/2026,EXP,https://telegram.me/extremeproperty_listing/7847
Aquila Taman Alam Sutera,Puncak Alam,Puncak Alam,2 Storey Terrace,4,3.0,1996,Leasehold,585000,2668,2150,-518,2700,32,2800,132,5.54,5.74,🟡 Neutral,91900,6,5,4,133.8,339.1,886.7,26.8,33.9,44.3,825200,403575,311675,-62160,3840,15840,30562,281113,"[Unfurnished] Citywide PSF Avg, Landed >=1500sqft (RM1.07/sqft, n=13) | Citywide | [Partial] Zone PSF Avg, Landed >=1500sqft (RM1.36/sqft, n=3) | Puncak Alam | [Fully] Citywide PSF Avg, Landed >=1500sqft (RM1.41/sqft, n=14) | Citywide",12/7/2026,HRK,https://telegram.me/ListingRumahHurakanShahAlam/112
Queensbury Mahkota Hills,Nilai,Mahkota Hills,2 Storey Terrace,4,3.0,1684,Freehold,510000,2326,1800,-526,2100,-226,2350,24,4.94,5.53,🟡 Neutral,81400,7,5,5,130.1,332.2,871.1,26.0,33.2,43.6,719405,351842,270442,-63120,-27120,2880,27028,243414,"[Unfurnished] Citywide PSF Avg, Landed >=1500sqft (RM1.07/sqft, n=13) | Citywide | [Partial] Citywide PSF Avg, Landed >=1500sqft (RM1.25/sqft, n=29) | Citywide | [Fully] Citywide PSF Avg, Landed >=1500sqft (RM1.41/sqft, n=14) | Citywide",12/7/2026,EXP,https://telegram.me/extremeproperty_listing/9045
DeCentrum SOHO Duplex,Kajang,Bangi,Service Residence,1,2.0,768,Freehold,385000,1756,900,-856,1050,-706,1300,-456,3.27,4.05,🟠 Mild -ve,65050,,,18,67.9,194.9,519.2,13.6,19.5,26.0,469313,191854,126804,-102720,-84720,-54720,18675,108129,"[Unfurnished] Area PSF Avg, Strata all sizes (RM1.57/sqft, n=8) | Kajang | [Partial] Area PSF Avg, Strata all sizes (RM1.40/sqft, n=21) | Kajang | [Fully] Area PSF Avg, Strata all sizes (RM1.69/sqft, n=13) | Kajang | CORRECTED (audit 19/07/2026): Unfurnished 1200.0->900 -- tier re-derived from Partial per prompt's known-tier ratio (original PSF-fallback figure was inverted)",12/7/2026,EXP,https://telegram.me/extremeproperty_listing/7674
Taman Harmoni,Kajang,Taman Harmoni,Terrace,4,3.0,1800,Freehold,550000,2508,1400,-1108,1600,-908,2550,42,3.49,5.56,🟡 Neutral,87000,10,8,5,132.2,336.1,879.7,26.4,33.6,44.0,775829,379373,292373,-132960,-108960,5040,28913,263460,"[Unfurnished] Citywide PSF Avg, Landed >=1500sqft (RM1.07/sqft, n=13) | Citywide | [Partial] Area PSF Avg, Landed >=1500sqft (RM0.89/sqft, n=6) | Kajang | [Fully] Citywide PSF Avg, Landed >=1500sqft (RM1.41/sqft, n=14) | Citywide | CORRECTED (audit 19/07/2026): Unfurnished 1950.0->1400 -- tier re-derived from Partial per prompt's known-tier ratio (original PSF-fallback figure was inverted)",12/7/2026,EXP,https://telegram.me/extremeproperty_listing/14568
KSL Blossom Square (Type C),Shah Alam,Setia Alam,Serviced Apartment,3,2.0,900,Freehold,484560,2210,1200,-1010,1400,-810,2000,-210,3.47,4.95,🟠 Mild -ve,77993,,27,10,76.3,209.6,550.0,15.3,21.0,27.5,590676,241452,163459,-121200,-97200,-25200,22729,140730,"[Unfurnished] Area PSF Avg, Strata all sizes (RM1.83/sqft, n=6) | Shah Alam | [Partial] Zone PSF Avg, Strata all sizes (RM1.58/sqft, n=3) | Setia Alam | [Fully] Zone PSF Avg, Strata all sizes (RM2.20/sqft, n=5) | Setia Alam | CORRECTED (audit 19/07/2026): Unfurnished 1650.0->1200 -- tier re-derived from Partial per prompt's known-tier ratio (original PSF-fallback figure was inverted)",18/5/2026,,New Launch Freehold Serviced Apartment
KSL Blossom Square (Type C1),Shah Alam,Setia Alam,Serviced Apartment,3,2.0,900,Freehold,484560,2210,1200,-1010,1400,-810,2000,-210,3.47,4.95,🟠 Mild -ve,77993,,27,10,76.3,209.6,550.0,15.3,21.0,27.5,590676,241452,163459,-121200,-97200,-25200,22729,140730,"[Unfurnished] Area PSF Avg, Strata all sizes (RM1.83/sqft, n=6) | Shah Alam | [Partial] Zone PSF Avg, Strata all sizes (RM1.58/sqft, n=3) | Setia Alam | [Fully] Zone PSF Avg, Strata all sizes (RM2.20/sqft, n=5) | Setia Alam | CORRECTED (audit 19/07/2026): Unfurnished 1650.0->1200 -- tier re-derived from Partial per prompt's known-tier ratio (original PSF-fallback figure was inverted)",18/5/2026,,New Launch  Freehold Serviced Apartment
Seasons Garden Residences,Setapak,Seksyen 10 Wangsa Maju,Condominium,3,2.0,900,Leasehold,430000,1961,1400,-561,1900,-61,2000,39,5.3,5.58,🟡 Neutral,70900,20,9,8,72.0,202.2,534.4,14.4,20.2,26.7,524168,214241,143341,-67320,-7320,4680,20507,122834,"[Unfurnished] Citywide PSF Avg, Strata all sizes (RM1.56/sqft, n=47) | Citywide | [Partial] Area PSF Avg, Strata all sizes (RM2.11/sqft, n=6) | Setapak | [Fully] Area PSF Avg, Strata all sizes (RM2.24/sqft, n=5) | Setapak",12/7/2026,EXP,https://telegram.me/extremeproperty_listing/14061
Taman Sri Sinar,Kuala Lumpur,Segambut,2.5 Storey Terrace,3,2.0,1200,Freehold,430000,1961,1400,-561,1600,-361,1700,-261,4.47,4.74,🟠 Mild -ve,70900,8,6,6,122.8,318.4,840.0,24.6,31.8,42.0,606557,296631,225731,-67320,-43320,-31320,23259,202472,"[Unfurnished] Citywide PSF Avg, Landed all sizes (RM1.15/sqft, n=15) | Citywide | [Partial] Citywide PSF Avg, Landed all sizes (RM1.32/sqft, n=31) | Citywide | [Fully] Citywide PSF Avg, Landed all sizes (RM1.41/sqft, n=14) | Citywide",18/3/2026,EXP,https://telegram.me/extremeproperty_listing/15720
Trifolia Apartment,Klang,Taman Saga,Apartment,3,2.0,904,Freehold,355000,1619,1050,-569,1200,-419,1450,-169,4.06,4.9,🟠 Mild -ve,61150,26,18,11,64.7,189.3,507.3,12.9,18.9,25.4,432743,176879,115729,-68280,-50280,-20280,17454,98275,[Partial] Fuzzy - 2 listing(s) | Aronia Apartment | [Unfurnished] Est. from Partial; [Fully] Est. from Partial,12/7/2026,MMN,https://telegram.me/HaniMNListingSubsale/156
LBS Skylake Residence,Puchong,Taman Putra Perdana,Service Residence,2,2.0,883,Leasehold,390000,1778,1200,-578,1400,-378,1700,-78,4.31,5.23,🟠 Mild -ve,65700,24,15,9,68.3,195.6,520.6,13.7,19.6,26.0,475408,194224,128524,-69360,-45360,-9360,18879,109645,[Partial] Exact - 1 listing(s) | LBS Skylake Residence | [Fully] Exact - 1 listing(s) | LBS Skylake Residence | [Unfurnished] Est. from Partial | CORRECTED (audit 19/07/2026): Fully 1300.0->1700 -- tier re-derived from Partial per prompt's known-tier ratio (original PSF-fallback figure was inverted),6/6/2026,MMN,https://telegram.me/HaniMNListingSubsale/540
Iris Garden,Bandar Saujana Putra,Saujana Putra,1 Storey Terrace,4,2.0,1000,Leasehold,380000,1733,1150,-583,1300,-433,1400,-333,4.11,4.42,🟠 Mild -ve,64400,8,7,7,116.7,307.1,814.5,23.3,30.7,40.7,536028,262142,197742,-69960,-51960,-39960,20903,176839,"[Unfurnished] Citywide PSF Avg, Landed all sizes (RM1.15/sqft, n=15) | Citywide | [Partial] Citywide PSF Avg, Landed all sizes (RM1.32/sqft, n=31) | Citywide | [Fully] Citywide PSF Avg, Landed all sizes (RM1.41/sqft, n=14) | Citywide",19/3/2026,MMN,https://telegram.me/HaniMNListingSubsale/385
Tiara Imperio,Bangi,Bangi,Serviced Residence,2,1.0,700,Leasehold,360000,1642,1050,-592,1200,-442,1500,-142,4,5,🟠 Mild -ve,61800,27,19,11,65.3,190.3,509.5,13.1,19.0,25.5,438838,179400,117600,-71040,-53040,-17040,17657,99943,[Partial] Exact - 1 listing(s) | Tiara Imperio | [Fully] Exact - 1 listing(s) | Tiara Imperio | [Unfurnished] Est. from Partial,12/7/2026,RSS,https://telegram.me/rumahsubsaleklselangorbynuruls/950
The Edge Residence,Subang Jaya,USJ 1,Service Residence,2,2.0,647,Leasehold,350000,1596,1000,-596,1150,-446,2150,554,3.94,7.37,🟢 Strong,60500,29,20,5,64.1,188.2,505.1,12.8,18.8,25.3,426648,174357,113857,-71520,-53520,66480,17250,96607,"[Unfurnished] Citywide PSF Avg, Strata all sizes (RM1.56/sqft, n=47) | Citywide | [Partial] Citywide PSF Avg, Strata all sizes (RM1.76/sqft, n=156) | Citywide | [Fully] Area PSF Avg, Strata all sizes (RM3.33/sqft, n=3) | Subang Jaya",12/7/2026,EXP,https://telegram.me/extremeproperty_listing/14454
Sri Alam Condominium,Shah Alam,Seksyen 13,Penthouse,6,6.0,2959,Leasehold,899000,4100,3500,-600,3900,-200,4700,600,5.21,6.27,🟢 Strong,135860,11,9,6,87.7,229.7,592.2,17.5,23.0,29.6,1095876,447934,312074,-72000,-24000,72000,39602,272472,[Fully] Fuzzy - 1 listing(s) | Sri Alam Condo | [Partial] Est. from Fully; [Unfurnished] Est. from Fully,11/5/2025,DPM,https://telegram.me/DeePropmall/1480
Amansiara Townhouse,Selayang,Selayang,Townhouse,3,2.0,1245,Leasehold,450000,2052,1450,-602,1650,-402,1750,-302,4.4,4.67,🟠 Mild -ve,73500,20,14,12,73.7,205.0,540.3,14.7,20.5,27.0,548547,224174,150674,-72240,-48240,-36240,21321,129353,"[Unfurnished] Citywide PSF Avg, Landed all sizes (RM1.15/sqft, n=15) | Citywide | [Partial] Citywide PSF Avg, Landed all sizes (RM1.32/sqft, n=31) | Citywide | [Fully] Citywide PSF Avg, Landed all sizes (RM1.41/sqft, n=14) | Citywide",12/7/2026,EXP,https://telegram.me/extremeproperty_listing/12763
Almyra Residence,Kajang,Bandar Puteri Bangi,Condominium,4,3.0,1207,Freehold,420000,1915,1300,-615,1400,-515,1700,-215,4,4.86,🟠 Mild -ve,69600,23,19,11,71.1,200.6,531.0,14.2,20.1,26.6,511978,209199,139599,-73800,-61800,-25800,20100,119499,[Fully] Fuzzy - 2 listing(s) | Palmyra Residences | [Partial] Est. from Fully; [Unfurnished] Est. from Fully,20/4/2026,EXP,https://telegram.me/extremeproperty_listing/16653
1 Storey Terrace Taman Bunga Raya,Kuala Lumpur,"Setapak, Taman Bunga Raya",1 Storey Terrace,3,2.0,1400,Freehold,490000,2234,1600,-634,1850,-384,1950,-284,4.53,4.78,🟠 Mild -ve,78700,7,6,6,128.6,329.4,864.7,25.7,32.9,43.2,691193,337926,259226,-76080,-46080,-34080,26086,233140,"[Unfurnished] Citywide PSF Avg, Landed all sizes (RM1.15/sqft, n=15) | Citywide | [Partial] Citywide PSF Avg, Landed all sizes (RM1.32/sqft, n=31) | Citywide | [Fully] Citywide PSF Avg, Landed all sizes (RM1.41/sqft, n=14) | Citywide",22/4/2025,EXP,https://telegram.me/extremeproperty_listing/16925
Green Acre Park Condominium,Kajang,Bandar Baru Sungai Long,Condominium,3,2.0,1020,Leasehold,490000,2234,1250,-984,1450,-784,1700,-534,3.55,4.16,🟠 Mild -ve,78700,,26,16,76.6,210.1,551.0,15.3,21.0,27.5,597307,244040,165340,-118080,-94080,-64080,22950,142390,"[Unfurnished] Area PSF Avg, Strata all sizes (RM1.57/sqft, n=8) | Kajang | [Partial] Area PSF Avg, Strata all sizes (RM1.40/sqft, n=21) | Kajang | [Fully] Area PSF Avg, Strata all sizes (RM1.69/sqft, n=13) | Kajang | CORRECTED (audit 19/07/2026): Unfurnished 1600.0->1250 -- tier re-derived from Partial per prompt's known-tier ratio (original PSF-fallback figure was inverted)",12/7/2026,EXP,https://telegram.me/extremeproperty_listing/13834
Double Storey Terrace Taman Dato Harun,Petaling Jaya / Damansara,Taman Dato Harun,Terrace,4,2.0,840,Leasehold,350000,1596,950,-646,1100,-496,1200,-396,3.77,4.11,🟠 Mild -ve,60500,10,8,7,112.5,299.0,796.5,22.5,29.9,39.8,493710,241419,180919,-77520,-59520,-47520,19490,161429,"[Unfurnished] Citywide PSF Avg, Landed all sizes (RM1.15/sqft, n=15) | Citywide | [Partial] Citywide PSF Avg, Landed all sizes (RM1.32/sqft, n=31) | Citywide | [Fully] Citywide PSF Avg, Landed all sizes (RM1.41/sqft, n=14) | Citywide",12/7/2026,EXP,https://telegram.me/extremeproperty_listing/14333
Plaza Grand Regency,Cheras,PGRM,Studio,1,1.0,566,Leasehold,350000,1596,950,-646,1150,-446,1500,-96,3.94,5.14,🟠 Mild -ve,60500,,20,10,64.1,188.2,505.1,12.8,18.8,25.3,426648,174357,113857,-77520,-53520,-11520,17250,96607,"[Unfurnished] Area PSF Avg, Strata all sizes (RM1.71/sqft, n=4) | Cheras | [Partial] Area PSF Avg, Strata all sizes (RM2.05/sqft, n=15) | Cheras | [Fully] Area PSF Avg, Strata all sizes (RM2.64/sqft, n=23) | Cheras",12/7/2026,EXP,https://telegram.me/extremeproperty_listing/10050
Angkasa Condominium,Cheras,Taman Connaught,Condominium,3,2.0,950,Freehold,430000,1961,1300,-661,1400,-561,1700,-261,3.91,4.74,🟠 Mild -ve,70900,24,20,12,72.0,202.2,534.4,14.4,20.2,26.7,524168,214241,143341,-79320,-67320,-31320,20507,122834,[Fully] Exact - 1 listing(s) | Angkasa Condominium | [Partial] Est. from Fully; [Unfurnished] Est. from Fully,4/6/2026,EXP,https://telegram.me/extremeproperty_listing/18078
Sri Putramas 1,Kuala Lumpur,Jalan Kuching,Condominium,3,2.0,1050,Freehold,430000,1961,1300,-661,1400,-561,1700,-261,3.91,4.74,🟠 Mild -ve,70900,24,20,12,72.0,202.2,534.4,14.4,20.2,26.7,524168,214241,143341,-79320,-67320,-31320,20507,122834,[Fully] Exact - 1 listing(s) | Sri Putramas 1 | [Partial] Est. from Fully; [Unfurnished] Est. from Fully,28/6/2026,EXP,https://telegram.me/extremeproperty_listing/19241
Double Storey Corner Lot Seksyen 6,Kajang,Bandar Rinching Seksyen 6,2 Storey Terrace,4,4.0,2000,Freehold,620000,2827,1550,-1277,1800,-1027,2800,-27,3.48,5.42,🟠 Mild -ve,96800,10,8,5,135.2,341.8,892.5,27.0,34.2,44.6,874571,427626,330826,-153240,-123240,-3240,32211,298615,"[Unfurnished] Citywide PSF Avg, Landed >=1500sqft (RM1.07/sqft, n=13) | Citywide | [Partial] Area PSF Avg, Landed >=1500sqft (RM0.89/sqft, n=6) | Kajang | [Fully] Citywide PSF Avg, Landed >=1500sqft (RM1.41/sqft, n=14) | Citywide | CORRECTED (audit 19/07/2026): Unfurnished 2150.0->1550 -- tier re-derived from Partial per prompt's known-tier ratio (original PSF-fallback figure was inverted)",12/7/2026,EXP,https://telegram.me/extremeproperty_listing/11707
Taman Setia Impian 2 Storey Terrace,Klang,Bandar Bukit Raja,2 Storey Terrace,4,3.0,1865,Freehold,620000,2827,2150,-677,2350,-477,2650,-177,4.55,5.13,🟠 Mild -ve,96800,7,6,5,135.2,341.8,892.5,27.0,34.2,44.6,874571,427626,330826,-81240,-57240,-21240,32211,298615,"[Unfurnished] Area PSF Avg, Landed >=1500sqft (RM1.15/sqft, n=3) | Klang | [Partial] Citywide PSF Avg, Landed >=1500sqft (RM1.25/sqft, n=29) | Citywide | [Fully] Citywide PSF Avg, Landed >=1500sqft (RM1.41/sqft, n=14) | Citywide",12/7/2026,EXP,https://telegram.me/extremeproperty_listing/14910
Parkhill Residence,Bukit Jalil,Bukit Jalil,Condominium,4,2.0,1300,Leasehold,599000,2732,1750,-982,2000,-732,3100,368,4.01,6.21,🟢 Strong,93860,26,18,6,81.1,218.0,567.7,16.2,21.8,28.4,730178,298485,204625,-117840,-87840,44160,27388,177237,"[Unfurnished] Citywide PSF Avg, Strata all sizes (RM1.56/sqft, n=47) | Citywide | [Partial] Area PSF Avg, Strata all sizes (RM1.56/sqft, n=3) | Bukit Jalil | [Fully] Area PSF Avg, Strata all sizes (RM2.38/sqft, n=3) | Bukit Jalil | CORRECTED (audit 19/07/2026): Unfurnished 2050.0->1750 -- tier re-derived from Partial per prompt's known-tier ratio (original PSF-fallback figure was inverted)",12/7/2026,EXP,https://telegram.me/extremeproperty_listing/10770
Cerrado @ Southville City,Sepang,Dengkil Southville City,Service Residence,2,1.0,656,Freehold,370000,1687,1000,-687,1150,-537,1450,-237,3.73,4.7,🟠 Mild -ve,63100,,23,12,66.3,192.1,513.1,13.3,19.2,25.7,451028,184290,121190,-82440,-64440,-28440,18064,103126,"[Unfurnished] Citywide PSF Avg, Strata all sizes (RM1.56/sqft, n=47) | Citywide | [Partial] Citywide PSF Avg, Strata all sizes (RM1.76/sqft, n=156) | Citywide | [Fully] Area PSF Avg, Strata all sizes (RM2.21/sqft, n=7) | Sepang",12/7/2026,EXP,https://telegram.me/extremeproperty_listing/14647
Laman Tasik Condominium,Cheras,Bandar Sri Permaisuri,Condominium,4,3.0,1281,Leasehold,480000,2189,1500,-689,1650,-539,2000,-189,4.13,5,🟠 Mild -ve,77400,22,17,10,75.9,209.0,548.7,15.2,20.9,27.4,585117,239149,161749,-82680,-64680,-22680,22543,139206,[Fully] Fuzzy - 1 listing(s) | Vista Tasik Condominium | [Partial] Est. from Fully; [Unfurnished] Est. from Fully,12/7/2026,EXP,https://telegram.me/extremeproperty_listing/8154
Platinum Splendor Residensi Semarak,Kuala Lumpur,Kampung Padang Tembak Semarak,Condominium,4,2.0,1184,Leasehold,590000,2690,2000,-690,2300,-390,2750,60,4.68,5.59,🟡 Neutral,92600,17,12,7,80.7,217.3,566.2,16.1,21.7,28.3,719207,293856,201256,-82800,-46800,7200,27022,174234,[Partial] Exact - 2 listing(s) | Platinum Splendor Residensi Semarak | [Unfurnished] Est. from Partial; [Fully] Est. from Partial,12/7/2026,EXP,https://telegram.me/extremeproperty_listing/14715
Suria Residence @ Bukit Jelutong,Shah Alam,Bukit Jelutong,Serviced Apartment,1,1.0,600,Freehold,395000,1801,900,-901,1050,-751,1600,-201,3.19,4.86,🟠 Mild -ve,66350,,,11,68.8,196.5,522.5,13.8,19.7,26.1,481503,196745,130395,-108120,-90120,-24120,19082,111313,"[Unfurnished] Area PSF Avg, Strata all sizes (RM1.83/sqft, n=6) | Shah Alam | [Partial] Area PSF Avg, Strata all sizes (RM1.71/sqft, n=21) | Shah Alam | [Fully] Area PSF Avg, Strata all sizes (RM2.66/sqft, n=18) | Shah Alam | CORRECTED (audit 19/07/2026): Unfurnished 1100.0->900 -- tier re-derived from Partial per prompt's known-tier ratio (original PSF-fallback figure was inverted)",12/7/2026,HRK,https://telegram.me/ListingRumahHurakanShahAlam/171
Taman Indah KLIA,Sepang,Taman Indah KLIA,2 Storey Terrace,4,3.0,2060,Leasehold,450000,2052,1350,-702,2600,548,3200,1148,6.93,8.53,🟢 Strong,73500,8,4,3,124.8,322.3,848.8,25.0,32.2,42.4,634769,310396,236896,-84240,65760,137760,24201,212695,"[Unfurnished] Area PSF Avg, Landed >=1500sqft (RM0.67/sqft, n=3) | Sepang | [Partial] Citywide PSF Avg, Landed >=1500sqft (RM1.25/sqft, n=29) | Citywide | [Fully] Area PSF Avg, Landed >=1500sqft (RM1.55/sqft, n=3) | Sepang",12/7/2026,EXP,https://telegram.me/extremeproperty_listing/11520
Casa Bluebell Townhouse,Cyberjaya / Putrajaya,Dengkil,Townhouse,3,2.0,1160,Leasehold,455000,2075,1350,-725,1550,-525,1650,-425,4.09,4.35,🟠 Mild -ve,74150,26,17,15,74.1,205.7,541.9,14.8,20.6,27.1,554642,226695,152545,-87000,-63000,-51000,21525,131020,"[Unfurnished] Citywide PSF Avg, Landed all sizes (RM1.15/sqft, n=15) | Citywide | [Partial] Citywide PSF Avg, Landed all sizes (RM1.32/sqft, n=31) | Citywide | [Fully] Citywide PSF Avg, Landed all sizes (RM1.41/sqft, n=14) | Citywide",12/7/2026,ZYP,https://telegram.me/zikriyussofperundinghartanah/1109
Double Storey Davina Nilai Impian,Nilai,Nilai Impian,Terrace,4,3.0,1650,Freehold,545000,2485,1750,-735,2050,-435,2350,-135,4.51,5.17,🟠 Mild -ve,86300,7,6,5,131.9,335.6,878.6,26.4,33.6,43.9,768776,375894,289594,-88200,-52200,-16200,28677,260917,"[Unfurnished] Citywide PSF Avg, Landed >=1500sqft (RM1.07/sqft, n=13) | Citywide | [Partial] Citywide PSF Avg, Landed >=1500sqft (RM1.25/sqft, n=29) | Citywide | [Fully] Citywide PSF Avg, Landed >=1500sqft (RM1.41/sqft, n=14) | Citywide",12/7/2026,RSS,https://telegram.me/rumahsubsaleklselangorbynuruls/414
Ashino @ Gravit8,Klang,"Kota Bayuemas, Klang South",Condominium,3,2.0,1239,Freehold,590000,2690,1450,-1240,1650,-1040,3150,460,3.36,6.41,🟢 Strong,92600,,29,6,80.7,217.3,566.2,16.1,21.7,28.3,719207,293856,201256,-148800,-124800,55200,27022,174234,"[Unfurnished] Citywide PSF Avg, Strata all sizes (RM1.56/sqft, n=47) | Citywide | [Partial] Area PSF Avg, Strata all sizes (RM1.34/sqft, n=6) | Klang | [Fully] Citywide PSF Avg, Strata all sizes (RM2.54/sqft, n=235) | Citywide | CORRECTED (audit 19/07/2026): Unfurnished 1950.0->1450 -- tier re-derived from Partial per prompt's known-tier ratio (original PSF-fallback figure was inverted)",13/5/2026,EXP,https://telegram.me/extremeproperty_listing/17437
M Centura,Kuala Lumpur,Sentul,Service Residence,4,2.0,1001,Freehold,470000,2143,1400,-743,1600,-543,1900,-243,4.09,4.85,🟠 Mild -ve,76100,25,17,11,75.2,207.6,545.8,15.0,20.8,27.3,572927,234107,158007,-89160,-65160,-29160,22136,135871,[Fully] Exact - 1 listing(s) | M Centura | [Partial] Est. from Fully; [Unfurnished] Est. from Fully,10/6/2026,EXP,https://telegram.me/extremeproperty_listing/18367
2 Storey Terrace Taman Tiara East,Kajang,Taman Tiara East,2 Storey Terrace,5,3.0,1680,Freehold,562000,2563,1300,-1263,1500,-1063,2350,-213,3.2,5.02,🟠 Mild -ve,88680,11,9,5,132.8,337.2,882.2,26.6,33.7,44.1,792757,387692,299012,-151560,-127560,-25560,29478,269534,"[Unfurnished] Citywide PSF Avg, Landed >=1500sqft (RM1.07/sqft, n=13) | Citywide | [Partial] Area PSF Avg, Landed >=1500sqft (RM0.89/sqft, n=6) | Kajang | [Fully] Citywide PSF Avg, Landed >=1500sqft (RM1.41/sqft, n=14) | Citywide | CORRECTED (audit 19/07/2026): Unfurnished 1800.0->1300 -- tier re-derived from Partial per prompt's known-tier ratio (original PSF-fallback figure was inverted)",17/4/2026,RSS,https://telegram.me/rumahsubsaleklselangorbynuruls/1116
Astana Lumayan,Cheras,Bandar Sri Permaisuri,Condominium,4,2.0,1207,Leasehold,530000,2417,1650,-767,1850,-567,2200,-217,4.19,4.98,🟠 Mild -ve,84200,22,16,10,78.6,213.6,558.4,15.7,21.4,27.9,646067,264057,179857,-92040,-68040,-26040,24579,155278,[Fully] Fuzzy - 1 listing(s) | Suasana Lumayan | [Partial] Est. from Fully; [Unfurnished] Est. from Fully,14/6/2026,EXP,https://telegram.me/extremeproperty_listing/16659
M Centura Residence,Sentul,Sentul,Condominium,4,2.0,1001,Freehold,509000,2321,1550,-771,1900,-421,2300,-21,4.48,5.42,🟠 Mild -ve,81260,24,13,8,77.7,212.0,555.1,15.5,21.2,27.8,620468,253559,172299,-92520,-50520,-2520,23724,148575,"[Unfurnished] Citywide PSF Avg, Strata all sizes (RM1.56/sqft, n=47) | Citywide | [Partial] Zone PSF Avg, Strata all sizes (RM1.88/sqft, n=7) | Sentul | [Fully] Zone PSF Avg, Strata all sizes (RM2.32/sqft, n=13) | Sentul",12/7/2026,EXP,https://telegram.me/extremeproperty_listing/7689
LakeFront Residence,Cyberjaya / Putrajaya,Cyber 11,Condominium,3,2.0,950,Freehold,500000,2280,1500,-780,1700,-580,1950,-330,4.08,4.68,🟠 Mild -ve,80000,25,17,12,77.3,211.4,553.7,15.5,21.1,27.7,609497,249082,169082,-93600,-69600,-39600,23357,145725,"[Unfurnished] Citywide PSF Avg, Strata all sizes (RM1.56/sqft, n=47) | Citywide | [Partial] Citywide PSF Avg, Strata all sizes (RM1.76/sqft, n=156) | Citywide | [Fully] Zone PSF Avg, Strata all sizes (RM2.03/sqft, n=4) | Cyber 11",13/4/2026,MMN,https://telegram.me/HaniMNListingSubsale/405
1 Storey Townhouse Platinum Residence Dengkil,Sepang,Dengkil,Townhouse,3,2.0,1421,Leasehold,380000,1733,950,-783,1850,117,2200,467,5.84,6.95,🟢 Strong,64400,,7,5,67.4,194.0,517.3,13.5,19.4,25.9,463218,189333,124933,-93960,14040,56040,18471,106462,"[Unfurnished] Area PSF Avg, Landed all sizes (RM0.67/sqft, n=3) | Sepang | [Partial] Citywide PSF Avg, Landed all sizes (RM1.32/sqft, n=31) | Citywide | [Fully] Area PSF Avg, Landed all sizes (RM1.55/sqft, n=3) | Sepang",10/4/2026,RSS,https://telegram.me/rumahsubsaleklselangorbynuruls/1015
2 Storey Terrace Irama Perdana,Puncak Alam,LBS Alam Perdana,2 Storey Terrace,4,4.0,1209,Leasehold,480000,2189,1400,-789,1650,-539,1700,-489,4.13,4.25,🟠 Mild -ve,77400,9,7,7,127.8,327.8,861.2,25.6,32.8,43.1,677087,331119,253719,-94680,-64680,-58680,25615,228104,"[Unfurnished] Citywide PSF Avg, Landed all sizes (RM1.15/sqft, n=15) | Citywide | [Partial] Area PSF Avg, Landed all sizes (RM1.36/sqft, n=4) | Puncak Alam | [Fully] Citywide PSF Avg, Landed all sizes (RM1.41/sqft, n=14) | Citywide",14/6/2026,EXP,https://telegram.me/extremeproperty_listing/16781
Pantai Panorama,Kuala Lumpur,Kampung Kerinchi (Bangsar South),Condominium,3,2.0,1248,Freehold,680000,3101,2300,-801,2500,-601,3750,649,4.41,6.62,🟢 Strong,105200,17,13,5,83.4,222.0,576.1,16.7,22.2,28.8,828916,338782,233582,-96120,-72120,77880,30686,202896,"[Unfurnished] Area PSF Avg, Strata all sizes (RM1.84/sqft, n=3) | Kuala Lumpur | [Partial] Area PSF Avg, Strata all sizes (RM2.00/sqft, n=25) | Kuala Lumpur | [Fully] Area PSF Avg, Strata all sizes (RM3.00/sqft, n=58) | Kuala Lumpur",10/6/2026,EXP,https://telegram.me/extremeproperty_listing/18289
Arte Cheras,Cheras,Taman Midah,Condominium,2,2.0,868,Leasehold,508000,2317,1500,-817,1800,-517,2300,-17,4.25,5.43,🟠 Mild -ve,81120,26,15,8,77.7,212.1,555.2,15.5,21.2,27.8,619249,253146,172026,-98040,-62040,-2040,23683,148343,"[Unfurnished] Area PSF Avg, Strata all sizes (RM1.71/sqft, n=4) | Cheras | [Partial] Area PSF Avg, Strata all sizes (RM2.05/sqft, n=15) | Cheras | [Fully] Area PSF Avg, Strata all sizes (RM2.64/sqft, n=23) | Cheras",14/6/2026,EXP,https://telegram.me/extremeproperty_listing/16753
Desa Baiduri Murni,Sepang,Salak Tinggi,Single Storey Terrace,3,2.0,1400,Freehold,390000,1778,950,-828,1850,72,2150,372,5.69,6.62,🟢 Strong,65700,11,5,4,118.0,309.4,819.7,23.6,30.9,41.0,550134,268949,203249,-99360,8640,44640,21374,181875,"[Unfurnished] Area PSF Avg, Landed all sizes (RM0.67/sqft, n=3) | Sepang | [Partial] Citywide PSF Avg, Landed all sizes (RM1.32/sqft, n=31) | Citywide | [Fully] Area PSF Avg, Landed all sizes (RM1.55/sqft, n=3) | Sepang",12/7/2026,RSS,https://telegram.me/rumahsubsaleklselangorbynuruls/470
Neu Suites @ Ampang,Kuala Lumpur,Ampang Hilir,Apartment,2,1.0,430,Leasehold,360000,1642,800,-842,850,-792,1400,-242,2.83,4.67,🟠 Mild -ve,61800,,,13,65.3,190.3,509.5,13.1,19.0,25.5,438838,179400,117600,-101040,-95040,-29040,17657,99943,"[Unfurnished] Area PSF Avg, Strata all sizes (RM1.84/sqft, n=3) | Kuala Lumpur | [Partial] Area PSF Avg, Strata all sizes (RM2.00/sqft, n=25) | Kuala Lumpur | [Fully] Zone PSF Avg, Strata all sizes (RM3.21/sqft, n=10) | Ampang Hilir",12/7/2026,EXP,https://telegram.me/extremeproperty_listing/14851
Cube @ One South,Seri Kembangan,Taman Serdang Perdana,Service Residence,1,1.0,450,Leasehold,340000,1550,500,-1050,550,-1000,1300,-250,1.94,4.59,🟠 Mild -ve,59200,,,13,62.9,186.0,500.4,12.6,18.6,25.0,414458,169315,110115,-126000,-120000,-30000,16843,93272,"[Unfurnished] Citywide PSF Avg, Strata all sizes (RM1.56/sqft, n=47) | Citywide | [Partial] Area PSF Avg, Strata all sizes (RM1.17/sqft, n=4) | Seri Kembangan | [Fully] Area PSF Avg, Strata all sizes (RM2.85/sqft, n=10) | Seri Kembangan | CORRECTED (audit 19/07/2026): Unfurnished 700.0->500 -- tier re-derived from Partial per prompt's known-tier ratio (original PSF-fallback figure was inverted)",6/4/2026,FRH,https://telegram.me/FirdausRahimHartanahListing/1518
MH Platinum Residency,Setapak,Taman Tai Onn,Condominium,3,2.0,1018,Freehold,540000,2462,1600,-862,2150,-312,2300,-162,4.78,5.11,🟠 Mild -ve,85600,25,11,9,78.9,214.2,559.6,15.8,21.4,28.0,658257,268948,183348,-103440,-37440,-19440,24986,158362,"[Unfurnished] Citywide PSF Avg, Strata all sizes (RM1.56/sqft, n=47) | Citywide | [Partial] Area PSF Avg, Strata all sizes (RM2.11/sqft, n=6) | Setapak | [Fully] Area PSF Avg, Strata all sizes (RM2.24/sqft, n=5) | Setapak",17/6/2026,EXP,https://telegram.me/extremeproperty_listing/18747
Hon Residensi CGCC,Ampang,Taman Nirwana,Condominium,3,3.0,1335,Leasehold,650000,2964,2100,-864,3150,186,4450,1486,5.82,8.22,🟢 Strong,101000,20,7,4,82.5,220.6,573.1,16.5,22.1,28.7,792346,323807,222807,-103680,22320,178320,29464,193343,"[Unfurnished] Citywide PSF Avg, Strata all sizes (RM1.56/sqft, n=47) | Citywide | [Partial] Area PSF Avg, Strata all sizes (RM2.36/sqft, n=8) | Ampang | [Fully] Area PSF Avg, Strata all sizes (RM3.33/sqft, n=20) | Ampang",10/6/2026,EXP,https://telegram.me/extremeproperty_listing/18441
Trinity Aquata,Kuala Lumpur,Sungai Besi,Condominium,3,2.0,1154,Freehold,650000,2964,2100,-864,2300,-664,2750,-214,4.25,5.08,🟠 Mild -ve,101000,20,15,9,82.5,220.6,573.1,16.5,22.1,28.7,792346,323807,222807,-103680,-79680,-25680,29464,193343,"[Unfurnished] Area PSF Avg, Strata all sizes (RM1.84/sqft, n=3) | Kuala Lumpur | [Partial] Area PSF Avg, Strata all sizes (RM2.00/sqft, n=25) | Kuala Lumpur | [Fully] Zone PSF Avg, Strata all sizes (RM2.38/sqft, n=3) | Sungai Besi",19/5/2026,EXP,https://telegram.me/extremeproperty_listing/17748
2-Storey Superlink Bandar Nusaputra,Puchong,Bandar Nusaputra Precinct 2,Terrace,4,4.0,2400,Leasehold,750000,3420,2550,-870,3000,-420,3400,-20,4.8,5.44,🟠 Mild -ve,115000,7,5,5,139.5,349.8,910.7,27.9,35.0,45.5,1057949,517326,402326,-104400,-50400,-2400,38335,363991,"[Unfurnished] Citywide PSF Avg, Landed >=1500sqft (RM1.07/sqft, n=13) | Citywide | [Partial] Citywide PSF Avg, Landed >=1500sqft (RM1.25/sqft, n=29) | Citywide | [Fully] Citywide PSF Avg, Landed >=1500sqft (RM1.41/sqft, n=14) | Citywide",12/7/2026,EXP,https://telegram.me/extremeproperty_listing/12855
The Hamilton,Kuala Lumpur,Wangsa Maju,Condominium,3,2.0,1000,Leasehold,600000,2736,1850,-886,2000,-736,2950,214,4,5.9,🟡 Neutral,94000,23,18,7,81.1,218.0,567.6,16.2,21.8,28.4,731397,298898,204898,-106320,-88320,25680,27429,177469,"[Unfurnished] Area PSF Avg, Strata all sizes (RM1.84/sqft, n=3) | Kuala Lumpur | [Partial] Area PSF Avg, Strata all sizes (RM2.00/sqft, n=25) | Kuala Lumpur | [Fully] Zone PSF Avg, Strata all sizes (RM2.94/sqft, n=11) | Wangsa Maju",14/6/2026,EXP,https://telegram.me/extremeproperty_listing/16156
The Zizz,Petaling Jaya / Damansara,Damansara Damai,Condominium,3,2.0,990,Leasehold,480000,2189,1300,-889,1400,-789,1700,-489,3.5,4.25,🟠 Mild -ve,77400,,27,15,75.9,209.0,548.7,15.2,20.9,27.4,585117,239149,161749,-106680,-94680,-58680,22543,139206,[Fully] Exact - 1 listing(s) | The Zizz | [Partial] Est. from Fully; [Unfurnished] Est. from Fully,17/6/2026,EXP,https://telegram.me/extremeproperty_listing/18902
Emerald Diamond Townhouse,Kajang,Semenyih,Townhouse,3,2.0,1390,Freehold,550000,2508,1100,-1408,1250,-1258,1950,-558,2.73,4.25,🟠 Mild -ve,87000,,,15,79.3,214.9,561.2,15.9,21.5,28.1,670447,273990,186990,-168960,-150960,-66960,25393,161597,"[Unfurnished] Citywide PSF Avg, Landed all sizes (RM1.15/sqft, n=15) | Citywide | [Partial] Area PSF Avg, Landed all sizes (RM0.89/sqft, n=6) | Kajang | [Fully] Citywide PSF Avg, Landed all sizes (RM1.41/sqft, n=14) | Citywide | CORRECTED (audit 19/07/2026): Unfurnished 1600.0->1100 -- tier re-derived from Partial per prompt's known-tier ratio (original PSF-fallback figure was inverted)",12/7/2026,EXP,https://telegram.me/extremeproperty_listing/13499
Astoria Ampang,Ampang,Ampang,Service Residence,5,2.0,888,Leasehold,690000,3147,2200,-947,2450,-697,2950,-197,4.26,5.13,🟠 Mild -ve,106600,20,15,9,83.6,222.5,577.2,16.7,22.3,28.9,841106,343824,237224,-113640,-83640,-23640,31093,206131,[Fully] Exact - 2 listing(s) | Astoria Ampang | [Partial] Est. from Fully; [Unfurnished] Est. from Fully,12/7/2026,EXP,https://telegram.me/extremeproperty_listing/13593
Hyde Tower,Shah Alam,I-City Shah Alam,Service Apartment,1,1.0,464,Leasehold,400000,1824,700,-1124,800,-1024,1250,-574,2.4,3.75,🟠 Mild -ve,67000,,,23,69.3,197.4,524.4,13.9,19.7,26.2,487598,199266,132266,-134880,-122880,-68880,19286,112980,"[Unfurnished] Area PSF Avg, Strata all sizes (RM1.83/sqft, n=6) | Shah Alam | [Partial] Area PSF Avg, Strata all sizes (RM1.71/sqft, n=21) | Shah Alam | [Fully] Area PSF Avg, Strata all sizes (RM2.66/sqft, n=18) | Shah Alam | CORRECTED (audit 19/07/2026): Unfurnished 850.0->700 -- tier re-derived from Partial per prompt's known-tier ratio (original PSF-fallback figure was inverted)",12/7/2026,EXP,https://telegram.me/extremeproperty_listing/9855
The Grand @ Kelana Damansara Suite,Petaling Jaya / Damansara,Kelana Jaya,Service Residence,2,1.0,556,Freehold,400000,1824,850,-974,1100,-724,2000,176,3.3,6,🟡 Neutral,67000,,,7,69.3,197.4,524.4,13.9,19.7,26.2,487598,199266,132266,-116880,-86880,21120,19286,112980,"[Unfurnished] Area PSF Avg, Strata all sizes (RM1.53/sqft, n=5) | Petaling Jaya / Damansara | [Partial] Area PSF Avg, Strata all sizes (RM2.00/sqft, n=11) | Petaling Jaya / Damansara | [Fully] Area PSF Avg, Strata all sizes (RM3.59/sqft, n=10) | Petaling Jaya / Damansara",25/5/2026,EXP,https://telegram.me/extremeproperty_listing/17864
2 Storey Terrace Verna Serene Heights,Kajang,Serene Heights,2 Storey Terrace,5,4.0,2185,Freehold,730000,3329,1700,-1629,1950,-1379,3100,-229,3.21,5.1,🟠 Mild -ve,112200,11,9,5,139.0,348.8,908.4,27.8,34.9,45.4,1029737,503561,391361,-195480,-165480,-27480,37393,353968,"[Unfurnished] Citywide PSF Avg, Landed >=1500sqft (RM1.07/sqft, n=13) | Citywide | [Partial] Area PSF Avg, Landed >=1500sqft (RM0.89/sqft, n=6) | Kajang | [Fully] Citywide PSF Avg, Landed >=1500sqft (RM1.41/sqft, n=14) | Citywide | CORRECTED (audit 19/07/2026): Unfurnished 2350.0->1700 -- tier re-derived from Partial per prompt's known-tier ratio (original PSF-fallback figure was inverted)",25/5/2026,EXP,https://telegram.me/extremeproperty_listing/17805
Jalan Rodat Bandar Bukit Raja,Klang,Bandar Bukit Raja,2 Storey Terrace,4,3.0,2300,Freehold,798000,3639,2650,-989,2900,-739,3250,-389,4.36,4.89,🟠 Mild -ve,121720,7,6,5,140.8,352.2,916.0,28.2,35.2,45.8,1125658,550453,428733,-118680,-88680,-46680,40597,388136,"[Unfurnished] Area PSF Avg, Landed >=1500sqft (RM1.15/sqft, n=3) | Klang | [Partial] Citywide PSF Avg, Landed >=1500sqft (RM1.25/sqft, n=29) | Citywide | [Fully] Citywide PSF Avg, Landed >=1500sqft (RM1.41/sqft, n=14) | Citywide",12/7/2026,HRK,https://telegram.me/ListingRumahHurakanShahAlam/8
16 Quartz Sky Villa,Kuala Lumpur,Taman Melawati,Condominium,4,4.0,1430,Leasehold,800000,3648,2650,-998,2850,-798,4300,652,4.28,6.45,🟢 Strong,122000,18,15,5,86.0,226.7,585.8,17.2,22.7,29.3,975196,398531,276531,-119760,-95760,78240,35572,240959,"[Unfurnished] Area PSF Avg, Strata all sizes (RM1.84/sqft, n=3) | Kuala Lumpur | [Partial] Area PSF Avg, Strata all sizes (RM2.00/sqft, n=25) | Kuala Lumpur | [Fully] Area PSF Avg, Strata all sizes (RM3.00/sqft, n=58) | Kuala Lumpur",12/7/2026,EXP,https://telegram.me/extremeproperty_listing/10376
Taman Pelangi Semenyih 2,Kajang,Semenyih,Terrace,4,3.0,1400,Leasehold,570000,2599,1100,-1499,1250,-1349,1950,-649,2.63,4.11,🟠 Mild -ve,89800,14,12,7,133.1,337.8,883.6,26.6,33.8,44.2,804041,393138,303338,-179880,-161880,-77880,29855,273483,"[Unfurnished] Citywide PSF Avg, Landed all sizes (RM1.15/sqft, n=15) | Citywide | [Partial] Area PSF Avg, Landed all sizes (RM0.89/sqft, n=6) | Kajang | [Fully] Citywide PSF Avg, Landed all sizes (RM1.41/sqft, n=14) | Citywide | CORRECTED (audit 19/07/2026): Unfurnished 1600.0->1100 -- tier re-derived from Partial per prompt's known-tier ratio (original PSF-fallback figure was inverted)",12/7/2026,EXP,https://telegram.me/extremeproperty_listing/12809
The Capers Sentul East,Kuala Lumpur,Sentul East,Condominium,3,3.0,1381,Freehold,780000,3557,2550,-1007,2750,-807,4150,593,4.23,6.38,🟢 Strong,119200,19,15,6,85.6,226.0,584.4,17.1,22.6,29.2,950816,388598,269398,-120840,-96840,71160,34757,234641,"[Unfurnished] Area PSF Avg, Strata all sizes (RM1.84/sqft, n=3) | Kuala Lumpur | [Partial] Area PSF Avg, Strata all sizes (RM2.00/sqft, n=25) | Kuala Lumpur | [Fully] Area PSF Avg, Strata all sizes (RM3.00/sqft, n=58) | Kuala Lumpur",10/4/2026,EXP,https://telegram.me/extremeproperty_listing/16401
2 Storey Terrace Kajang Hillpark,Kajang,Kajang Hillpark,2 Storey Terrace,4,3.0,1300,Freehold,550000,2508,1000,-1508,1150,-1358,1850,-658,2.51,4.04,🟠 Mild -ve,87000,15,13,7,132.2,336.1,879.7,26.4,33.6,44.0,775829,379373,292373,-180960,-162960,-78960,28913,263460,"[Unfurnished] Citywide PSF Avg, Landed all sizes (RM1.15/sqft, n=15) | Citywide | [Partial] Area PSF Avg, Landed all sizes (RM0.89/sqft, n=6) | Kajang | [Fully] Citywide PSF Avg, Landed all sizes (RM1.41/sqft, n=14) | Citywide | CORRECTED (audit 19/07/2026): Unfurnished 1500.0->1000 -- tier re-derived from Partial per prompt's known-tier ratio (original PSF-fallback figure was inverted)",16/4/2026,RSS,https://telegram.me/rumahsubsaleklselangorbynuruls/1074
2 Storey Terrace Taman Mega Jaya,Ampang,Taman Mega Jaya,2 Storey Terrace,5,3.0,1300,Leasehold,550000,2508,1500,-1008,1700,-808,1850,-658,3.71,4.04,🟠 Mild -ve,87000,9,8,7,132.2,336.1,879.7,26.4,33.6,44.0,775829,379373,292373,-120960,-96960,-78960,28913,263460,"[Unfurnished] Citywide PSF Avg, Landed all sizes (RM1.15/sqft, n=15) | Citywide | [Partial] Citywide PSF Avg, Landed all sizes (RM1.32/sqft, n=31) | Citywide | [Fully] Citywide PSF Avg, Landed all sizes (RM1.41/sqft, n=14) | Citywide",16/4/2026,EXP,https://telegram.me/extremeproperty_listing/16571
Villa Laman Tasik,Cheras,Bandar Sri Permaisuri,Duplex Townhouse,4,3.0,1792,Leasehold,640000,2919,1900,-1019,2250,-669,2550,-369,4.22,4.78,🟠 Mild -ve,99600,25,15,11,82.3,220.2,572.3,16.5,22.0,28.6,780156,318916,219316,-122280,-80280,-44280,29057,190259,"[Unfurnished] Citywide PSF Avg, Landed >=1500sqft (RM1.07/sqft, n=13) | Citywide | [Partial] Citywide PSF Avg, Landed >=1500sqft (RM1.25/sqft, n=29) | Citywide | [Fully] Citywide PSF Avg, Landed >=1500sqft (RM1.41/sqft, n=14) | Citywide",23/4/2025,MMN,https://telegram.me/HaniMNListingSubsale/508
2 Storey Terrace Taman Seri Mewah,Klang,"Meru, Taman Seri Mewah KU10",2 Storey Terrace,4,3.0,1320,Freehold,620000,2827,1500,-1327,1750,-1077,1850,-977,3.39,3.58,🟠 Mild -ve,96800,11,9,8,135.2,341.8,892.5,27.0,34.2,44.6,874571,427626,330826,-159240,-129240,-117240,32211,298615,"[Unfurnished] Area PSF Avg, Landed all sizes (RM1.38/sqft, n=4) | Klang | [Partial] Citywide PSF Avg, Landed all sizes (RM1.32/sqft, n=31) | Citywide | [Fully] Citywide PSF Avg, Landed all sizes (RM1.41/sqft, n=14) | Citywide | CORRECTED (audit 19/07/2026): Unfurnished 1800.0->1500 -- tier re-derived from Partial per prompt's known-tier ratio (original PSF-fallback figure was inverted)",22/4/2025,EXP,https://telegram.me/extremeproperty_listing/16948
1 Storey Bungalow Kampung Bukit Naga,Shah Alam,"Seksyen 32, Kampung Bukit Naga",1 Storey Bungalow,3,2.0,1600,Leasehold,600000,2736,1700,-1036,2400,-336,2900,164,4.8,5.8,🟡 Neutral,94000,9,6,4,134.4,340.3,889.2,26.9,34.0,44.5,846359,413861,319861,-124320,-40320,19680,31268,288593,"[Unfurnished] Citywide PSF Avg, Landed >=1500sqft (RM1.07/sqft, n=13) | Citywide | [Partial] Area PSF Avg, Landed >=1500sqft (RM1.51/sqft, n=3) | Shah Alam | [Fully] Citywide PSF Avg, Landed >=1500sqft (RM1.41/sqft, n=14) | Citywide | CORRECTED (audit 19/07/2026): Fully 2250.0->2900 -- tier re-derived from Partial per prompt's known-tier ratio (original PSF-fallback figure was inverted)",2/5/2025,NZR,https://telegram.me/ListingNorzuriati/1628
2 Storey Terrace Bandar Kinrara BK4,Puchong,Bandar Kinrara,2 Storey Terrace,6,3.0,1600,Freehold (Bumi Lot),600000,2736,1700,-1036,2000,-736,2250,-486,4,4.5,🟠 Mild -ve,94000,9,7,6,134.4,340.3,889.2,26.9,34.0,44.5,846359,413861,319861,-124320,-88320,-58320,31268,288593,"[Unfurnished] Citywide PSF Avg, Landed >=1500sqft (RM1.07/sqft, n=13) | Citywide | [Partial] Citywide PSF Avg, Landed >=1500sqft (RM1.25/sqft, n=29) | Citywide | [Fully] Citywide PSF Avg, Landed >=1500sqft (RM1.41/sqft, n=14) | Citywide",16/6/2026,EXP,https://telegram.me/extremeproperty_listing/18806
2 Storey Terrace Taman Tenaga,Kajang,Taman Tenaga,2 Storey Terrace,4,3.0,1400,Freehold,580000,2645,1100,-1545,1250,-1395,1950,-695,2.59,4.03,🟠 Mild -ve,91200,14,12,7,133.6,338.7,885.7,26.7,33.9,44.3,818147,400096,308896,-185400,-167400,-83400,30326,278570,"[Unfurnished] Citywide PSF Avg, Landed all sizes (RM1.15/sqft, n=15) | Citywide | [Partial] Area PSF Avg, Landed all sizes (RM0.89/sqft, n=6) | Kajang | [Fully] Citywide PSF Avg, Landed all sizes (RM1.41/sqft, n=14) | Citywide | CORRECTED (audit 19/07/2026): Unfurnished 1600.0->1100 -- tier re-derived from Partial per prompt's known-tier ratio (original PSF-fallback figure was inverted)",19/4/2026,RSS,https://telegram.me/rumahsubsaleklselangorbynuruls/1125
The Havre Bukit Jalil,Bukit Jalil,Bukit Jalil,Condominium,3,3.0,1023,Leasehold,580000,2645,1600,-1045,1600,-1045,2450,-195,3.31,5.07,🟠 Mild -ve,91200,30,30,9,80.4,216.8,565.2,16.1,21.7,28.3,707017,288965,197765,-125400,-125400,-23400,26614,171151,"[Unfurnished] Citywide PSF Avg, Strata all sizes (RM1.56/sqft, n=47) | Citywide | [Partial] Area PSF Avg, Strata all sizes (RM1.56/sqft, n=3) | Bukit Jalil | [Fully] Area PSF Avg, Strata all sizes (RM2.38/sqft, n=3) | Bukit Jalil",10/4/2026,EXP,https://telegram.me/extremeproperty_listing/16331
Taman Minang,Cheras,Taman Minang,Landed,4,3.0,1620,Freehold,615000,2805,1750,-1055,2000,-805,2300,-505,3.9,4.49,🟠 Mild -ve,96100,9,7,6,135.1,341.5,892.0,27.0,34.2,44.6,867518,424298,328198,-126600,-96600,-60600,31975,296223,"[Unfurnished] Citywide PSF Avg, Landed >=1500sqft (RM1.07/sqft, n=13) | Citywide | [Partial] Citywide PSF Avg, Landed >=1500sqft (RM1.25/sqft, n=29) | Citywide | [Fully] Citywide PSF Avg, Landed >=1500sqft (RM1.41/sqft, n=14) | Citywide",1/7/2026,EXP,https://telegram.me/extremeproperty_listing/19315
Gardenview Residence,Cyberjaya / Putrajaya,Cyberjaya,Condominium,5,4.0,1711,Freehold,670000,3055,2000,-1055,2250,-805,2700,-355,4.03,4.84,🟠 Mild -ve,103800,24,17,10,83.1,221.5,575.0,16.6,22.2,28.8,816726,333740,229940,-126600,-96600,-42600,30279,199661,[Fully] Exact - 1 listing(s) | Gardenview Residence | [Partial] Est. from Fully; [Unfurnished] Est. from Fully,12/7/2026,EXP,https://telegram.me/extremeproperty_listing/12829
Jalan Komoditi 23/9B Seksyen 23,Shah Alam,Seksyen 23,2  Storey Terrace,4,4.0,2310,Leasehold,780000,3557,2500,-1057,3500,-57,4200,643,5.38,6.46,🟢 Strong,119200,7,5,4,140.3,351.4,914.1,28.1,35.1,45.7,1100267,538050,418850,-126840,-6840,77160,39749,379101,"[Unfurnished] Citywide PSF Avg, Landed >=1500sqft (RM1.07/sqft, n=13) | Citywide | [Partial] Area PSF Avg, Landed >=1500sqft (RM1.51/sqft, n=3) | Shah Alam | [Fully] Citywide PSF Avg, Landed >=1500sqft (RM1.41/sqft, n=14) | Citywide | CORRECTED (audit 19/07/2026): Fully 3250.0->4200 -- tier re-derived from Partial per prompt's known-tier ratio (original PSF-fallback figure was inverted)",12/7/2026,EXP,https://telegram.me/extremeproperty_listing/10180
M Vertica,Cheras,Taman Maluri,Service Residence,3,2.0,850,Leasehold,550000,2508,1450,-1058,1750,-758,2250,-258,3.82,4.91,🟠 Mild -ve,87000,,21,10,79.3,214.9,561.2,15.9,21.5,28.1,670447,273990,186990,-126960,-90960,-30960,25393,161597,"[Unfurnished] Area PSF Avg, Strata all sizes (RM1.71/sqft, n=4) | Cheras | [Partial] Area PSF Avg, Strata all sizes (RM2.05/sqft, n=15) | Cheras | [Fully] Area PSF Avg, Strata all sizes (RM2.64/sqft, n=23) | Cheras",13/5/2025,EXP,https://telegram.me/extremeproperty_listing/17425
Unio Residence,Kepong,Jalan Kepong,Condominium,2,2.0,866,Leasehold,550000,2508,1450,-1058,1550,-958,2000,-508,3.38,4.36,🟠 Mild -ve,87000,,29,14,79.3,214.9,561.2,15.9,21.5,28.1,670447,273990,186990,-126960,-114960,-60960,25393,161597,"[Unfurnished] Area PSF Avg, Strata all sizes (RM1.67/sqft, n=3) | Kepong | [Partial] Citywide PSF Avg, Strata all sizes (RM1.76/sqft, n=156) | Citywide | [Fully] Area PSF Avg, Strata all sizes (RM2.31/sqft, n=4) | Kepong",14/6/2026,EXP,https://telegram.me/extremeproperty_listing/16594
2 Storey Terrace Denai Alam,Shah Alam,Denai Alam,2 Storey Terrace,4,3.0,2200,Freehold,750000,3420,2350,-1070,3300,-120,3950,530,5.28,6.32,🟢 Strong,115000,8,5,4,139.5,349.8,910.7,27.9,35.0,45.5,1057949,517326,402326,-128400,-14400,63600,38335,363991,"[Unfurnished] Citywide PSF Avg, Landed >=1500sqft (RM1.07/sqft, n=13) | Citywide | [Partial] Area PSF Avg, Landed >=1500sqft (RM1.51/sqft, n=3) | Shah Alam | [Fully] Citywide PSF Avg, Landed >=1500sqft (RM1.41/sqft, n=14) | Citywide | CORRECTED (audit 19/07/2026): Fully 3100.0->3950 -- tier re-derived from Partial per prompt's known-tier ratio (original PSF-fallback figure was inverted)",17/6/2026,EXP,https://telegram.me/extremeproperty_listing/18873
Dorsett Residences,Kuala Lumpur,Bukit Bintang,Service Residence,1,2.0,652,Freehold,860000,3922,2850,-1072,3150,-772,3800,-122,4.4,5.3,🟠 Mild -ve,130400,18,13,8,87.1,228.6,589.9,17.4,22.9,29.5,1048335,428482,298082,-128640,-92640,-14640,38014,260068,[Fully] Exact - 1 listing(s) | Dorsett Residences | [Partial] Est. from Fully; [Unfurnished] Est. from Fully,2/7/2026,EXP,https://telegram.me/extremeproperty_listing/19367
2 Storey Terrace Bandar Mahkota Cheras,Cheras,Bandar Mahkota Cheras,2 Storey Terrace,3,3.0,1080,Freehold,510000,2326,1250,-1076,1400,-926,1500,-826,3.29,3.53,🟠 Mild -ve,81400,11,9,8,130.1,332.2,871.1,26.0,33.2,43.6,719405,351842,270442,-129120,-111120,-99120,27028,243414,"[Unfurnished] Citywide PSF Avg, Landed all sizes (RM1.15/sqft, n=15) | Citywide | [Partial] Citywide PSF Avg, Landed all sizes (RM1.32/sqft, n=31) | Citywide | [Fully] Citywide PSF Avg, Landed all sizes (RM1.41/sqft, n=14) | Citywide",14/6/2026,EXP,https://telegram.me/extremeproperty_listing/16686
2 Storey Terrace Taman Wangsa Melawati,Kuala Lumpur,Wangsa Melawati,2 Storey Terrace,4,2.0,1980,Freehold,700000,3192,2100,-1092,2500,-692,2800,-392,4.29,4.8,🟠 Mild -ve,108000,8,6,6,138.0,347.1,904.4,27.6,34.7,45.2,987419,482838,374838,-131040,-83040,-47040,35980,338858,"[Unfurnished] Citywide PSF Avg, Landed >=1500sqft (RM1.07/sqft, n=13) | Citywide | [Partial] Citywide PSF Avg, Landed >=1500sqft (RM1.25/sqft, n=29) | Citywide | [Fully] Citywide PSF Avg, Landed >=1500sqft (RM1.41/sqft, n=14) | Citywide",17/6/2026,EXP,https://telegram.me/extremeproperty_listing/18753
Bukit Mahkota Double Storey Endlot,Bangi,Bukit Mahkota,2-Storey Terrace (Endlot),4,3.0,1900,Freehold,690000,3147,2050,-1097,2400,-747,2700,-447,4.17,4.7,🟠 Mild -ve,106600,8,7,6,137.8,346.6,903.3,27.6,34.7,45.2,973313,476031,369431,-131640,-89640,-53640,35509,333922,"[Unfurnished] Citywide PSF Avg, Landed >=1500sqft (RM1.07/sqft, n=13) | Citywide | [Partial] Citywide PSF Avg, Landed >=1500sqft (RM1.25/sqft, n=29) | Citywide | [Fully] Citywide PSF Avg, Landed >=1500sqft (RM1.41/sqft, n=14) | Citywide",12/7/2026,RSS,https://telegram.me/rumahsubsaleklselangorbynuruls/923
Arte Plus,Ampang,Kampung Berembang,Condominium,3,2.0,1056,Leasehold,550000,2508,1400,-1108,1600,-908,1900,-608,3.49,4.15,🟠 Mild -ve,87000,,26,16,79.3,214.9,561.2,15.9,21.5,28.1,670447,273990,186990,-132960,-108960,-72960,25393,161597,[Fully] Exact - 1 listing(s) | Arte Plus | [Partial] Est. from Fully; [Unfurnished] Est. from Fully,18/5/2026,EXP,https://telegram.me/extremeproperty_listing/17557
Taman Putra Ampang,Ampang,Taman Putra Ampang,Terrace,4,3.0,1200,Leasehold,550000,2508,1400,-1108,1600,-908,1700,-808,3.49,3.71,🟠 Mild -ve,87000,10,8,8,132.2,336.1,879.7,26.4,33.6,44.0,775829,379373,292373,-132960,-108960,-96960,28913,263460,"[Unfurnished] Citywide PSF Avg, Landed all sizes (RM1.15/sqft, n=15) | Citywide | [Partial] Citywide PSF Avg, Landed all sizes (RM1.32/sqft, n=31) | Citywide | [Fully] Citywide PSF Avg, Landed all sizes (RM1.41/sqft, n=14) | Citywide",12/7/2026,EXP,https://telegram.me/extremeproperty_listing/14530
2 Storey Terrace Taman Langat Utama,Sepang,Taman Langat Utama,2 Storey Terrace,4,3.0,2000,Leasehold (Bumi Lot),540000,2462,1350,-1112,2500,38,3100,638,5.56,6.89,🟢 Strong,85600,10,5,4,131.6,335.1,877.4,26.3,33.5,43.9,761723,372414,286814,-133440,4560,76560,28442,258372,"[Unfurnished] Area PSF Avg, Landed >=1500sqft (RM0.67/sqft, n=3) | Sepang | [Partial] Citywide PSF Avg, Landed >=1500sqft (RM1.25/sqft, n=29) | Citywide | [Fully] Area PSF Avg, Landed >=1500sqft (RM1.55/sqft, n=3) | Sepang",28/3/2026,EXP,https://telegram.me/extremeproperty_listing/15976
Kiara East DEX Suites,Kuala Lumpur,Taman Mastiara,Service Residence,3,2.0,1010,Leasehold,650000,2964,1850,-1114,2000,-964,3050,86,3.69,5.63,🟡 Neutral,101000,28,23,7,82.5,220.6,573.1,16.5,22.1,28.7,792346,323807,222807,-133680,-115680,10320,29464,193343,"[Unfurnished] Area PSF Avg, Strata all sizes (RM1.84/sqft, n=3) | Kuala Lumpur | [Partial] Area PSF Avg, Strata all sizes (RM2.00/sqft, n=25) | Kuala Lumpur | [Fully] Area PSF Avg, Strata all sizes (RM3.00/sqft, n=58) | Kuala Lumpur",25/5/2026,EXP,https://telegram.me/extremeproperty_listing/17973
2 Storey Terrace CasaView Cybersouth,Dengkil,Cybersouth / Cyberjaya Corridor,2 Storey Terrace,5,4.0,2166,Leasehold,750000,3420,2300,-1120,2700,-720,3050,-370,4.32,4.88,🟠 Mild -ve,115000,8,6,5,139.5,349.8,910.7,27.9,35.0,45.5,1057949,517326,402326,-134400,-86400,-44400,38335,363991,"[Unfurnished] Citywide PSF Avg, Landed >=1500sqft (RM1.07/sqft, n=13) | Citywide | [Partial] Citywide PSF Avg, Landed >=1500sqft (RM1.25/sqft, n=29) | Citywide | [Fully] Citywide PSF Avg, Landed >=1500sqft (RM1.41/sqft, n=14) | Citywide",22/6/2026,MMN,https://telegram.me/HaniMNListingSubsale/604
1 Storey Terrace Taman Sri Pandyan,Kuala Lumpur,Taman Sri Pandyan (OUG / Jalan Puchong),1 Storey Terrace,3,2.0,1600,Freehold,620000,2827,1700,-1127,2000,-827,2250,-577,3.87,4.35,🟠 Mild -ve,96800,9,7,6,135.2,341.8,892.5,27.0,34.2,44.6,874571,427626,330826,-135240,-99240,-69240,32211,298615,"[Unfurnished] Citywide PSF Avg, Landed >=1500sqft (RM1.07/sqft, n=13) | Citywide | [Partial] Citywide PSF Avg, Landed >=1500sqft (RM1.25/sqft, n=29) | Citywide | [Fully] Citywide PSF Avg, Landed >=1500sqft (RM1.41/sqft, n=14) | Citywide",12/4/2026,DPM,https://telegram.me/DeePropmall/1743
2 Storey Terrace Taman Lestari Putra,Seri Kembangan,Taman Lestari Putra,2 Storey Terrace,4,3.0,1500,Leasehold,600000,2736,1600,-1136,1900,-836,2100,-636,3.8,4.2,🟠 Mild -ve,94000,9,8,7,134.4,340.3,889.2,26.9,34.0,44.5,846359,413861,319861,-136320,-100320,-76320,31268,288593,"[Unfurnished] Citywide PSF Avg, Landed >=1500sqft (RM1.07/sqft, n=13) | Citywide | [Partial] Citywide PSF Avg, Landed >=1500sqft (RM1.25/sqft, n=29) | Citywide | [Fully] Citywide PSF Avg, Landed >=1500sqft (RM1.41/sqft, n=14) | Citywide",16/4/2026,EXP,https://telegram.me/extremeproperty_listing/16560
Taman Mawar 2,Sepang,Bandar Baru Salak Tinggi,Terrace,5,3.0,1650,Leasehold,495000,2257,1100,-1157,2050,-207,2550,293,4.97,6.18,🟡 Neutral,79350,12,5,4,129.1,330.3,866.6,25.8,33.0,43.3,698246,341405,262055,-138840,-24840,35160,26321,235734,"[Unfurnished] Area PSF Avg, Landed >=1500sqft (RM0.67/sqft, n=3) | Sepang | [Partial] Citywide PSF Avg, Landed >=1500sqft (RM1.25/sqft, n=29) | Citywide | [Fully] Area PSF Avg, Landed >=1500sqft (RM1.55/sqft, n=3) | Sepang",12/7/2026,EXP,https://telegram.me/extremeproperty_listing/10669
Conezion Residence,Cyberjaya / Putrajaya,IOI Resort City,Condominium,3,2.0,997,Leasehold,600000,2736,1550,-1186,1750,-986,2100,-636,3.5,4.2,🟠 Mild -ve,94000,,26,16,81.1,218.0,567.6,16.2,21.8,28.4,731397,298898,204898,-142320,-118320,-76320,27429,177469,"[Unfurnished] Citywide PSF Avg, Strata all sizes (RM1.56/sqft, n=47) | Citywide | [Partial] Citywide PSF Avg, Strata all sizes (RM1.76/sqft, n=156) | Citywide | [Fully] Area PSF Avg, Strata all sizes (RM2.10/sqft, n=11) | Cyberjaya / Putrajaya",20/4/2026,EXP,https://telegram.me/extremeproperty_listing/16581
Double Storey Taman Bukit Ria,Kajang,Taman Bukit Ria,2 Storey Terrace,4,3.0,1800,Freehold,688000,3137,1400,-1737,1600,-1537,2550,-587,2.79,4.45,🟠 Mild -ve,106320,13,11,6,137.6,346.3,902.7,27.5,34.6,45.1,970492,474518,368198,-208440,-184440,-70440,35414,332784,"[Unfurnished] Citywide PSF Avg, Landed >=1500sqft (RM1.07/sqft, n=13) | Citywide | [Partial] Area PSF Avg, Landed >=1500sqft (RM0.89/sqft, n=6) | Kajang | [Fully] Citywide PSF Avg, Landed >=1500sqft (RM1.41/sqft, n=14) | Citywide | CORRECTED (audit 19/07/2026): Unfurnished 1950.0->1400 -- tier re-derived from Partial per prompt's known-tier ratio (original PSF-fallback figure was inverted)",12/7/2026,EXP,https://telegram.me/extremeproperty_listing/13997
The Starling Bandar Rimbayu,Klang,Bandar Rimbayu,2  Storey Terrace,4,3.0,1769,Leasehold,710000,3238,2050,-1188,2200,-1038,2500,-738,3.72,4.23,🟠 Mild -ve,109400,8,8,6,138.4,347.7,905.9,27.7,34.8,45.3,1001525,489796,380396,-142560,-124560,-88560,36451,343945,"[Unfurnished] Area PSF Avg, Landed >=1500sqft (RM1.15/sqft, n=3) | Klang | [Partial] Citywide PSF Avg, Landed >=1500sqft (RM1.25/sqft, n=29) | Citywide | [Fully] Citywide PSF Avg, Landed >=1500sqft (RM1.41/sqft, n=14) | Citywide",12/7/2026,EXP,https://telegram.me/extremeproperty_listing/11091
2 Storey Terrace Taman Bukit Permai,Kuala Lumpur,Cheras,2 Storey Terrace,4,3.0,1200,Leasehold (Bumi Lot),570000,2599,1400,-1199,1600,-999,1700,-899,3.37,3.58,🟠 Mild -ve,89800,10,9,8,133.1,337.8,883.6,26.6,33.8,44.2,804041,393138,303338,-143880,-119880,-107880,29855,273483,"[Unfurnished] Citywide PSF Avg, Landed all sizes (RM1.15/sqft, n=15) | Citywide | [Partial] Citywide PSF Avg, Landed all sizes (RM1.32/sqft, n=31) | Citywide | [Fully] Citywide PSF Avg, Landed all sizes (RM1.41/sqft, n=14) | Citywide",10/6/2026,EXP,https://telegram.me/extremeproperty_listing/18398
2 Storey Bungalow Jalan H,Kuala Lumpur,Taman Melawati,Bungalow,7,6.0,9500,Freehold,2500000,11400,10200,-1200,11900,500,13400,2000,5.71,6.43,🟢 Strong,375000,5,4,4,144.8,359.8,933.1,29.0,36.0,46.7,3526497,1724421,1349421,-144000,60000,240000,120785,1228636,"[Unfurnished] Citywide PSF Avg, Landed >=1500sqft (RM1.07/sqft, n=13) | Citywide | [Partial] Citywide PSF Avg, Landed >=1500sqft (RM1.25/sqft, n=29) | Citywide | [Fully] Citywide PSF Avg, Landed >=1500sqft (RM1.41/sqft, n=14) | Citywide",12/7/2026,EXP,https://telegram.me/extremeproperty_listing/13639
Taman Indah Puteri,Sepang,Taman Indah Puteri,Single Storey Semi-Detached,4,2.0,1260,Freehold,455000,2075,850,-1225,1650,-425,1950,-125,4.35,5.14,🟠 Mild -ve,74150,14,7,5,125.4,323.3,851.0,25.1,32.3,42.6,641822,313875,239725,-147000,-51000,-15000,24437,215288,"[Unfurnished] Area PSF Avg, Landed all sizes (RM0.67/sqft, n=3) | Sepang | [Partial] Citywide PSF Avg, Landed all sizes (RM1.32/sqft, n=31) | Citywide | [Fully] Area PSF Avg, Landed all sizes (RM1.55/sqft, n=3) | Sepang",12/7/2026,EXP,https://telegram.me/extremeproperty_listing/9718
2 Storey Bungalow Taman Hulu Langat Jaya,Cheras,Batu 9,2 Storey Bungalow,6,3.0,6500,Freehold,1800000,8208,6950,-1258,8100,-108,9150,942,5.4,6.1,🟢 Strong,270000,6,5,4,144.8,359.8,933.1,29.0,36.0,46.7,2539078,1241583,971583,-150960,-12960,113040,87805,883778,"[Unfurnished] Citywide PSF Avg, Landed >=1500sqft (RM1.07/sqft, n=13) | Citywide | [Partial] Citywide PSF Avg, Landed >=1500sqft (RM1.25/sqft, n=29) | Citywide | [Fully] Citywide PSF Avg, Landed >=1500sqft (RM1.41/sqft, n=14) | Citywide",10/4/2026,EXP,https://telegram.me/extremeproperty_listing/16348
1 Storey Terrace Taman Jenderam Lestari,Sepang,Jenderam Hilir,1 Storey Terrace,3,2.0,1040,Freehold (Malay Reserved),430000,1961,700,-1261,1350,-611,1600,-361,3.77,4.47,🟠 Mild -ve,70900,16,8,6,122.8,318.4,840.0,24.6,31.8,42.0,606557,296631,225731,-151320,-73320,-43320,23259,202472,"[Unfurnished] Area PSF Avg, Landed all sizes (RM0.67/sqft, n=3) | Sepang | [Partial] Citywide PSF Avg, Landed all sizes (RM1.32/sqft, n=31) | Citywide | [Fully] Area PSF Avg, Landed all sizes (RM1.55/sqft, n=3) | Sepang",13/5/2026,RSS,https://telegram.me/rumahsubsaleklselangorbynuruls/1207
2 Storey Terrace Pandan Indah,Kuala Lumpur,Pandan Indah,2 Storey Terrace,4,3.0,1260,Leasehold,595000,2713,1450,-1263,1650,-1063,1800,-913,3.33,3.63,🟠 Mild -ve,93300,11,9,8,134.2,339.9,888.2,26.8,34.0,44.4,839306,410382,317082,-151560,-127560,-109560,31033,286049,"[Unfurnished] Citywide PSF Avg, Landed all sizes (RM1.15/sqft, n=15) | Citywide | [Partial] Citywide PSF Avg, Landed all sizes (RM1.32/sqft, n=31) | Citywide | [Fully] Citywide PSF Avg, Landed all sizes (RM1.41/sqft, n=14) | Citywide",10/6/2026,EXP,https://telegram.me/extremeproperty_listing/18430
Verondo Residence,Petaling Jaya / Damansara,Petaling Jaya,Condominium,3,2.0,961,Leasehold,595000,2713,1450,-1263,1900,-813,3450,737,3.83,6.96,🟢 Strong,93300,,20,5,80.9,217.7,566.9,16.2,21.8,28.3,725302,296377,203077,-151560,-97560,88440,27225,175852,"[Unfurnished] Area PSF Avg, Strata all sizes (RM1.53/sqft, n=5) | Petaling Jaya / Damansara | [Partial] Area PSF Avg, Strata all sizes (RM2.00/sqft, n=11) | Petaling Jaya / Damansara | [Fully] Area PSF Avg, Strata all sizes (RM3.59/sqft, n=10) | Petaling Jaya / Damansara",12/7/2026,EXP,https://telegram.me/extremeproperty_listing/13557
Pandan Perdana,Cheras,Pandan Perdana,Landed,5,3.0,1500,Leasehold,638000,2909,1600,-1309,1900,-1009,2100,-809,3.57,3.95,🟠 Mild -ve,99320,10,8,7,135.9,343.0,895.4,27.2,34.3,44.8,899962,440030,340710,-157080,-121080,-97080,33059,307651,"[Unfurnished] Citywide PSF Avg, Landed >=1500sqft (RM1.07/sqft, n=13) | Citywide | [Partial] Citywide PSF Avg, Landed >=1500sqft (RM1.25/sqft, n=29) | Citywide | [Fully] Citywide PSF Avg, Landed >=1500sqft (RM1.41/sqft, n=14) | Citywide",1/7/2026,EXP,https://telegram.me/extremeproperty_listing/19298
1.5 Storey Terrace Taman Desa Jaya,Kuala Lumpur,Kepong,2 Storey Terrace,3,2.0,1430,Leasehold,650000,2964,1650,-1314,1900,-1064,2000,-964,3.51,3.69,🟠 Mild -ve,101000,10,8,8,136.4,343.9,897.3,27.3,34.4,44.9,916889,448350,347350,-157680,-127680,-115680,33624,313726,"[Unfurnished] Citywide PSF Avg, Landed all sizes (RM1.15/sqft, n=15) | Citywide | [Partial] Citywide PSF Avg, Landed all sizes (RM1.32/sqft, n=31) | Citywide | [Fully] Citywide PSF Avg, Landed all sizes (RM1.41/sqft, n=14) | Citywide",10/6/2026,EXP,https://telegram.me/extremeproperty_listing/18471
Taman Bukit Teratai,Cheras,Cheras,Townhouse,4,3.0,1500,Leasehold,640000,2919,1600,-1319,1900,-1019,2100,-819,3.56,3.94,🟠 Mild -ve,99600,,25,19,82.3,220.2,572.3,16.5,22.0,28.6,780156,318916,219316,-158280,-122280,-98280,29057,190259,"[Unfurnished] Citywide PSF Avg, Landed >=1500sqft (RM1.07/sqft, n=13) | Citywide | [Partial] Citywide PSF Avg, Landed >=1500sqft (RM1.25/sqft, n=29) | Citywide | [Fully] Citywide PSF Avg, Landed >=1500sqft (RM1.41/sqft, n=14) | Citywide",18/3/2026,EXP,https://telegram.me/extremeproperty_listing/15745
1 Storey Terrace Taman Bukit Mewah,Kajang,Taman Bukit Mewah,1 Storey Terrace,3,2.0,900,Freehold,520000,2371,700,-1671,800,-1571,1250,-1121,1.85,2.88,🔴 Negative,82800,18,17,11,130.6,333.2,873.2,26.1,33.3,43.7,733511,358649,275849,-200520,-188520,-134520,27499,248350,"[Unfurnished] Citywide PSF Avg, Landed all sizes (RM1.15/sqft, n=15) | Citywide | [Partial] Area PSF Avg, Landed all sizes (RM0.89/sqft, n=6) | Kajang | [Fully] Citywide PSF Avg, Landed all sizes (RM1.41/sqft, n=14) | Citywide | CORRECTED (audit 19/07/2026): Unfurnished 1050.0->700 -- tier re-derived from Partial per prompt's known-tier ratio (original PSF-fallback figure was inverted)",15/5/2026,EXP,https://telegram.me/extremeproperty_listing/17487
2 Storey Terrace Taman Subang Murni,Shah Alam,U5 Subang Bestari,2 Storey Terrace,4,3.0,1650,Leasehold,675000,3078,1750,-1328,2500,-578,3000,-78,4.44,5.33,🟠 Mild -ve,104500,10,6,5,137.2,345.5,901.0,27.4,34.6,45.1,952154,465594,361094,-159360,-69360,-9360,34802,326292,"[Unfurnished] Citywide PSF Avg, Landed >=1500sqft (RM1.07/sqft, n=13) | Citywide | [Partial] Area PSF Avg, Landed >=1500sqft (RM1.51/sqft, n=3) | Shah Alam | [Fully] Citywide PSF Avg, Landed >=1500sqft (RM1.41/sqft, n=14) | Citywide | CORRECTED (audit 19/07/2026): Fully 2350.0->3000 -- tier re-derived from Partial per prompt's known-tier ratio (original PSF-fallback figure was inverted)",10/4/2026,RSS,https://telegram.me/rumahsubsaleklselangorbynuruls/1000
Taman Ikhlas,Sepang,Taman Ikhlas Jenjarom,Single Storey Semi-Detached,4,2.0,972,Freehold,435000,1984,650,-1334,1300,-684,1500,-484,3.59,4.14,🟠 Mild -ve,71550,17,8,7,123.3,319.4,842.4,24.7,31.9,42.1,613610,300110,228560,-160080,-82080,-58080,23495,205065,"[Unfurnished] Area PSF Avg, Landed all sizes (RM0.67/sqft, n=3) | Sepang | [Partial] Citywide PSF Avg, Landed all sizes (RM1.32/sqft, n=31) | Citywide | [Fully] Area PSF Avg, Landed all sizes (RM1.55/sqft, n=3) | Sepang",12/7/2026,EXP,https://telegram.me/extremeproperty_listing/7475
Townhouse Diamond Residence,Kajang,Diamond City,Townhouse (Storey TBC),3,3.0,1389,Freehold,650000,2964,1100,-1864,1250,-1714,1950,-1014,2.31,3.6,🔴 Negative,101000,,,24,82.5,220.6,573.1,16.5,22.1,28.7,792346,323807,222807,-223680,-205680,-121680,29464,193343,"[Unfurnished] Citywide PSF Avg, Landed all sizes (RM1.15/sqft, n=15) | Citywide | [Partial] Area PSF Avg, Landed all sizes (RM0.89/sqft, n=6) | Kajang | [Fully] Citywide PSF Avg, Landed all sizes (RM1.41/sqft, n=14) | Citywide | CORRECTED (audit 19/07/2026): Unfurnished 1600.0->1100 -- tier re-derived from Partial per prompt's known-tier ratio (original PSF-fallback figure was inverted)",14/6/2026,EXP,https://telegram.me/extremeproperty_listing/16613
Vivo Residential Suites,Kuala Lumpur,Old Klang Road,Service Residence,3,3.0,1388,Leasehold,850000,3876,2500,-1376,2900,-976,2900,-976,4.09,4.09,🟠 Mild -ve,129000,25,16,16,86.9,228.2,589.1,17.4,22.8,29.5,1036145,423440,294440,-165120,-117120,-117120,37607,256833,[Partial] Exact - 1 listing(s) | Vivo Residential Suites | [Fully] Exact - 1 listing(s) | Vivo Residential Suites | [Unfurnished] Est. from Partial,9/7/2026,EXP,https://telegram.me/extremeproperty_listing/19552
Penduline Corner End Lot,Rimbayu/TPG,Bandar Rimbayu,2 Storey Terrace,4,3.0,2520,Leasehold,898800,4099,2700,-1399,3150,-949,3550,-549,4.21,4.74,🟠 Mild -ve,135832,8,6,6,143.0,356.5,925.6,28.6,35.6,46.3,1267846,620035,484203,-167880,-113880,-65880,45346,438857,"[Unfurnished] Citywide PSF Avg, Landed >=1500sqft (RM1.07/sqft, n=13) | Citywide | [Partial] Citywide PSF Avg, Landed >=1500sqft (RM1.25/sqft, n=29) | Citywide | [Fully] Citywide PSF Avg, Landed >=1500sqft (RM1.41/sqft, n=14) | Citywide",12/7/2026,MMN,https://telegram.me/HaniMNListingSubsale/219
Residensi AVA,Kuala Lumpur,Kepong (Kiara Bay),Service Residence,3,2.0,950,Leasehold,680000,3101,1700,-1401,1950,-1151,2350,-751,3.44,4.15,🟠 Mild -ve,105200,,27,16,83.4,222.0,576.1,16.7,22.2,28.8,828916,338782,233582,-168120,-138120,-90120,30686,202896,[Partial] Fuzzy - 1 listing(s) | Residensi Dahlia | [Unfurnished] Est. from Partial; [Fully] Est. from Partial,28/3/2026,EXP,https://telegram.me/extremeproperty_listing/15900
Taman Jasmin Kajang,Kajang,Taman Jasmin,Terrace,5,3.0,2000,Freehold,780000,3557,1550,-2007,1800,-1757,2800,-757,2.77,4.31,🟠 Mild -ve,119200,13,11,6,140.3,351.4,914.1,28.1,35.1,45.7,1100267,538050,418850,-240840,-210840,-90840,39749,379101,"[Unfurnished] Citywide PSF Avg, Landed >=1500sqft (RM1.07/sqft, n=13) | Citywide | [Partial] Area PSF Avg, Landed >=1500sqft (RM0.89/sqft, n=6) | Kajang | [Fully] Citywide PSF Avg, Landed >=1500sqft (RM1.41/sqft, n=14) | Citywide | CORRECTED (audit 19/07/2026): Unfurnished 2150.0->1550 -- tier re-derived from Partial per prompt's known-tier ratio (original PSF-fallback figure was inverted)",12/7/2026,EXP,https://telegram.me/extremeproperty_listing/14540
Elmina Green 3,Shah Alam,Seksyen U17,2 Storey Terrace,4,4.0,2262,Freehold,840000,3831,2400,-1431,3400,-431,4100,269,4.86,5.86,🟡 Neutral,127600,8,5,4,141.8,354.2,920.4,28.4,35.4,46.0,1184903,579496,451896,-171720,-51720,32280,42576,409320,"[Unfurnished] Citywide PSF Avg, Landed >=1500sqft (RM1.07/sqft, n=13) | Citywide | [Partial] Area PSF Avg, Landed >=1500sqft (RM1.51/sqft, n=3) | Shah Alam | [Fully] Citywide PSF Avg, Landed >=1500sqft (RM1.41/sqft, n=14) | Citywide | CORRECTED (audit 19/07/2026): Fully 3200.0->4100 -- tier re-derived from Partial per prompt's known-tier ratio (original PSF-fallback figure was inverted)",12/7/2026,EXP,https://telegram.me/extremeproperty_listing/13932
Parkview KLCC Residence,Kuala Lumpur,Jalan Changkat Perak,Service Residence,2,2.0,900,Freehold,680000,3101,1650,-1451,1800,-1301,2700,-401,3.18,4.76,🟠 Mild -ve,105200,,,11,83.4,222.0,576.1,16.7,22.2,28.8,828916,338782,233582,-174120,-156120,-48120,30686,202896,"[Unfurnished] Area PSF Avg, Strata all sizes (RM1.84/sqft, n=3) | Kuala Lumpur | [Partial] Area PSF Avg, Strata all sizes (RM2.00/sqft, n=25) | Kuala Lumpur | [Fully] Area PSF Avg, Strata all sizes (RM3.00/sqft, n=58) | Kuala Lumpur",12/7/2026,EXP,https://telegram.me/extremeproperty_listing/14467
2 Storey Terrace Taman Koperasi Polis Fasa II,Selayang,Taman Koperasi Polis Fasa II,2 Storey Terrace,5,2.0,2400,Freehold,880000,4013,2550,-1463,3000,-1013,3400,-613,4.09,4.64,🟠 Mild -ve,133200,8,7,6,142.6,355.7,923.9,28.5,35.6,46.2,1241327,607027,473827,-175560,-121560,-73560,44460,429367,"[Unfurnished] Citywide PSF Avg, Landed >=1500sqft (RM1.07/sqft, n=13) | Citywide | [Partial] Citywide PSF Avg, Landed >=1500sqft (RM1.25/sqft, n=29) | Citywide | [Fully] Citywide PSF Avg, Landed >=1500sqft (RM1.41/sqft, n=14) | Citywide",10/6/2026,EXP,https://telegram.me/extremeproperty_listing/18326
2 Storey Terrace Taman Sri Gombak,Selayang,Taman Sri Gombak,2 Storey Terrace,3,2.0,770,Freehold,520000,2371,900,-1471,1000,-1371,1100,-1271,2.31,2.54,🔴 Negative,82800,15,14,13,130.6,333.2,873.2,26.1,33.3,43.7,733511,358649,275849,-176520,-164520,-152520,27499,248350,"[Unfurnished] Citywide PSF Avg, Landed all sizes (RM1.15/sqft, n=15) | Citywide | [Partial] Citywide PSF Avg, Landed all sizes (RM1.32/sqft, n=31) | Citywide | [Fully] Citywide PSF Avg, Landed all sizes (RM1.41/sqft, n=14) | Citywide",14/6/2026,EXP,https://telegram.me/extremeproperty_listing/16797
2.5-Storey Landed House Bukit Permata,Selayang,Bukit Permata,Terrace,5,4.0,2800,Freehold,990000,4515,3000,-1515,3500,-1015,3950,-565,4.24,4.79,🟠 Mild -ve,148600,8,6,5,144.7,359.6,932.6,28.9,36.0,46.6,1396493,682962,534362,-181800,-121800,-67800,49643,484719,"[Unfurnished] Citywide PSF Avg, Landed >=1500sqft (RM1.07/sqft, n=13) | Citywide | [Partial] Citywide PSF Avg, Landed >=1500sqft (RM1.25/sqft, n=29) | Citywide | [Fully] Citywide PSF Avg, Landed >=1500sqft (RM1.41/sqft, n=14) | Citywide",12/7/2026,EXP,https://telegram.me/extremeproperty_listing/11995
Brezza Hill Condominium,Ampang,Ampang,Condominium,3,3.0,1073,Leasehold,710000,3238,1700,-1538,2550,-688,3000,-238,4.31,5.07,🟠 Mild -ve,109400,,14,9,84.1,223.4,578.9,16.8,22.3,28.9,865486,353757,244357,-184560,-82560,-28560,31907,212450,"[Unfurnished] Citywide PSF Avg, Strata all sizes (RM1.56/sqft, n=47) | Citywide | [Partial] Area PSF Avg, Strata all sizes (RM2.36/sqft, n=8) | Ampang | [Fully] Zone PSF Avg, Strata all sizes (RM2.80/sqft, n=3) | Ampang",12/7/2026,EXP,https://telegram.me/extremeproperty_listing/8981
Amber Residence Gamuda,Klang,Amber Residence Gamuda,Serviced Residence,3,2.0,1001,Leasehold,680000,3101,1150,-1951,1350,-1751,2550,-551,2.38,4.5,🟠 Mild -ve,105200,,,13,83.4,222.0,576.1,16.7,22.2,28.8,828916,338782,233582,-234120,-210120,-66120,30686,202896,"[Unfurnished] Citywide PSF Avg, Strata all sizes (RM1.56/sqft, n=47) | Citywide | [Partial] Area PSF Avg, Strata all sizes (RM1.34/sqft, n=6) | Klang | [Fully] Citywide PSF Avg, Strata all sizes (RM2.54/sqft, n=235) | Citywide | CORRECTED (audit 19/07/2026): Unfurnished 1550.0->1150 -- tier re-derived from Partial per prompt's known-tier ratio (original PSF-fallback figure was inverted)",12/7/2026,EXP,https://telegram.me/extremeproperty_listing/13576
Bandar Mahkota Cheras,Cheras,Bandar Mahkota Cheras,2 Storey Terrace,4,3.0,1300,Freehold,670000,3055,1500,-1555,1700,-1355,1850,-1205,3.04,3.31,🔴 Negative,103800,12,10,9,137.0,345.2,900.2,27.4,34.5,45.0,945101,462115,358315,-186600,-162600,-144600,34566,323749,"[Unfurnished] Citywide PSF Avg, Landed all sizes (RM1.15/sqft, n=15) | Citywide | [Partial] Citywide PSF Avg, Landed all sizes (RM1.32/sqft, n=31) | Citywide | [Fully] Citywide PSF Avg, Landed all sizes (RM1.41/sqft, n=14) | Citywide",12/7/2026,EXP,https://telegram.me/extremeproperty_listing/11771
Taman Desa Permai,Shah Alam,Taman Desa Permai,Single Storey Semi-Detached,6,4.0,2200,Leasehold,870000,3967,2350,-1617,3300,-667,3950,-17,4.55,5.45,🟠 Mild -ve,131800,9,6,5,142.4,355.3,922.9,28.5,35.5,46.1,1227221,600068,468268,-194040,-80040,-2040,43989,424279,"[Unfurnished] Citywide PSF Avg, Landed >=1500sqft (RM1.07/sqft, n=13) | Citywide | [Partial] Area PSF Avg, Landed >=1500sqft (RM1.51/sqft, n=3) | Shah Alam | [Fully] Citywide PSF Avg, Landed >=1500sqft (RM1.41/sqft, n=14) | Citywide | CORRECTED (audit 19/07/2026): Fully 3100.0->3950 -- tier re-derived from Partial per prompt's known-tier ratio (original PSF-fallback figure was inverted)",12/7/2026,EXP,https://telegram.me/extremeproperty_listing/11563
Double Storey Terrace,Cheras,Bandar Tun Hussein Onn,Terrace,4,3.0,1650,Freehold,750000,3420,1750,-1670,2050,-1370,2350,-1070,3.28,3.76,🔴 Negative,115000,11,9,8,139.5,349.8,910.7,27.9,35.0,45.5,1057949,517326,402326,-200400,-164400,-128400,38335,363991,"[Unfurnished] Citywide PSF Avg, Landed >=1500sqft (RM1.07/sqft, n=13) | Citywide | [Partial] Citywide PSF Avg, Landed >=1500sqft (RM1.25/sqft, n=29) | Citywide | [Fully] Citywide PSF Avg, Landed >=1500sqft (RM1.41/sqft, n=14) | Citywide",12/7/2026,EXP,https://telegram.me/extremeproperty_listing/10608
Skylake Residence,Puchong,Putra Perdana,Condominium,3,2.0,1050,Leasehold,630000,2873,1200,-1673,1400,-1473,1700,-1173,2.67,3.24,🔴 Negative,98200,,,,82.0,219.6,571.1,16.4,22.0,28.6,767966,313874,215674,-200760,-176760,-140760,28650,187024,[Partial] Fuzzy - 1 listing(s) | LBS Skylake Residence | [Fully] Fuzzy - 1 listing(s) | LBS Skylake Residence | [Unfurnished] Est. from Partial | CORRECTED (audit 19/07/2026): Fully 1300.0->1700 -- tier re-derived from Partial per prompt's known-tier ratio (original PSF-fallback figure was inverted),12/7/2026,EXP,https://telegram.me/extremeproperty_listing/12020
2 Storey Terrace Putra Heights,Subang Jaya,Putra Heights,2 Storey Terrace,4,3.0,1400,Freehold,720000,3283,1600,-1683,1850,-1433,1950,-1333,3.08,3.25,🔴 Negative,110800,12,10,9,138.6,348.2,907.0,27.7,34.8,45.3,1015631,496603,385803,-201960,-171960,-159960,36922,348881,"[Unfurnished] Citywide PSF Avg, Landed all sizes (RM1.15/sqft, n=15) | Citywide | [Partial] Citywide PSF Avg, Landed all sizes (RM1.32/sqft, n=31) | Citywide | [Fully] Citywide PSF Avg, Landed all sizes (RM1.41/sqft, n=14) | Citywide",10/6/2026,EXP,https://telegram.me/extremeproperty_listing/18455
SS19/A1 End Lot Terrace,Subang Jaya,SS19,2 Storey Terrace,6,4.0,3500,Freehold,1200000,5472,3750,-1722,4400,-1072,4950,-522,4.4,4.95,🟠 Mild -ve,180000,7,6,5,144.8,359.8,933.1,29.0,36.0,46.7,1692719,827722,647722,-206640,-128640,-62640,59537,588185,"[Unfurnished] Citywide PSF Avg, Landed >=1500sqft (RM1.07/sqft, n=13) | Citywide | [Partial] Citywide PSF Avg, Landed >=1500sqft (RM1.25/sqft, n=29) | Citywide | [Fully] Citywide PSF Avg, Landed >=1500sqft (RM1.41/sqft, n=14) | Citywide",12/7/2026,EXP,https://telegram.me/extremeproperty_listing/15654
Robin @ Rimbayu,Rimbayu/TPG,Bandar Rimbayu,2  Storey Terrace,4,3.0,2009,Leasehold,850000,3876,2150,-1726,2500,-1376,2850,-1026,3.53,4.02,🔴 Negative,129000,10,8,7,142.0,354.5,921.1,28.4,35.4,46.1,1199009,586303,457303,-207120,-165120,-123120,43047,414256,"[Unfurnished] Citywide PSF Avg, Landed >=1500sqft (RM1.07/sqft, n=13) | Citywide | [Partial] Citywide PSF Avg, Landed >=1500sqft (RM1.25/sqft, n=29) | Citywide | [Fully] Citywide PSF Avg, Landed >=1500sqft (RM1.41/sqft, n=14) | Citywide",12/7/2026,MMN,https://telegram.me/HaniMNListingSubsale/326
2 Storey Terrace Elmina West,Shah Alam,Elmina West (Seksyen U15/U17),2 Storey Terrace,4,3.0,1709,Freehold,800000,3648,1850,-1798,2600,-1048,3100,-548,3.9,4.65,🟠 Mild -ve,122000,11,7,6,140.8,352.3,916.2,28.2,35.2,45.8,1128479,551815,429815,-215760,-125760,-65760,40691,389124,"[Unfurnished] Citywide PSF Avg, Landed >=1500sqft (RM1.07/sqft, n=13) | Citywide | [Partial] Area PSF Avg, Landed >=1500sqft (RM1.51/sqft, n=3) | Shah Alam | [Fully] Citywide PSF Avg, Landed >=1500sqft (RM1.41/sqft, n=14) | Citywide | CORRECTED (audit 19/07/2026): Fully 2400.0->3100 -- tier re-derived from Partial per prompt's known-tier ratio (original PSF-fallback figure was inverted)",19/5/2026,RSS,https://telegram.me/rumahsubsaleklselangorbynuruls/1221
Kaleidoscope Setiawangsa Residensi,Kuala Lumpur,Setiawangsa,Condominium,3,2.0,1257,Leasehold,900000,4104,2300,-1804,2500,-1604,3750,-354,3.33,5,🟠 Mild -ve,136000,,29,9,87.7,229.7,592.1,17.5,23.0,29.6,1097095,448348,312348,-216480,-192480,-42480,39643,272705,"[Unfurnished] Area PSF Avg, Strata all sizes (RM1.84/sqft, n=3) | Kuala Lumpur | [Partial] Area PSF Avg, Strata all sizes (RM2.00/sqft, n=25) | Kuala Lumpur | [Fully] Area PSF Avg, Strata all sizes (RM3.00/sqft, n=58) | Kuala Lumpur",12/7/2026,EXP,https://telegram.me/extremeproperty_listing/14013
2 Storey Terrace Taman Segambut SPPK,Kuala Lumpur,"Dutamas, Segambut",2 Storey Terrace,5,3.0,1400,Freehold,770000,3511,1600,-1911,1850,-1661,1950,-1561,2.88,3.04,🔴 Negative,117800,12,11,10,140.0,350.8,912.9,28.0,35.1,45.6,1086161,531091,413291,-229320,-199320,-187320,39278,374013,"[Unfurnished] Citywide PSF Avg, Landed all sizes (RM1.15/sqft, n=15) | Citywide | [Partial] Citywide PSF Avg, Landed all sizes (RM1.32/sqft, n=31) | Citywide | [Fully] Citywide PSF Avg, Landed all sizes (RM1.41/sqft, n=14) | Citywide",25/4/2026,REG,https://telegram.me/ListingPropertyByRegera/3949
Taman Connaught,Cheras,Taman Connaught,Landed,5,3.0,1900,Freehold,870000,3967,2050,-1917,2400,-1567,2700,-1267,3.31,3.72,🔴 Negative,131800,11,9,8,142.4,355.3,922.9,28.5,35.5,46.1,1227221,600068,468268,-230040,-188040,-152040,43989,424279,"[Unfurnished] Citywide PSF Avg, Landed >=1500sqft (RM1.07/sqft, n=13) | Citywide | [Partial] Citywide PSF Avg, Landed >=1500sqft (RM1.25/sqft, n=29) | Citywide | [Fully] Citywide PSF Avg, Landed >=1500sqft (RM1.41/sqft, n=14) | Citywide",12/7/2026,EXP,https://telegram.me/extremeproperty_listing/19664
3 Storey Terrace Alstonea,Subang Jaya,Taman Subang Mas,3 Storey Terrace,5,5.0,3296,Leasehold,1200000,5472,3550,-1922,4100,-1372,4650,-822,4.1,4.65,🟠 Mild -ve,180000,8,7,6,144.8,359.8,933.1,29.0,36.0,46.7,1692719,827722,647722,-230640,-164640,-98640,59537,588185,"[Unfurnished] Citywide PSF Avg, Landed >=1500sqft (RM1.07/sqft, n=13) | Citywide | [Partial] Citywide PSF Avg, Landed >=1500sqft (RM1.25/sqft, n=29) | Citywide | [Fully] Citywide PSF Avg, Landed >=1500sqft (RM1.41/sqft, n=14) | Citywide",14/6/2026,EXP,https://telegram.me/extremeproperty_listing/16210
2 Storey Terrace Anggerik Aranda,Shah Alam,Kota Kemuning,2 Storey Terrace,4,3.0,1800,Leasehold,850000,3876,1950,-1926,2700,-1176,3250,-626,3.81,4.59,🟠 Mild -ve,129000,11,7,6,142.0,354.5,921.1,28.4,35.4,46.1,1199009,586303,457303,-231120,-141120,-75120,43047,414256,"[Unfurnished] Citywide PSF Avg, Landed >=1500sqft (RM1.07/sqft, n=13) | Citywide | [Partial] Area PSF Avg, Landed >=1500sqft (RM1.51/sqft, n=3) | Shah Alam | [Fully] Citywide PSF Avg, Landed >=1500sqft (RM1.41/sqft, n=14) | Citywide | CORRECTED (audit 19/07/2026): Fully 2550.0->3250 -- tier re-derived from Partial per prompt's known-tier ratio (original PSF-fallback figure was inverted)",16/6/2026,MMN,https://telegram.me/HaniMNListingSubsale/580
Semi-D Nusaputra,Puchong,Bandar Nusaputra,Semi Detached,5,4.0,3200,Leasehold,1180000,5381,3450,-1931,4000,-1381,4500,-881,4.07,4.58,🟠 Mild -ve,177000,8,7,6,144.8,359.9,933.2,29.0,36.0,46.7,1664507,813957,636957,-231720,-165720,-105720,58595,578362,"[Unfurnished] Citywide PSF Avg, Landed >=1500sqft (RM1.07/sqft, n=13) | Citywide | [Partial] Citywide PSF Avg, Landed >=1500sqft (RM1.25/sqft, n=29) | Citywide | [Fully] Citywide PSF Avg, Landed >=1500sqft (RM1.41/sqft, n=14) | Citywide",14/6/2026,EXP,https://telegram.me/extremeproperty_listing/16196
Starling Rimbayu (End Lot),Rimbayu/TPG,Bandar Rimbayu,2 Storey Terrace,3,3.0,1783,Leasehold,850000,3876,1900,-1976,2250,-1626,2500,-1376,3.18,3.53,🔴 Negative,129000,11,9,8,142.0,354.5,921.1,28.4,35.4,46.1,1199009,586303,457303,-237120,-195120,-165120,43047,414256,"[Unfurnished] Citywide PSF Avg, Landed >=1500sqft (RM1.07/sqft, n=13) | Citywide | [Partial] Citywide PSF Avg, Landed >=1500sqft (RM1.25/sqft, n=29) | Citywide | [Fully] Citywide PSF Avg, Landed >=1500sqft (RM1.41/sqft, n=14) | Citywide",12/7/2026,MMN,https://telegram.me/HaniMNListingSubsale/208
The Ridge @ KL East,Kuala Lumpur,Desa Melawati,Serviced Residence,2,2.0,865,Freehold,798000,3639,1600,-2039,1750,-1889,2600,-1039,2.63,3.91,🔴 Negative,121720,,,19,86.0,226.6,585.7,17.2,22.7,29.3,972758,397553,275833,-244680,-226680,-124680,35490,240343,"[Unfurnished] Area PSF Avg, Strata all sizes (RM1.84/sqft, n=3) | Kuala Lumpur | [Partial] Area PSF Avg, Strata all sizes (RM2.00/sqft, n=25) | Kuala Lumpur | [Fully] Area PSF Avg, Strata all sizes (RM3.00/sqft, n=58) | Kuala Lumpur",20/5/2026,EXP,https://telegram.me/extremeproperty_listing/17768
Taman Desa Gemilang,Selayang,Kampung Sungai Pusu,Landed,5,5.0,3500,Leasehold,1290000,5883,3750,-2133,4400,-1483,4950,-933,4.09,4.6,🟠 Mild -ve,193500,8,7,6,144.9,359.9,933.3,29.0,36.0,46.7,1819672,889892,696392,-255960,-177960,-111960,63777,632615,"[Unfurnished] Citywide PSF Avg, Landed >=1500sqft (RM1.07/sqft, n=13) | Citywide | [Partial] Citywide PSF Avg, Landed >=1500sqft (RM1.25/sqft, n=29) | Citywide | [Fully] Citywide PSF Avg, Landed >=1500sqft (RM1.41/sqft, n=14) | Citywide",10/7/2026,EXP,https://telegram.me/extremeproperty_listing/19626
2 Storey Terrace M3 Residence,Kajang,Sungai Merab (Desa Putra),2 Storey Terrace,4,3.0,1890,Leasehold (Malay Reserve),920000,4195,1500,-2695,1700,-2495,2650,-1545,2.22,3.46,🔴 Negative,138800,16,14,8,143.4,357.2,927.1,28.7,35.7,46.4,1297751,634557,495757,-323400,-299400,-185400,46345,449412,"[Unfurnished] Citywide PSF Avg, Landed >=1500sqft (RM1.07/sqft, n=13) | Citywide | [Partial] Area PSF Avg, Landed >=1500sqft (RM0.89/sqft, n=6) | Kajang | [Fully] Citywide PSF Avg, Landed >=1500sqft (RM1.41/sqft, n=14) | Citywide | CORRECTED (audit 19/07/2026): Unfurnished 2000.0->1500 -- tier re-derived from Partial per prompt's known-tier ratio (original PSF-fallback figure was inverted)",21/4/2025,RSS,https://telegram.me/rumahsubsaleklselangorbynuruls/1167
2 Storey Terrace Taman Sierra Ukay,Ampang,Ukay Perdana,2 Storey Terrace,4,3.0,1400,Leasehold,850000,3876,1600,-2276,1850,-2026,1950,-1926,2.61,2.75,🔴 Negative,129000,14,12,11,142.0,354.5,921.1,28.4,35.4,46.1,1199009,586303,457303,-273120,-243120,-231120,43047,414256,"[Unfurnished] Citywide PSF Avg, Landed all sizes (RM1.15/sqft, n=15) | Citywide | [Partial] Citywide PSF Avg, Landed all sizes (RM1.32/sqft, n=31) | Citywide | [Fully] Citywide PSF Avg, Landed all sizes (RM1.41/sqft, n=14) | Citywide",2/5/2025,REG,https://telegram.me/ListingPropertyByRegera/4064
2.5 Storey Terrace Bukit Antarabangsa,Ampang,Bukit Antarabangsa,Terrace (Storey TBC),5,2.0,1400,Leasehold,850000,3876,1600,-2276,1850,-2026,1950,-1926,2.61,2.75,🔴 Negative,129000,14,12,11,142.0,354.5,921.1,28.4,35.4,46.1,1199009,586303,457303,-273120,-243120,-231120,43047,414256,"[Unfurnished] Citywide PSF Avg, Landed all sizes (RM1.15/sqft, n=15) | Citywide | [Partial] Citywide PSF Avg, Landed all sizes (RM1.32/sqft, n=31) | Citywide | [Fully] Citywide PSF Avg, Landed all sizes (RM1.41/sqft, n=14) | Citywide",6/4/2026,EXP,https://telegram.me/extremeproperty_listing/16242
2 Storey Terrace Cassia Garden Residence,Cyberjaya / Putrajaya,"Garden Residence, Cyberjaya",2 Storey Terrace,5,4.0,2845,Freehold,1185000,5404,3050,-2354,3550,-1854,4000,-1404,3.59,4.05,🔴 Negative,177750,10,8,7,144.9,359.9,933.2,29.0,36.0,46.7,1671560,817436,639686,-282480,-222480,-168480,58830,580856,"[Unfurnished] Citywide PSF Avg, Landed >=1500sqft (RM1.07/sqft, n=13) | Citywide | [Partial] Citywide PSF Avg, Landed >=1500sqft (RM1.25/sqft, n=29) | Citywide | [Fully] Citywide PSF Avg, Landed >=1500sqft (RM1.41/sqft, n=14) | Citywide",18/5/2026,EXP,https://telegram.me/extremeproperty_listing/17652
2 Storey Terrace PJS 10,Petaling Jaya / Damansara,Bandar Sunway,2 Storey Terrace,3,3.0,1700,Leasehold,920000,4195,1800,-2395,2100,-2095,2400,-1795,2.74,3.13,🔴 Negative,138800,13,11,9,143.4,357.2,927.1,28.7,35.7,46.4,1297751,634557,495757,-287400,-251400,-215400,46345,449412,"[Unfurnished] Citywide PSF Avg, Landed >=1500sqft (RM1.07/sqft, n=13) | Citywide | [Partial] Citywide PSF Avg, Landed >=1500sqft (RM1.25/sqft, n=29) | Citywide | [Fully] Citywide PSF Avg, Landed >=1500sqft (RM1.41/sqft, n=14) | Citywide",12/7/2026,EXP,https://telegram.me/extremeproperty_listing/14915
2 Storey Terrace Taman Putra Prima,Puchong,Taman Putra Prima PP5,2 Storey Terrace,4,3.0,1765,Freehold,950000,4332,1900,-2432,2200,-2132,2500,-1832,2.78,3.16,🔴 Negative,143000,13,11,9,144.0,358.2,929.5,28.8,35.8,46.5,1340069,655280,512280,-291840,-255840,-219840,47758,464522,"[Unfurnished] Citywide PSF Avg, Landed >=1500sqft (RM1.07/sqft, n=13) | Citywide | [Partial] Citywide PSF Avg, Landed >=1500sqft (RM1.25/sqft, n=29) | Citywide | [Fully] Citywide PSF Avg, Landed >=1500sqft (RM1.41/sqft, n=14) | Citywide",8/6/2026,EXP,https://telegram.me/extremeproperty_listing/18263
Kota Warisan Saujana KLIA,Sepang,Kota Warisan Saujana,2 Storey Terrace,4,4.0,2130,Leasehold,850000,3876,1400,-2476,2650,-1226,3300,-576,3.74,4.66,🟠 Mild -ve,129000,16,8,6,142.0,354.5,921.1,28.4,35.4,46.1,1199009,586303,457303,-297120,-147120,-69120,43047,414256,"[Unfurnished] Area PSF Avg, Landed >=1500sqft (RM0.67/sqft, n=3) | Sepang | [Partial] Citywide PSF Avg, Landed >=1500sqft (RM1.25/sqft, n=29) | Citywide | [Fully] Area PSF Avg, Landed >=1500sqft (RM1.55/sqft, n=3) | Sepang",12/7/2026,RSS,https://telegram.me/rumahsubsaleklselangorbynuruls/339
Dataran Templer,Selayang,Bandar Baru Selayang Dataran Templer,2 Storey Terrace,5,6.0,2800,Leasehold,1250000,5700,3000,-2700,3500,-2200,3950,-1750,3.36,3.79,🔴 Negative,187500,10,9,7,144.8,359.8,933.1,29.0,36.0,46.7,1763248,862211,674711,-324000,-264000,-210000,61892,612819,"[Unfurnished] Citywide PSF Avg, Landed >=1500sqft (RM1.07/sqft, n=13) | Citywide | [Partial] Citywide PSF Avg, Landed >=1500sqft (RM1.25/sqft, n=29) | Citywide | [Fully] Citywide PSF Avg, Landed >=1500sqft (RM1.41/sqft, n=14) | Citywide",12/7/2026,EXP,https://telegram.me/extremeproperty_listing/11909
Taman Paroi Jaya Corner Terrace,Nilai,Taman Paroi Jaya,Terrace House,7,4.0,3200,Freehold,1350000,6156,3450,-2706,4000,-2156,4500,-1656,3.56,4,🔴 Negative,202500,10,8,7,144.8,359.8,933.1,29.0,36.0,46.7,1904308,931187,728687,-324720,-258720,-198720,66604,662083,"[Unfurnished] Citywide PSF Avg, Landed >=1500sqft (RM1.07/sqft, n=13) | Citywide | [Partial] Citywide PSF Avg, Landed >=1500sqft (RM1.25/sqft, n=29) | Citywide | [Fully] Citywide PSF Avg, Landed >=1500sqft (RM1.41/sqft, n=14) | Citywide",12/7/2026,EXP,https://telegram.me/extremeproperty_listing/14671
Villa Bestari,Kuala Lumpur,Kg Sg Pusu Gombak,1.5 Storey Bungalow,5,5.0,5000,Freehold,1780000,8117,5350,-2767,6250,-1867,7050,-1067,4.21,4.75,🔴 Negative,267000,8,6,5,144.8,359.9,933.2,29.0,36.0,46.7,2510866,1227818,960818,-332040,-224040,-128040,86863,873955,"[Unfurnished] Citywide PSF Avg, Landed >=1500sqft (RM1.07/sqft, n=13) | Citywide | [Partial] Citywide PSF Avg, Landed >=1500sqft (RM1.25/sqft, n=29) | Citywide | [Fully] Citywide PSF Avg, Landed >=1500sqft (RM1.41/sqft, n=14) | Citywide",12/7/2026,EXP,https://telegram.me/extremeproperty_listing/10820
2 Storey Terrace Taman Alam Indah,Shah Alam,Seksyen 33,2 Storey Terrace,5,5.0,2500,Leasehold,1200000,5472,2700,-2772,3800,-1672,4550,-922,3.8,4.55,🟠 Mild -ve,180000,11,7,6,144.8,359.8,933.1,29.0,36.0,46.7,1692719,827722,647722,-332640,-200640,-110640,59537,588185,"[Unfurnished] Citywide PSF Avg, Landed >=1500sqft (RM1.07/sqft, n=13) | Citywide | [Partial] Area PSF Avg, Landed >=1500sqft (RM1.51/sqft, n=3) | Shah Alam | [Fully] Citywide PSF Avg, Landed >=1500sqft (RM1.41/sqft, n=14) | Citywide | CORRECTED (audit 19/07/2026): Fully 3500.0->4550 -- tier re-derived from Partial per prompt's known-tier ratio (original PSF-fallback figure was inverted)",3/5/2026,EXP,https://telegram.me/extremeproperty_listing/17258
2.5 Storey Terrace Kim Crest,Puchong,Taman Puchong Hartamas,2 Storey Terrace,6,4.0,2625,Freehold,1250000,5700,2800,-2900,3300,-2400,3700,-2000,3.17,3.55,🔴 Negative,187500,11,9,8,144.8,359.8,933.1,29.0,36.0,46.7,1763248,862211,674711,-348000,-288000,-240000,61892,612819,"[Unfurnished] Citywide PSF Avg, Landed >=1500sqft (RM1.07/sqft, n=13) | Citywide | [Partial] Citywide PSF Avg, Landed >=1500sqft (RM1.25/sqft, n=29) | Citywide | [Fully] Citywide PSF Avg, Landed >=1500sqft (RM1.41/sqft, n=14) | Citywide",14/6/2026,EXP,https://telegram.me/extremeproperty_listing/16183
3 Storey Terrace Nassim Heights,Ampang,Taman Ukay Bestari,3 Storey Terrace,4,4.0,2590,Leasehold,1250000,5700,2800,-2900,3250,-2450,3650,-2050,3.12,3.5,🔴 Negative,187500,11,9,8,144.8,359.8,933.1,29.0,36.0,46.7,1763248,862211,674711,-348000,-294000,-246000,61892,612819,"[Unfurnished] Citywide PSF Avg, Landed >=1500sqft (RM1.07/sqft, n=13) | Citywide | [Partial] Citywide PSF Avg, Landed >=1500sqft (RM1.25/sqft, n=29) | Citywide | [Fully] Citywide PSF Avg, Landed >=1500sqft (RM1.41/sqft, n=14) | Citywide",14/6/2026,EXP,https://telegram.me/extremeproperty_listing/16695
3 Storey Terrace Taman Ukay Perdana,Ampang,Taman Ukay Perdana,3 Storey Terrace,5,4.0,2772,Leasehold,1300000,5928,2950,-2978,3450,-2478,3900,-2028,3.18,3.6,🔴 Negative,195000,11,9,8,144.8,359.8,933.1,29.0,36.0,46.7,1833778,896699,701699,-357360,-297360,-243360,64248,637451,"[Unfurnished] Citywide PSF Avg, Landed >=1500sqft (RM1.07/sqft, n=13) | Citywide | [Partial] Citywide PSF Avg, Landed >=1500sqft (RM1.25/sqft, n=29) | Citywide | [Fully] Citywide PSF Avg, Landed >=1500sqft (RM1.41/sqft, n=14) | Citywide",18/5/2026,EXP,https://telegram.me/extremeproperty_listing/17671
2 Storey Terrace Bukit Indah,Ampang,Taman Bukit Indah,2 Storey Terrace,4,3.0,1800,Leasehold,1100000,5016,1950,-3066,2250,-2766,2550,-2466,2.45,2.78,🔴 Negative,165000,14,13,11,144.8,359.8,933.1,29.0,36.0,46.7,1551659,758745,593745,-367920,-331920,-295920,54825,538920,"[Unfurnished] Citywide PSF Avg, Landed >=1500sqft (RM1.07/sqft, n=13) | Citywide | [Partial] Citywide PSF Avg, Landed >=1500sqft (RM1.25/sqft, n=29) | Citywide | [Fully] Citywide PSF Avg, Landed >=1500sqft (RM1.41/sqft, n=14) | Citywide",14/6/2026,EXP,https://telegram.me/extremeproperty_listing/16816
Laman Oakleaf Bukit Antarabangsa,Ampang,Ampang,2.5 Storey Terrace,7,6.0,3730,Leasehold,1550000,7068,4000,-3068,4650,-2418,5250,-1818,3.6,4.06,🔴 Negative,232500,10,8,7,144.8,359.8,933.1,29.0,36.0,46.7,2186428,1069141,836641,-368160,-290160,-218160,76027,760614,"[Unfurnished] Citywide PSF Avg, Landed >=1500sqft (RM1.07/sqft, n=13) | Citywide | [Partial] Citywide PSF Avg, Landed >=1500sqft (RM1.25/sqft, n=29) | Citywide | [Fully] Citywide PSF Avg, Landed >=1500sqft (RM1.41/sqft, n=14) | Citywide",18/3/2026,EXP,https://telegram.me/extremeproperty_listing/15782
2 Storey Terrace Hampton Residence,Sungai Buloh,Bandar Seri Coalfields,2 Storey Terrace,4,4.0,2960,Freehold,1400000,6384,3150,-3234,3700,-2684,4150,-2234,3.17,3.56,🔴 Negative,210000,11,9,8,144.8,359.8,933.1,29.0,36.0,46.7,1974838,965676,755676,-388080,-322080,-268080,68960,686716,"[Unfurnished] Citywide PSF Avg, Landed >=1500sqft (RM1.07/sqft, n=13) | Citywide | [Partial] Citywide PSF Avg, Landed >=1500sqft (RM1.25/sqft, n=29) | Citywide | [Fully] Citywide PSF Avg, Landed >=1500sqft (RM1.41/sqft, n=14) | Citywide",10/6/2026,EXP,https://telegram.me/extremeproperty_listing/18342
Ukay Bistari,Ampang,Ukay Bistari,2  Storey Terrace,6,3.0,2400,Freehold,1300000,5928,2550,-3378,3000,-2928,3400,-2528,2.77,3.14,🔴 Negative,195000,13,11,9,144.8,359.8,933.1,29.0,36.0,46.7,1833778,896699,701699,-405360,-351360,-303360,64248,637451,"[Unfurnished] Citywide PSF Avg, Landed >=1500sqft (RM1.07/sqft, n=13) | Citywide | [Partial] Citywide PSF Avg, Landed >=1500sqft (RM1.25/sqft, n=29) | Citywide | [Fully] Citywide PSF Avg, Landed >=1500sqft (RM1.41/sqft, n=14) | Citywide",12/7/2026,EXP,https://telegram.me/extremeproperty_listing/9464
Alam Sutera Bukit Jalil,Bukit Jalil,Bukit Jalil,2 Storey Terrace,4,4.0,2139,Leasehold,1250000,5700,2300,-3400,2650,-3050,3000,-2700,2.54,2.88,🔴 Negative,187500,14,12,10,144.8,359.8,933.1,29.0,36.0,46.7,1763248,862211,674711,-408000,-366000,-324000,61892,612819,"[Unfurnished] Citywide PSF Avg, Landed >=1500sqft (RM1.07/sqft, n=13) | Citywide | [Partial] Citywide PSF Avg, Landed >=1500sqft (RM1.25/sqft, n=29) | Citywide | [Fully] Citywide PSF Avg, Landed >=1500sqft (RM1.41/sqft, n=14) | Citywide",18/3/2026,EXP,https://telegram.me/extremeproperty_listing/15711
UNA Residensi Peel,Cheras,"Lorong Peel, Maluri",Condominium,3,3.0,1356,Leasehold,1250000,5700,2300,-3400,2800,-2900,3600,-2100,2.69,3.46,🔴 Negative,187500,,,27,89.1,232.1,597.2,17.8,23.2,29.9,1523743,622705,435205,-408000,-348000,-252000,53893,381312,"[Unfurnished] Area PSF Avg, Strata all sizes (RM1.71/sqft, n=4) | Cheras | [Partial] Area PSF Avg, Strata all sizes (RM2.05/sqft, n=15) | Cheras | [Fully] Area PSF Avg, Strata all sizes (RM2.64/sqft, n=23) | Cheras",18/5/2026,EXP,https://telegram.me/extremeproperty_listing/17604
2 Storey Terrace Bandar Baru Sri Petaling,Kuala Lumpur,Sri Petaling,2 Storey Terrace,5,3.0,2500,Freehold,1350000,6156,2700,-3456,3100,-3056,3500,-2656,2.76,3.11,🔴 Negative,202500,13,11,9,144.8,359.8,933.1,29.0,36.0,46.7,1904308,931187,728687,-414720,-366720,-318720,66604,662083,"[Unfurnished] Citywide PSF Avg, Landed >=1500sqft (RM1.07/sqft, n=13) | Citywide | [Partial] Citywide PSF Avg, Landed >=1500sqft (RM1.25/sqft, n=29) | Citywide | [Fully] Citywide PSF Avg, Landed >=1500sqft (RM1.41/sqft, n=14) | Citywide",20/5/2026,EXP,https://telegram.me/extremeproperty_listing/17783
Berjaya Times Square Service Suites,Kuala Lumpur,Jalan Imbi,Condominium,2,2.0,1070,Freehold,1200000,5472,1950,-3522,2150,-3322,3200,-2272,2.15,3.2,🔴 Negative,180000,,,,89.1,232.1,597.2,17.8,23.2,29.9,1462793,597797,417797,-422640,-398640,-272640,51857,365940,"[Unfurnished] Area PSF Avg, Strata all sizes (RM1.84/sqft, n=3) | Kuala Lumpur | [Partial] Area PSF Avg, Strata all sizes (RM2.00/sqft, n=25) | Kuala Lumpur | [Fully] Area PSF Avg, Strata all sizes (RM3.00/sqft, n=58) | Kuala Lumpur",12/7/2026,EXP,https://telegram.me/extremeproperty_listing/14028
Mutiara Bukit Jalil,Bukit Jalil,Bukit Jalil,3 Storey Terrace,7,4.0,2895,Freehold,1480000,6749,3100,-3649,3600,-3149,4100,-2649,2.92,3.32,🔴 Negative,222000,12,10,9,144.8,359.9,933.2,29.0,36.0,46.7,2087686,1020888,798888,-437880,-377880,-317880,72729,726159,"[Unfurnished] Citywide PSF Avg, Landed >=1500sqft (RM1.07/sqft, n=13) | Citywide | [Partial] Citywide PSF Avg, Landed >=1500sqft (RM1.25/sqft, n=29) | Citywide | [Fully] Citywide PSF Avg, Landed >=1500sqft (RM1.41/sqft, n=14) | Citywide",18/3/2026,EXP,https://telegram.me/extremeproperty_listing/15700
3-Storey Semi-D Broadleaf Residences,Shah Alam,Kota Kemuning,Semi Detached,7,9.0,4654,Leasehold,1900000,8664,5000,-3664,7050,-1614,8450,-214,4.45,5.34,🟠 Mild -ve,285000,9,6,5,144.8,359.8,933.1,29.0,36.0,46.7,2680138,1310560,1025560,-439680,-193680,-25680,92517,933043,"[Unfurnished] Citywide PSF Avg, Landed >=1500sqft (RM1.07/sqft, n=13) | Citywide | [Partial] Area PSF Avg, Landed >=1500sqft (RM1.51/sqft, n=3) | Shah Alam | [Fully] Citywide PSF Avg, Landed >=1500sqft (RM1.41/sqft, n=14) | Citywide | CORRECTED (audit 19/07/2026): Fully 6550.0->8450 -- tier re-derived from Partial per prompt's known-tier ratio (original PSF-fallback figure was inverted)",12/7/2026,EXP,https://telegram.me/extremeproperty_listing/13242
Ampang Saujana Semi D Cluster,Ampang,Ampang Saujana,Semi Detached,7,5.0,3800,Leasehold,1700000,7752,4050,-3702,4750,-3002,5350,-2402,3.35,3.78,🔴 Negative,255000,11,9,7,144.8,359.8,933.1,29.0,36.0,46.7,2398018,1172606,917606,-444240,-360240,-288240,83094,834512,"[Unfurnished] Citywide PSF Avg, Landed >=1500sqft (RM1.07/sqft, n=13) | Citywide | [Partial] Citywide PSF Avg, Landed >=1500sqft (RM1.25/sqft, n=29) | Citywide | [Fully] Citywide PSF Avg, Landed >=1500sqft (RM1.41/sqft, n=14) | Citywide",12/7/2026,EXP,https://telegram.me/extremeproperty_listing/14638
Taman Cahaya Alam U12,Shah Alam,Taman Cahaya Alam U12,2 Storey Semi-Detached,6,5.0,3800,Leasehold,1700000,7752,4050,-3702,5750,-2002,6900,-852,4.06,4.87,🟠 Mild -ve,255000,11,7,5,144.8,359.8,933.1,29.0,36.0,46.7,2398018,1172606,917606,-444240,-240240,-102240,83094,834512,"[Unfurnished] Citywide PSF Avg, Landed >=1500sqft (RM1.07/sqft, n=13) | Citywide | [Partial] Area PSF Avg, Landed >=1500sqft (RM1.51/sqft, n=3) | Shah Alam | [Fully] Citywide PSF Avg, Landed >=1500sqft (RM1.41/sqft, n=14) | Citywide | CORRECTED (audit 19/07/2026): Fully 5350.0->6900 -- tier re-derived from Partial per prompt's known-tier ratio (original PSF-fallback figure was inverted)",12/7/2026,EXP,https://telegram.me/extremeproperty_listing/10239
Bandar Serenia,Sepang,Bandar Serenia,2  Storey Terrace,4,3.0,2087,Freehold,1150000,5244,1400,-3844,2600,-2644,3250,-1994,2.71,3.39,🔴 Negative,172500,19,11,8,144.8,359.8,933.1,29.0,36.0,46.7,1622189,793234,620734,-461280,-317280,-239280,57181,563553,"[Unfurnished] Area PSF Avg, Landed >=1500sqft (RM0.67/sqft, n=3) | Sepang | [Partial] Citywide PSF Avg, Landed >=1500sqft (RM1.25/sqft, n=29) | Citywide | [Fully] Area PSF Avg, Landed >=1500sqft (RM1.55/sqft, n=3) | Sepang",12/7/2026,EXP,https://telegram.me/extremeproperty_listing/9496
1 Storey Terrace Sri Damansara,Petaling Jaya / Damansara,Bandar Sri Damansara,1 Storey Terrace,3,2.0,1400,Freehold,1250000,5700,1600,-4100,1850,-3850,1950,-3750,1.78,1.87,🔴 Negative,187500,19,17,16,144.8,359.8,933.1,29.0,36.0,46.7,1763248,862211,674711,-492000,-462000,-450000,61892,612819,"[Unfurnished] Citywide PSF Avg, Landed all sizes (RM1.15/sqft, n=15) | Citywide | [Partial] Citywide PSF Avg, Landed all sizes (RM1.32/sqft, n=31) | Citywide | [Fully] Citywide PSF Avg, Landed all sizes (RM1.41/sqft, n=14) | Citywide",14/6/2026,EXP,https://telegram.me/extremeproperty_listing/16147
2 Storey Terrace Taman Bukit Setiawangsa,Kuala Lumpur,Setiawangsa,2 Storey Terrace,5,3.0,2200,Freehold,1450000,6612,2350,-4262,2750,-3862,3100,-3512,2.28,2.57,🔴 Negative,217500,16,14,12,144.8,359.8,933.1,29.0,36.0,46.7,2045368,1000164,782664,-511440,-463440,-421440,71315,711349,"[Unfurnished] Citywide PSF Avg, Landed >=1500sqft (RM1.07/sqft, n=13) | Citywide | [Partial] Citywide PSF Avg, Landed >=1500sqft (RM1.25/sqft, n=29) | Citywide | [Fully] Citywide PSF Avg, Landed >=1500sqft (RM1.41/sqft, n=14) | Citywide",10/4/2026,EXP,https://telegram.me/extremeproperty_listing/16380
Bandar Kinrara,Puchong,Bandar Kinrara,Landed,5,3.0,4047,Freehold,1980000,9029,4350,-4679,5050,-3979,5700,-3329,3.06,3.45,🔴 Negative,297000,12,10,8,144.8,359.9,933.2,29.0,36.0,46.7,2792986,1365772,1068772,-561480,-477480,-399480,96286,972486,"[Unfurnished] Citywide PSF Avg, Landed >=1500sqft (RM1.07/sqft, n=13) | Citywide | [Partial] Citywide PSF Avg, Landed >=1500sqft (RM1.25/sqft, n=29) | Citywide | [Fully] Citywide PSF Avg, Landed >=1500sqft (RM1.41/sqft, n=14) | Citywide",12/7/2026,EXP,https://telegram.me/extremeproperty_listing/19653
2-Storey Split-Level Bungalow Seksyen 8,Shah Alam,Seksyen 8,Bungalow,7,5.0,12648,Leasehold,4000000,18241,13550,-4691,19100,859,22900,4659,5.73,6.87,🟢 Strong,600000,7,4,3,144.8,359.9,933.2,29.0,36.0,46.7,5642395,2759225,2159225,-562920,103080,559080,191456,1967769,"[Unfurnished] Citywide PSF Avg, Landed >=1500sqft (RM1.07/sqft, n=13) | Citywide | [Partial] Area PSF Avg, Landed >=1500sqft (RM1.51/sqft, n=3) | Shah Alam | [Fully] Citywide PSF Avg, Landed >=1500sqft (RM1.41/sqft, n=14) | Citywide | CORRECTED (audit 19/07/2026): Fully 17850.0->22900 -- tier re-derived from Partial per prompt's known-tier ratio (original PSF-fallback figure was inverted)",12/7/2026,MMN,https://telegram.me/HaniMNListingSubsale/77
2.5-Storey Semi-D,Klang,Bandar Bukit Tinggi,Semi Detached,5,4.0,3200,Freehold,1850000,8436,3700,-4736,4000,-4436,4500,-3936,2.59,2.92,🔴 Negative,277500,13,12,10,144.8,359.8,933.1,29.0,36.0,46.7,2609608,1276072,998572,-568320,-532320,-472320,90161,908411,"[Unfurnished] Area PSF Avg, Landed >=1500sqft (RM1.15/sqft, n=3) | Klang | [Partial] Citywide PSF Avg, Landed >=1500sqft (RM1.25/sqft, n=29) | Citywide | [Fully] Citywide PSF Avg, Landed >=1500sqft (RM1.41/sqft, n=14) | Citywide",12/7/2026,EXP,https://telegram.me/extremeproperty_listing/10908
Taman Setapak,Setapak,Taman Setapak,Landed,3,3.0,1000,Freehold,1300000,5928,1150,-4778,1300,-4628,1400,-4528,1.2,1.29,🔴 Negative,195000,22,21,20,144.8,359.8,933.1,29.0,36.0,46.7,1833778,896699,701699,-573360,-555360,-543360,64248,637451,"[Unfurnished] Citywide PSF Avg, Landed all sizes (RM1.15/sqft, n=15) | Citywide | [Partial] Citywide PSF Avg, Landed all sizes (RM1.32/sqft, n=31) | Citywide | [Fully] Citywide PSF Avg, Landed all sizes (RM1.41/sqft, n=14) | Citywide",4/7/2026,EXP,https://telegram.me/extremeproperty_listing/19385
Semi Detached Taman Perdana Residence,Selayang,Bandar Baru Selayang,Semi Detached,5,5.0,4000,Freehold,2000000,9120,4300,-4820,5000,-4120,5650,-3470,3,3.39,🔴 Negative,300000,12,10,8,144.8,359.8,933.1,29.0,36.0,46.7,2821198,1379537,1079537,-578400,-494400,-416400,97228,982309,"[Unfurnished] Citywide PSF Avg, Landed >=1500sqft (RM1.07/sqft, n=13) | Citywide | [Partial] Citywide PSF Avg, Landed >=1500sqft (RM1.25/sqft, n=29) | Citywide | [Fully] Citywide PSF Avg, Landed >=1500sqft (RM1.41/sqft, n=14) | Citywide",18/5/2026,EXP,https://telegram.me/extremeproperty_listing/17588
Taman Permai Jaya,Ampang,Taman Permai Jaya,2 Storey Semi-Detached,5,4.0,4000,Leasehold,2100000,9576,4300,-5276,5000,-4576,5650,-3926,2.86,3.23,🔴 Negative,315000,13,11,9,144.8,359.8,933.1,29.0,36.0,46.7,2962257,1448514,1133514,-633120,-549120,-471120,101939,1031575,"[Unfurnished] Citywide PSF Avg, Landed >=1500sqft (RM1.07/sqft, n=13) | Citywide | [Partial] Citywide PSF Avg, Landed >=1500sqft (RM1.25/sqft, n=29) | Citywide | [Fully] Citywide PSF Avg, Landed >=1500sqft (RM1.41/sqft, n=14) | Citywide",12/7/2026,EXP,https://telegram.me/extremeproperty_listing/10707
Verdale @ Alam Sari,Bangi,Alam Sari,2 Storey Bungalow,5,5.0,3161,Freehold,1990000,9075,3400,-5675,3950,-5125,4450,-4625,2.38,2.68,🔴 Negative,298500,15,13,11,144.8,359.9,933.2,29.0,36.0,46.7,2807092,1372730,1074230,-681000,-615000,-555000,96757,977473,"[Unfurnished] Citywide PSF Avg, Landed >=1500sqft (RM1.07/sqft, n=13) | Citywide | [Partial] Citywide PSF Avg, Landed >=1500sqft (RM1.25/sqft, n=29) | Citywide | [Fully] Citywide PSF Avg, Landed >=1500sqft (RM1.41/sqft, n=14) | Citywide",12/7/2026,EXP,https://telegram.me/extremeproperty_listing/13802
3 Storey Bungalow Anjung Melati,Selayang,Taman Melati,3 Storey Terrace,4,9.0,4500,Freehold,2300000,10488,4800,-5688,5600,-4888,6350,-4138,2.92,3.31,🔴 Negative,345000,12,10,9,144.8,359.8,933.1,29.0,36.0,46.7,3244377,1586467,1241467,-682560,-586560,-496560,111362,1130105,"[Unfurnished] Citywide PSF Avg, Landed >=1500sqft (RM1.07/sqft, n=13) | Citywide | [Partial] Citywide PSF Avg, Landed >=1500sqft (RM1.25/sqft, n=29) | Citywide | [Fully] Citywide PSF Avg, Landed >=1500sqft (RM1.41/sqft, n=14) | Citywide",14/6/2026,EXP,https://telegram.me/extremeproperty_listing/16712
2 Storey Semi-Detached SS14,Subang Jaya,SS14,Semi Detached,7,5.0,3500,Freehold,2100000,9576,3750,-5826,4400,-5176,4950,-4626,2.51,2.83,🔴 Negative,315000,14,12,11,144.8,359.8,933.1,29.0,36.0,46.7,2962257,1448514,1133514,-699120,-621120,-555120,101939,1031575,"[Unfurnished] Citywide PSF Avg, Landed >=1500sqft (RM1.07/sqft, n=13) | Citywide | [Partial] Citywide PSF Avg, Landed >=1500sqft (RM1.25/sqft, n=29) | Citywide | [Fully] Citywide PSF Avg, Landed >=1500sqft (RM1.41/sqft, n=14) | Citywide",6/4/2026,EXP,https://telegram.me/extremeproperty_listing/16259
Serenia Aqila,Sepang,Serenia City,2 Storey Semi-Detached,6,5.0,3030,Freehold,1750000,7980,2000,-5980,3800,-4180,4700,-3280,2.61,3.22,🔴 Negative,262500,20,12,9,144.8,359.8,933.1,29.0,36.0,46.7,2468548,1207095,944595,-717600,-501600,-393600,85449,859146,"[Unfurnished] Area PSF Avg, Landed >=1500sqft (RM0.67/sqft, n=3) | Sepang | [Partial] Citywide PSF Avg, Landed >=1500sqft (RM1.25/sqft, n=29) | Citywide | [Fully] Area PSF Avg, Landed >=1500sqft (RM1.55/sqft, n=3) | Sepang",12/7/2026,EXP,https://telegram.me/extremeproperty_listing/11385
Double Storey Bungalow Taman Perwira,Ampang,Taman Perwira Ampang Jaya,Bungalow,6,6.0,4000,Freehold,2300000,10488,4300,-6188,5000,-5488,5650,-4838,2.61,2.95,🔴 Negative,345000,14,12,10,144.8,359.8,933.1,29.0,36.0,46.7,3244377,1586467,1241467,-742560,-658560,-580560,111362,1130105,"[Unfurnished] Citywide PSF Avg, Landed >=1500sqft (RM1.07/sqft, n=13) | Citywide | [Partial] Citywide PSF Avg, Landed >=1500sqft (RM1.25/sqft, n=29) | Citywide | [Fully] Citywide PSF Avg, Landed >=1500sqft (RM1.41/sqft, n=14) | Citywide",12/7/2026,EXP,https://telegram.me/extremeproperty_listing/8019
Taman Hillview,Ampang,Ampang,Bungalow,5,6.0,9300,Freehold,3580000,16325,9950,-6375,11600,-4725,13100,-3225,3.89,4.39,🔴 Negative,537000,9,7,6,144.8,359.9,933.2,29.0,36.0,46.7,5049944,2469401,1932401,-765000,-567000,-387000,171668,1760733,"[Unfurnished] Citywide PSF Avg, Landed >=1500sqft (RM1.07/sqft, n=13) | Citywide | [Partial] Citywide PSF Avg, Landed >=1500sqft (RM1.25/sqft, n=29) | Citywide | [Fully] Citywide PSF Avg, Landed >=1500sqft (RM1.41/sqft, n=14) | Citywide",18/3/2026,EXP,https://telegram.me/extremeproperty_listing/15804
2 Storey Terrace Isle of Botanica,Cyberjaya / Putrajaya,Setia Eco Glades,2 Storey Terrace,4,4.0,2400,Freehold,2000000,9120,2550,-6570,3000,-6120,3400,-5720,1.8,2.04,🔴 Negative,300000,19,17,15,144.8,359.8,933.1,29.0,36.0,46.7,2821198,1379537,1079537,-788400,-734400,-686400,97228,982309,"[Unfurnished] Citywide PSF Avg, Landed >=1500sqft (RM1.07/sqft, n=13) | Citywide | [Partial] Citywide PSF Avg, Landed >=1500sqft (RM1.25/sqft, n=29) | Citywide | [Fully] Citywide PSF Avg, Landed >=1500sqft (RM1.41/sqft, n=14) | Citywide",29/4/2025,EXP,https://telegram.me/extremeproperty_listing/17082
Core Residence @ TRX,Kuala Lumpur,Tun Razak Exchange (TRX),Service Residence,2,2.0,817,Freehold,1800000,8208,1500,-6708,1650,-6558,2450,-5758,1.1,1.63,🔴 Negative,270000,,,,89.1,232.1,597.2,17.8,23.2,29.9,2194190,896695,626695,-804960,-786960,-690960,76286,550409,"[Unfurnished] Area PSF Avg, Strata all sizes (RM1.84/sqft, n=3) | Kuala Lumpur | [Partial] Area PSF Avg, Strata all sizes (RM2.00/sqft, n=25) | Kuala Lumpur | [Fully] Area PSF Avg, Strata all sizes (RM3.00/sqft, n=58) | Kuala Lumpur",12/7/2026,EXP,https://telegram.me/extremeproperty_listing/14589
2 Storey Bungalow Jalan Pekaka,Petaling Jaya / Damansara,"Jalan Pekaka Kota Damansara,",Bungalow,5,6.0,5000,Leasehold,2650000,12084,5350,-6734,6250,-5834,7050,-5034,2.83,3.19,🔴 Negative,397500,13,11,9,144.8,359.8,933.1,29.0,36.0,46.7,3738087,1827886,1430386,-808080,-700080,-604080,127852,1302534,"[Unfurnished] Citywide PSF Avg, Landed >=1500sqft (RM1.07/sqft, n=13) | Citywide | [Partial] Citywide PSF Avg, Landed >=1500sqft (RM1.25/sqft, n=29) | Citywide | [Fully] Citywide PSF Avg, Landed >=1500sqft (RM1.41/sqft, n=14) | Citywide",12/7/2026,EXP,https://telegram.me/extremeproperty_listing/10066
3 Storey Courtyard Villa 16 Quartz,Kuala Lumpur,Taman Melawati,3 Storey Terrace,5,6.0,3480,Leasehold,2300000,10488,3750,-6738,4350,-6138,4900,-5588,2.27,2.56,🔴 Negative,345000,16,14,12,144.8,359.8,933.1,29.0,36.0,46.7,3244377,1586467,1241467,-808560,-736560,-670560,111362,1130105,"[Unfurnished] Citywide PSF Avg, Landed >=1500sqft (RM1.07/sqft, n=13) | Citywide | [Partial] Citywide PSF Avg, Landed >=1500sqft (RM1.25/sqft, n=29) | Citywide | [Fully] Citywide PSF Avg, Landed >=1500sqft (RM1.41/sqft, n=14) | Citywide",20/4/2026,EXP,https://telegram.me/extremeproperty_listing/16767
3 Storey Terrace Dumalis 16 Sierra,Puchong,16 Sierra,3 Storey Terrace,6,5.0,1920,Leasehold,2000000,9120,2050,-7070,2400,-6720,2700,-6420,1.44,1.62,🔴 Negative,300000,21,19,18,144.8,359.8,933.1,29.0,36.0,46.7,2821198,1379537,1079537,-848400,-806400,-770400,97228,982309,"[Unfurnished] Citywide PSF Avg, Landed >=1500sqft (RM1.07/sqft, n=13) | Citywide | [Partial] Citywide PSF Avg, Landed >=1500sqft (RM1.25/sqft, n=29) | Citywide | [Fully] Citywide PSF Avg, Landed >=1500sqft (RM1.41/sqft, n=14) | Citywide",10/4/2026,EXP,https://telegram.me/extremeproperty_listing/16271
2 Storey Bungalow Kemensah Heights,Ampang,Kemensah Heights,Bungalow,7,4.0,4000,Freehold,2900000,13224,4300,-8924,5000,-8224,5650,-7574,2.07,2.34,🔴 Negative,435000,17,15,13,144.8,359.8,933.1,29.0,36.0,46.7,4090736,2000329,1565329,-1070880,-986880,-908880,139631,1425698,"[Unfurnished] Citywide PSF Avg, Landed >=1500sqft (RM1.07/sqft, n=13) | Citywide | [Partial] Citywide PSF Avg, Landed >=1500sqft (RM1.25/sqft, n=29) | Citywide | [Fully] Citywide PSF Avg, Landed >=1500sqft (RM1.41/sqft, n=14) | Citywide",18/5/2026,EXP,https://telegram.me/extremeproperty_listing/17615
2 Storey Terrace Cahaya SPK,Shah Alam,"Seksyen U9, Cahaya SPK",2 Storey Terrace,5,5.0,4500,Leasehold,3250000,14821,4800,-10021,6800,-8021,8150,-6671,2.51,3.01,🔴 Negative,487500,17,12,10,144.8,359.9,933.2,29.0,36.0,46.7,4584446,2241899,1754399,-1202520,-962520,-800520,156120,1598279,"[Unfurnished] Citywide PSF Avg, Landed >=1500sqft (RM1.07/sqft, n=13) | Citywide | [Partial] Area PSF Avg, Landed >=1500sqft (RM1.51/sqft, n=3) | Shah Alam | [Fully] Citywide PSF Avg, Landed >=1500sqft (RM1.41/sqft, n=14) | Citywide | CORRECTED (audit 19/07/2026): Fully 6350.0->8150 -- tier re-derived from Partial per prompt's known-tier ratio (original PSF-fallback figure was inverted)",8/5/2025,EXP,https://telegram.me/extremeproperty_listing/17336
Bandar Kinrara 9 (BK9),Puchong,BK9,Landed,7,6.0,5000,Freehold,3800000,17329,5350,-11979,6250,-11079,7050,-10279,1.97,2.23,🔴 Negative,570000,17,15,14,144.8,359.9,933.2,29.0,36.0,46.7,5360275,2621271,2051271,-1437480,-1329480,-1233480,182033,1869238,"[Unfurnished] Citywide PSF Avg, Landed >=1500sqft (RM1.07/sqft, n=13) | Citywide | [Partial] Citywide PSF Avg, Landed >=1500sqft (RM1.25/sqft, n=29) | Citywide | [Fully] Citywide PSF Avg, Landed >=1500sqft (RM1.41/sqft, n=14) | Citywide",3/7/2026,EXP,https://telegram.me/extremeproperty_listing/19420
2 Storey Bungalow Taman TAR Ampang,Ampang,Taman TAR Ampang,Bungalow,8,6.0,5836,Leasehold,4200000,19153,6250,-12903,7300,-11853,8200,-10953,2.09,2.34,🔴 Negative,630000,17,15,13,144.8,359.9,933.2,29.0,36.0,46.7,5924515,2897179,2267179,-1548360,-1422360,-1314360,200879,2066300,"[Unfurnished] Citywide PSF Avg, Landed >=1500sqft (RM1.07/sqft, n=13) | Citywide | [Partial] Citywide PSF Avg, Landed >=1500sqft (RM1.25/sqft, n=29) | Citywide | [Fully] Citywide PSF Avg, Landed >=1500sqft (RM1.41/sqft, n=14) | Citywide",12/7/2026,EXP,https://telegram.me/extremeproperty_listing/13146
Gaia Taman Sering Ukay,Ampang,Taman Sering Ukay,Bungalow,7,8.0,5800,Freehold,4500000,20521,6200,-14321,7250,-13271,8150,-12371,1.93,2.17,🔴 Negative,675000,18,16,14,144.8,359.9,933.2,29.0,36.0,46.7,6347694,3104109,2429109,-1718520,-1592520,-1484520,215013,2214096,"[Unfurnished] Citywide PSF Avg, Landed >=1500sqft (RM1.07/sqft, n=13) | Citywide | [Partial] Citywide PSF Avg, Landed >=1500sqft (RM1.25/sqft, n=29) | Citywide | [Fully] Citywide PSF Avg, Landed >=1500sqft (RM1.41/sqft, n=14) | Citywide",12/7/2026,EXP,https://telegram.me/extremeproperty_listing/14619
Perdana Lakeview East Bungalow,Cyberjaya / Putrajaya,Perdana Lakeview East,Bungalow,6,6.0,2800,Freehold,4000000,18241,3000,-15241,3500,-14741,3950,-14291,1.05,1.19,🔴 Negative,600000,23,22,21,144.8,359.9,933.2,29.0,36.0,46.7,5642395,2759225,2159225,-1828920,-1768920,-1714920,191456,1967769,"[Unfurnished] Citywide PSF Avg, Landed >=1500sqft (RM1.07/sqft, n=13) | Citywide | [Partial] Citywide PSF Avg, Landed >=1500sqft (RM1.25/sqft, n=29) | Citywide | [Fully] Citywide PSF Avg, Landed >=1500sqft (RM1.41/sqft, n=14) | Citywide",12/7/2026,EXP,https://telegram.me/extremeproperty_listing/12987
3 Storey Semi-Detached Tijani 2,Kuala Lumpur,Bukit Tunku (Kenny Hills),Semi Detached,5,6.0,5500,Freehold,5400000,24625,5900,-18725,6900,-17725,7750,-16875,1.53,1.72,🔴 Negative,810000,20,19,17,144.8,359.9,933.2,29.0,36.0,46.7,7617233,3724901,2914901,-2247000,-2127000,-2025000,257416,2657485,"[Unfurnished] Citywide PSF Avg, Landed >=1500sqft (RM1.07/sqft, n=13) | Citywide | [Partial] Citywide PSF Avg, Landed >=1500sqft (RM1.25/sqft, n=29) | Citywide | [Fully] Citywide PSF Avg, Landed >=1500sqft (RM1.41/sqft, n=14) | Citywide",25/4/2026,REG,https://telegram.me/ListingPropertyByRegera/3974
Tropicana Aman Bayan,Klang,Bandar Tropicana Aman,Landed,4,4.0,"1,760",Leasehold,"850,000","3,876","2,500",-1376,"2,850",-1026,"3,450",-426,4.02%,4.87%,Mild -ve,129000,8,7,5,142.0,354.5,921.1,28.4,35.4,46.1,1199009,586303,457303,-165120,-123120,-51120,43047,414256,"[Partial] Web - same-project comp, 1 listing(s), RM3200/mo, 1980sqft, PSF1.62 | PropertyGuru (vs Citywide PSF Median Landed>=1200sqft est. RM2200 - material gap ~30%, live figure used) | [Unfurnished] Est. from Partial x0.87, no direct comp found (csv or web) | [Fully] Est. from Partial x1.20; live Fully comp RM3800/mo 2454sqft found but flagged as size/type mismatch (2-Storey Superlink vs subject), not used directly",13/7/2026,EXP,https://telegram.me/extremeproperty_listing/19683
Bandar Seri Putra,Kajang,Bandar Seri Putra,Landed,4,3.0,"1,804",Freehold,"560,000","2,554","1,850",-704,"2,100",-454,"2,500",-54,4.50%,5.36%,Mild -ve,88400,7,6,5,132.7,337.0,881.9,26.5,33.7,44.1,789935,386331,297931,-84480,-54480,-6480,29384,268547,"[Partial] Fuzzy match (zone-verified, project name not identical) - 1 listing(s), RM2100/mo, 1680sqft | Bandar Seri Putra Terrace House, Bangi | web cross-check: no usable Landed comps found in zone (only Apartment/Condo results for Putra 1, Vista Seri Putra etc., excluded per type segmentation); EdgeProp Landed-for-rent search returned zero live listings | [Unfurnished] Est. from Partial x0.87 | [Fully] Est. from Partial x1.20",14/7/2026,EXP,https://telegram.me/extremeproperty_listing/19708
Aston Kiara 3,Kuala Lumpur,Mont Kiara,Condominium,4,3.0,"1,598",Freehold,"595,000","2,713","2,200",-513,"2,400",-313,"2,900",187,4.84%,5.85%,Neutral,93300,13,11,7,80.9,217.7,566.9,16.2,21.8,28.3,725302,296377,203077,-61560,-37560,22440,27225,175852,"[Fully] Web - same-project, same-size comps, 5 listing(s) (RM2500-3000/mo, 1500-1598sqft) | iProperty/Mudah/PropSocial, median RM2900 (vs Area PSF Median Condo>=1200sqft est. RM4300 - material gap ~48%, live figure used) | [Partial] live n=1 outlier found (RM3200/mo, 1518sqft) exceeded Fully median - excluded as inconsistent, used Est. from Fully x0.83 instead | [Unfurnished] Est. from Fully x0.75, no direct comp found",14/7/2026,EXP,https://telegram.me/extremeproperty_listing/19714
Parkland Residence,Kajang,Kajang 2,Service Residence,2,2.0,750,Freehold,330000,1505,1200,-305,1350,-155,1600,95,4.91,5.82,🟡 Neutral,57900,15,11,8,61.7,184.0,496.2,12.3,18.4,24.8,402268,164424,106524,-36600,-18600,11400,16436,90088,"[Fully] Web – 6 listing(s), same-project same-size match (RM1600/mo) | Mudah.my | [Partial] Est. from Fully (RM1350/mo) | [Unfurnished] Est. from Fully (RM1200/mo) | listings.csv unavailable this session",19/7/2026,EXP,https://t.me/extremeproperty_listing/19747
Sri Kota,Cheras,Bandar Tun Razak,Flat,2,1.0,530,Freehold,300000,1368,700,-668,850,-518,1000,-368,3.4,4,🟠 Mild -ve,54000,,30,20,57.6,176.8,481.0,11.5,17.7,24.1,365698,149449,95449,-80160,-62160,-44160,15214,80235,"[Unfurnished] Web – 2 listing(s), same-project match (RM700/mo, 600sqft) | Carousell | [Partial] Web – 1 listing(s), same-project match (RM850/mo, 650sqft) | Cari.la | [Fully] Est. from Partial (RM1000/mo) — stale/inconsistent same-project comp (RM800, dated 2023) excluded | listings.csv unavailable this session",19/7/2026,EXP,https://t.me/extremeproperty_listing/19758
