listing_type,status,Demand %,area,zone,project_name,tenant_restriction,price,Notes,estimated mv,installment,parking/floor,bed,bath,size,furnishing,type,tenure,room_type,bath_type,anchors,image,wa_text,date_added,source_link,move_in_date,code,Buffer,MP
rental,-,65,Kuala Lumpur,Bukit Bintang,Swiss Garden Residence,-,2600,Newly Renovated | Move-in Ready,-,-,-,1,1,650,Fully Furnished,Service Residence,-,-,-,Bukit Bintang MRT Station | Pavilion Kuala Lumpur | LaLaport BBCC | Jalan Alor Food Street | Berjaya Times Square,https://haniproperties.com/images/unitpic/swissgardenresidence-/pic1.jpg,"Hi Hani, I'm interested in the unit rental at Swiss Garden Residence, Bukit Bintang. Price: RM2600. Ref: -",31/8/2026,https://t.me/yanzrealty/331,Immediate,-,-,
subsale,-,65,Kuala Lumpur,Sungai Besi,Central Residence,,322500,322500,,1471,,2,1,573,,Service Residence,Freehold,,,Terminal Bersepadu Selatan (TBS) | LRT Sungai Besi / Tasik Selatan interchange (LRT + KTM + ERL cluster) | NSK Sungai Besi | Giant Sg Besi | UKM Specialist Centre / HUKM medical cluster,https://haniproperties.com/images/unitpic/centralresidenceEXP/pic1.jpg,"Hi Hani, I'm interested in the subsale unit at Central Residence, Sungai Besi. Price: RM322500. Ref: EXP",28/3/2026,https://telegram.me/extremeproperty_listing/15937,,EXP,,
subsale,-,70,Kuala Lumpur,Sri Rampai,Rampai Court,-,249000,-,-,1061,1,2,1,600,-,Apartment,Freehold,-,-,LRT Sri Rampai Station | AEON Big | Giant Hypermarket | Columbia Asia Hospital | DUKE Expressway,https://haniproperties.com/images/unitpic/rampaicourtEXP/pic1.jpg,"Hi Hani, I'm interested in the subsale unit at Rampai Court, Sri Rampai. Price: RM249000. Ref: EXP",3/8/2026,https://t.me/extremeproperty_listing/20357,-,EXP,-,
subsale,-,65,Kuala Lumpur,Segambut,Savvy @ Riana Dutamas,-,565000,-,-,2407,2,3,2,911,-,Service Residence,Freehold,-,-,Segambut KTM Station | Publika Shopping Gallery | Global Doctors Hospital | DUKE Highway | PLUS Highway (Duta),https://haniproperties.com/images/unitpic/savvyrianadutamasEXP/pic1.jpg,"Hi Hani, I'm interested in the subsale unit at Savvy @ Riana Dutamas, Segambut. Price: RM565000. Ref: EXP",10/8/2026,https://t.me/extremeproperty_listing/20896,-,EXP,-,
subsale,-,70,Kuala Lumpur,Dutamas,Menara Duta 2,-,460000,-,-,1959,1,4,3,1442,-,Condominium,Freehold,-,-,KTM Segambut Station | Jaya Grocer | Agrobazaar Rakyat | Global Doctors Hospital | DUKE Expressway,https://haniproperties.com/images/unitpic/menaraduta2EXP/pic1.jpg,"Hi Hani, I'm interested in the subsale unit at Menara Duta 2, Dutamas. Price: RM460000. Ref: EXP",11/8/2026,https://t.me/extremeproperty_listing/20946,-,EXP,-,
rental,-,75,Kuala Lumpur,Jalan Ampang,Neu Suites Residence,-,1850,-,-,-,1,2,1,435,Fully Furnished,Service Residence,-,-,-,Jelatek LRT Station | Gleneagles Hospital | Great Eastern Mall | Embassy Row,https://haniproperties.com/images/unitpic/neusuitesresidenceEX2/pic1.jpg,"Hi Hani, I'm interested in the unit rental at Neu Suites Residence, Jalan Ampang. Price: RM1850. Ref: EX",27/8/2026,https://t.me/RumahSewaKLSlgrBelowRM2000/29791,Immediate,EX,-,
subsale,-,65,Cheras,Bandar Sri Permaisuri,Cengal Condominium,-,360000,Middle Level | 76 Years Leasehold Remaining | Non-Bumi Lot | Strata Ready,-,1533,1,3,2,923,-,Condominium,Leasehold,-,-,MRT Taman Midah | LRT Salak Selatan | KTM Salak Selatan | Hospital Canselor Tuanku Muhriz | Sungai Besi Highway,https://haniproperties.com/images/unitpic/cengalcondominiumEXP2/pic1.jpg,"Hi Hani, I'm interested in the subsale unit at Cengal Condominium, Bandar Sri Permaisuri. Price: RM360000. Ref: EXP",20/8/2026,https://t.me/extremeproperty_listing/21158,-,EXP,-,
subsale,-,55,Kuala Lumpur,Wangsa Melawati,2 Storey Terrace Taman Wangsa Melawati,,700000,700000,,3192,,4,2,1980,,Terrace,Freehold,,,"LRT Wangsa Maju (~2.5km, short drive) | SRK Wangsa Melawati (~0.5km) | Melawati Mall (~1km) | Masjid Usamah bin Zaid (~0.8km) | Gleneagles Hospital (~2km)",https://haniproperties.com/images/unitpic/2storeyterracetamanwangsamelawatiEXP/pic1.jpg,"Hi Hani, I'm interested in the subsale unit at 2 Storey Terrace Taman Wangsa Melawati, Wangsa Melawati. Price: RM700000. Ref: EXP",17/6/2026,https://telegram.me/extremeproperty_listing/18753,,EXP,,
subsale,-,70,Kuala Lumpur,Pantai Dalam,Cubic Botanical,,420000,420000,,1915,,2,1,650,,Condominium,Freehold,,,"KTM Pantai Dalam (~400m, sheltered walkway) | SMK Seri Pantai | Klinik Komuniti Pantai Ria",https://haniproperties.com/images/unitpic/cubicbotanicalEXP/pic1.jpg,"Hi Hani, I'm interested in the subsale unit at Cubic Botanical, Pantai Dalam. Price: RM420000. Ref: EXP",17/5/2026,https://telegram.me/extremeproperty_listing/17546,,EXP,,
subsale,-,50,Kuala Lumpur,Taman Sri Pandyan (OUG / Jalan Puchong),1 Storey Terrace Taman Sri Pandyan,,620000,620000,,2827,,3,2,1600,,Terrace,Freehold,,,Muhibbah LRT | OUG (Old Klang Road lifestyle zone) | SMK Taman Yarl,https://haniproperties.com/images/unitpic/1storeyterracetamansripandyanDPM/pic1.jpg,"Hi Hani, I'm interested in the subsale unit at 1 Storey Terrace Taman Sri Pandyan, Taman Sri Pandyan (OUG / Jalan Puchong). Price: RM620000. Ref: DPM",12/4/2026,https://telegram.me/DeePropmall/1743,,DPM,,
subsale,-,65,Kuala Lumpur,Segambut,Taman Sri Sinar,,430000,430000,,1961,,3,2,1200,,Terrace,Freehold,,,MRT Sri Sinar | SK Sri Sinar | Plaza Sinar | Masjid Al-Imam Ash-Shafie (Segambut),https://haniproperties.com/images/unitpic/tamansrisinarEXP/pic1.jpg,"Hi Hani, I'm interested in the subsale unit at Taman Sri Sinar, Segambut. Price: RM430000. Ref: EXP",18/3/2026,https://telegram.me/extremeproperty_listing/15720,,EXP,,
subsale,-,55,Setapak,Taman Bunga Raya,1 Storey Terrace Taman Bunga Raya,-,670000,"Price Negotiable | Price Updated from RM490,000 | Fully Renovated | Non-Bumi Lot | Land Area: 1540 sqft | Mature Residential Area",-,2854,-,3,2,1400,-,Terrace,Freehold,-,-,LRT Wangsa Maju / Taman Melati (~10 min) | Setapak Central Mall | Wangsa Walk Mall | TAR UMT | DUKE Highway,/images/unitpic/1storeyterracetamanbungarayaEXP/pic1.jpg,"Hi Hani, I'm interested in the subsale unit at 1 Storey Terrace Taman Bunga Raya, Taman Bunga Raya. Price: RM670000. Ref: EXP",22/4/2025,https://telegram.me/extremeproperty_listing/16925,-,EXP,-,-
rental,-,70,Kuala Lumpur,Pudu,Residensi Jalan Jubilee,-,2000,-,-,-,2,3,2,1084,Partially Furnished,Condominium,-,-,-,Chan Sow Lin LRT/MRT Station | KWC Fashion Mall | Tung Shin Hospital | Maju Expressway,https://haniproperties.com/images/unitpic/residensijalanjubileeEX/pic1.jpg,"Hi Hani, I'm interested in the unit rental at Residensi Jalan Jubilee, Pudu. Price: RM2000. Ref: EX",5/8/2026,https://t.me/RumahSewaKLSlgrBelowRM2000/29001,Immediate,EX,-,
rental,-,70,Kuala Lumpur,Sungai Besi,Razak City Residence,-,1900,-,-,-,1,2,2,800,Fully Furnished,Service Residence,-,-,-,Salak Selatan LRT Station | Salak Selatan KTM Station | Sungai Besi MRT Station | The Mines Shopping Mall | BESRAYA Highway,https://haniproperties.com/images/unitpic/razakcityresidenceADL/pic1.jpg,"Hi Hani, I'm interested in the unit rental at Razak City Residence, Sungai Besi. Price: RM1900. Ref: ADL",8/8/2026,https://t.me/adiblisting/9730,Immediate,ADL,-,
rental,-,65,Kuala Lumpur,Segambut,The Era,-,1815,-,-,-,1,2,1,650,Partially Furnished,Service Residence,-,-,-,Segambut KTM Station | Publika Shopping Gallery | Global Doctors Centre | Mont Kiara International School | DUKE Highway,https://haniproperties.com/images/unitpic/theeraFPR/pic1.jpg,"Hi Hani, I'm interested in the unit rental at The Era, Segambut. Price: RM1815. Ref: FPR",8/8/2026,https://t.me/fathurpropertyrental/28724,-,FPR,-,
subsale,-,55,Kajang,Sungai Jelok,1 Storey Terrace Sungai Jelok,-,395000,Renovated | Extended Kitchen | Non-Bumi Lot | Price Negotiable,-,1682,1,3,1,1300,-,Terrace,Freehold,-,-,MRT Kajang Station | KTM Komuter Kajang | Lotus's Kajang | KPJ Kajang | LEKAS Highway,https://haniproperties.com/images/unitpic/1storeyterracesungaijelokEXP/pic1.jpg,"Hi Hani, I'm interested in the subsale unit at 1 Storey Terrace Sungai Jelok, Sungai Jelok. Price: RM395000. Ref: EXP",20/8/2026,https://t.me/extremeproperty_listing/21147,-,EXP,-,
subsale,-,60,Puchong,Puchong Jaya,Double Storey Terrace Puchong Jaya (End Lot),Non-Bumi Lot,720000,Gated & Guarded | Vacant Unit | Ready to Move In,-,3067,-,4,3,-,-,Terrace,Freehold,-,-,IOI Puchong Jaya LRT Station | IOI Mall Puchong | KPJ Puchong Specialist Hospital | LDP Highway,https://haniproperties.com/images/unitpic/doublestoreyterracepuchongjayaendlotEXP/pic1.jpg,"Hi Hani, I'm interested in the subsale unit at Double Storey Terrace Puchong Jaya (End Lot), Puchong Jaya. Price: RM720000. Ref: EXP",20/8/2026,https://t.me/extremeproperty_listing/21183,-,EXP,-,
rental,-,65,Cyberjaya / Putrajaya,Cyber 11,Edusphere Suites,Female Only,1300,Studio Unit | High Floor | Block N Level 25,-,-,1,-,1,350,Fully Furnished,Service Residence,-,-,-,Cyberjaya City Centre MRT Station | D'Pulze Shopping Centre | Hospital Cyberjaya | Multimedia University (MMU) | MEX Highway,https://haniproperties.com/images/unitpic/eduspheresuitesFPR/pic1.jpg,"Hi Hani, I'm interested in the unit rental at Edusphere Suites, Cyber 11. Price: RM1300. Ref: FPR",18/8/2026,https://t.me/fathurpropertyrental/29036,-,FPR,-,
subsale,-,65,Cheras,Taman Cheras,Ketumbar Heights,-,280000,,,1193,,3,2,755,-,Condominium,Freehold,-,-,MRT Taman Mutiara | EkoCheras Mall | Cheras LeisureMall | Columbia Asia Hospital Cheras | MRR2,https://haniproperties.com/images/unitpic/ketumbarheightsEXP/pic1.jpg,"Hi Hani, I'm interested in the subsale unit at Ketumbar Heights, Taman Cheras. Price: RM280000. Ref: EXP",21/7/2026,https://t.me/extremeproperty_listing/19795,-,EXP,-,
subsale,-,70,Kuala Lumpur,Wangsa Maju,Seasons Garden Residences,-,410000,,,1746,,4,2,850,-,Service Residence,Leasehold,-,-,LRT Sri Rampai | Wangsa Walk Mall | AEON Alpha Angle | Columbia Asia Hospital Setapak | DUKE Highway,https://haniproperties.com/images/unitpic/seasonsgardenresidencesEXP/pic1.jpg,"Hi Hani, I'm interested in the subsale unit at Seasons Garden Residences, Wangsa Maju. Price: RM410000. Ref: EXP",21/7/2026,https://t.me/extremeproperty_listing/19804,-,EXP,-,
subsale,-,70,Kuala Lumpur,Desa Petaling,Sri Lata Condominium,-,399000,,,1699,,3,2,1200,-,Condominium,Leasehold,-,-,MRT Taman Naga Emas | Mid Valley Megamall | Pavilion Bukit Jalil | Hospital Canselor Tuanku Muhriz (HCTM) | MEX Highway,https://haniproperties.com/images/unitpic/srilatacondominiumEXP/pic1.jpg,"Hi Hani, I'm interested in the subsale unit at Sri Lata Condominium, Desa Petaling. Price: RM399000. Ref: EXP",21/7/2026,https://t.me/extremeproperty_listing/19814,-,EXP,-,
subsale,-,70,Kuala Lumpur,Solaris Dutamas,Anggun Puri Condominium,-,390000,Agent-stated Market Value RM450000 | Renovated | Strata Title | Maintenance RM363/month,-,1661,1,3,2,1000,-,Condominium,Freehold,-,-,Segambut KTM Station | Publika Shopping Gallery | Jaya Grocer | Jalan Dutamas Raya | DUKE Expressway,https://haniproperties.com/images/unitpic/anggunpuricondominiumEXP/pic1.jpg,"Hi Hani, I'm interested in the subsale unit at Anggun Puri Condominium, Solaris Dutamas. Price: RM390000. Ref: EXP",24/8/2026,https://t.me/extremeproperty_listing/21260,-,EXP,-,
subsale,-,50,Kuala Lumpur,Jalan Kuching,Sri Putramas 1,,430000,430000,,2778,,3,2,1050,-,Condominium,Freehold,-,-,Jalan Kuching | Jalan Dutamas | Jalan Tuanku Abdul Halim,https://haniproperties.com/images/unitpic/sriputramas1EXP/pic1.jpg,"Hi Hani, I'm interested in the subsale unit at Sri Putramas 1, Jalan Kuching. Price: RM430000. Ref: EXP",28/6/2026,https://telegram.me/extremeproperty_listing/19241,-,EXP,,
subsale,-,55,Kuala Lumpur,Pudu,Sri Mutiara Apartment,,260000,260000,,1680,,2,2,815,-,Apartment,Freehold,-,-,Jalan Sungai Besi | Jalan Loke Yew | Sungai Besi Expressway,https://haniproperties.com/images/unitpic/srimutiaraapartmentEXP/pic1.jpg,"Hi Hani, I'm interested in the subsale unit at Sri Mutiara Apartment, Pudu. Price: RM260000. Ref: EXP",28/6/2026,https://telegram.me/extremeproperty_listing/19233,-,EXP,,
subsale,-,65,Kuala Lumpur,Kg Pandan,Residensi Pandanmas 2,,385000,385000,,1650,,3,2,900,-,Condominium,-,-,-,KLCC | Ampang Point | Great Eastern Mall | Hospital Ampang | AKLEH Highway,https://haniproperties.com/images/unitpic/residensipandanmas2EXP/pic1.jpg,"Hi Hani, I'm interested in the subsale unit at Residensi Pandanmas 2, Kg Pandan. Price: RM385000. Ref: EXP",27/6/2026,https://telegram.me/extremeproperty_listing/19175,-,EXP,,
subsale,-,40,Puchong,Bandar Kinrara,2 Storey Terrace Bandar Kinrara BK4,,600000,600000,,2736,,6,3,1600,,Terrace,Freehold (Bumi Lot),,,"LRT Kinrara BK5 (~1.8km, short drive) | SK Seksyen 1 Bandar Kinrara | SMK Seksyen 4 Bandar Kinrara | Giant Bandar Kinrara (~0.5km) | Masjid Bandar Kinrara",https://haniproperties.com/images/unitpic/2storeyterracebandarkinrarabk4EXP/pic1.jpg,"Hi Hani, I'm interested in the subsale unit at 2 Storey Terrace Bandar Kinrara BK4, Bandar Kinrara. Price: RM600000. Ref: EXP",16/6/2026,https://telegram.me/extremeproperty_listing/18806,,EXP,,
subsale,-,45,Cheras,Bandar Mahkota Cheras,2 Storey Terrace Bandar Mahkota Cheras,,510000,510000,,2326,,3,3,1080,,Terrace,Freehold,,,"Sungai Long Medical Centre (~3km, short drive) | NSK Mahkota Cheras (~500m, walkable) | SK/SMK dalam kawasan (~1km) | AEON Cheras Selatan (~5 min) | MRT Tun Hussein Onn (~2–3km, short drive)",https://haniproperties.com/images/unitpic/2storeyterracebandarmahkotacherasEXP/pic1.jpg,"Hi Hani, I'm interested in the subsale unit at 2 Storey Terrace Bandar Mahkota Cheras, Bandar Mahkota Cheras. Price: RM510000. Ref: EXP",14/6/2026,https://telegram.me/extremeproperty_listing/16686,,EXP,,
subsale,-,60,Petaling Jaya / Damansara,Bandar Sri Damansara,1 Storey Terrace Sri Damansara,,1250000,1250000,,5700,,3,2,1400,,Terrace,Freehold,,,"MRT Sri Damansara (~1km, walkable) | SMK/SK Bandar Sri Damansara (~1km) | Sri Damansara Clubhouse (~1km) | Masjid in-township | KIP Mall / Sri Damansara commercial area (~1km)",https://haniproperties.com/images/unitpic/1storeyterracesridamansaraEXP/pic1.jpg,"Hi Hani, I'm interested in the subsale unit at 1 Storey Terrace Sri Damansara, Bandar Sri Damansara. Price: RM1250000. Ref: EXP",14/6/2026,https://telegram.me/extremeproperty_listing/16147,,EXP,,
subsale,-,60,Kuala Lumpur,Segambut,Prima Tiara II,,290000,290000,,1322,,3,2,926,,Apartment,Freehold,,,KTM Segambut (~2.4km short drive) | SMK Segambut Jaya (~700m) | United Point Mall (~3min drive) | SK Taman Sri Sinar (~500m),https://haniproperties.com/images/unitpic/primatiaraiiEXP/pic1.jpg,"Hi Hani, I'm interested in the subsale unit at Prima Tiara II, Segambut. Price: RM290000. Ref: EXP",10/6/2026,https://telegram.me/extremeproperty_listing/18409,,EXP,,
subsale,-,60,Kuala Lumpur,Setiawangsa,Seri Maya Condo,,530000,530000,,2417,,3,2,1350,,Condominium,Freehold,,,LRT Setiawangsa | AEON AU2 | ST Rosyam Mart,https://haniproperties.com/images/unitpic/serimayacondoEXP/pic1.jpg,"Hi Hani, I'm interested in the subsale unit at Seri Maya Condo, Setiawangsa. Price: RM530000. Ref: EXP",25/5/2026,https://telegram.me/extremeproperty_listing/17826,,EXP,,
subsale,-,60,Kuala Lumpur,Taman Melawati,Saville @ Taman Melawati,,450000,450000,,2052,,3,2,1007,,Service Residence,Freehold,,,Melawati Mall | Giant Hypermarket Melawati | Various Restaurants Melawati,https://haniproperties.com/images/unitpic/savilletamanmelawatiEXP/pic1.jpg,"Hi Hani, I'm interested in the subsale unit at Saville @ Taman Melawati, Taman Melawati. Price: RM450000. Ref: EXP",25/5/2026,https://telegram.me/extremeproperty_listing/17908,,EXP,,
subsale,-,50,Puchong,Bandar Bukit Puchong,Nilam Puri Condominium,,385000,385000,,1756,,3,2,1173,,Condominium,Freehold,,,SK Puchong Utama 1 & 2 | SMK Puchong Utama 1 | Lotus's Bukit Puchong | AEON Big Puchong Utama | Masjid Bandar Bukit Puchong | LRT Puchong Prima / Puchong Perdana,https://haniproperties.com/images/unitpic/nilampuricondominiumDPM/pic1.jpg,"Hi Hani, I'm interested in the subsale unit at Nilam Puri Condominium, Bandar Bukit Puchong. Price: RM385000. Ref: DPM",13/5/2026,https://telegram.me/DeePropmall/1984,,DPM,,
subsale,-,50,Kuala Lumpur,"Dutamas, Segambut",2 Storey Terrace Taman Segambut SPPK,,770000,770000,,3511,,5,3,1400,,Terrace,Freehold,,,KTM Segambut Station (~1km) | Surau Desa Segambut (~3 min walk) | French School of KL (~1.1km) | MATRADE (~1.5km) | Segambut Little Caliphs Kindergarten (walking distance),https://haniproperties.com/images/unitpic/2storeyterracetamansegambutsppkREG/pic1.jpg,"Hi Hani, I'm interested in the subsale unit at 2 Storey Terrace Taman Segambut SPPK, Dutamas, Segambut. Price: RM770000. Ref: REG",25/4/2026,https://telegram.me/ListingPropertyByRegera/3949,,REG,,
subsale,-,65,Kuala Lumpur,Sri Petaling,Endah Ria Condominium,,355000,355000,,1619,,3,2,946,,Condominium,Leasehold,,,"Endah Parade Shopping Centre (very close, main anchor) | LRT Bukit Jalil / Sri Petaling line | International Medical University (IMU) | SK Bandar Baru Sri Petaling 1 / 2 | HUKM / UKM Specialist Centre",https://haniproperties.com/images/unitpic/endahriacondominiumEXP/pic1.jpg,"Hi Hani, I'm interested in the subsale unit at Endah Ria Condominium, Sri Petaling. Price: RM355000. Ref: EXP",28/3/2026,https://telegram.me/extremeproperty_listing/15962,,EXP,,
subsale,-,50,Kuala Lumpur,Cheras Selatan / Taman Tun Perak,Pangsapuri Pahlawan,,138000,138000,,629,,3,2,667,,Flat,Freehold,,,SMK Tun Hussein Onn | SRK Tun Hussein Onn | CS Supermarket / Econsave,https://haniproperties.com/images/unitpic/pangsapuripahlawanEXP/pic1.jpg,"Hi Hani, I'm interested in the subsale unit at Pangsapuri Pahlawan, Cheras Selatan / Taman Tun Perak. Price: RM138000. Ref: EXP",22/4/2025,https://telegram.me/extremeproperty_listing/16916,,EXP,,
subsale,-,60,Kuala Lumpur,Wangsa Maju,Villa Wangsamas,,539000,539000,,2458,,4,3,1267,,Condominium,Freehold,,,"Near LRT Sri Rampai, Wangsa Walk Mall, Alpha Angle and DUKE/MRR2",https://haniproperties.com/images/unitpic/villawangsamasRSS/pic1.jpg,"Hi Hani, I'm interested in the subsale unit at Villa Wangsamas, Wangsa Maju. Price: RM539000. Ref: RSS",,https://telegram.me/rumahsubsaleklselangorbynuruls/508,,RSS,,
subsale,-,60,Kuala Lumpur,KLCC,SOHO Suites @ KLCC,-,500000,-,-,2130,-,-,-,700,-,Studio,Freehold,-,-,Raja Chulan MRT Station | Bukit Nanas Monorail | Suria KLCC | Pavilion Kuala Lumpur | AKLEH Highway,https://haniproperties.com/images/unitpic/sohosuitesklccEXP/pic1.jpg,"Hi Hani, I'm interested in the subsale unit at SOHO Suites @ KLCC, KLCC. Price: RM500000. Ref: EXP",29/7/2026,https://t.me/extremeproperty_listing/19966,-,EXP,-,
rental,-,65,Kuala Lumpur,Semarak,Platinum Splendor Residensi Semarak,Muslim Preferred | Family/Couple Preferred | No Pets Owner,2400,-,-,-,1,3,2,926,Fully Furnished,Condominium,-,-,-,LRT Damai Station | Intermark Mall | Hospital Kuala Lumpur | DUKE Expressway,https://haniproperties.com/images/unitpic/platinumsplendorresidensisemarakEX/pic1.jpg,"Hi Hani, I'm interested in the unit rental at Platinum Splendor Residensi Semarak, Semarak. Price: RM2400. Ref: EX",2/8/2026,https://t.me/RumahSewaKLSlgrBelowRM2000/28894,-,EX,-,
rental,-,80,Petaling Jaya / Damansara,Damansara Perdana,Flora Damansara,-,1200,-,-,-,-,3,2,850,Partially Furnished,Apartment,-,-,-,MRT Bandar Utama | Empire City Shopping Mall | The Curve | IKEA Damansara | LDP Highway,https://haniproperties.com/images/unitpic/floradamansaraNS/pic1.jpg,"Hi Hani, I'm interested in the unit rental at Flora Damansara, Damansara Perdana. Price: RM1200. Ref: NS",6/8/2026,https://t.me/rumahsewajualbelikldanselangor/11969,Immediate,NS,-,
rental,-,75,Kuala Lumpur,Old Klang Road,Scott Garden,No Pets,1600,-,-,-,1,1,1,775,Fully Furnished,Service Residence,-,-,-,Jalan Klang Lama MRT Station | MidValley Megamall | Pusat Perubatan Universiti Malaya (PPUM) | Universiti Malaya (UM) | Federal Highway,https://haniproperties.com/images/unitpic/scottgardenFPR/pic1.jpg,"Hi Hani, I'm interested in the unit rental at Scott Garden, Old Klang Road. Price: RM1600. Ref: FPR",8/8/2026,https://t.me/fathurpropertyrental/28756,-,FPR,-,
rental,,65,Kuala Lumpur,Old Klang Road,Residency V,-,2400,-,-,-,2,3,2,909,Partially Furnished,Condominium,-,-,-,KTM Mid Valley | Mid Valley Megamall | The Gardens Mall | NSK Trade City | Federal Highway,https://haniproperties.com/images/unitpic/residencyvADL/pic1.jpg,"Hi Hani, I'm interested in the unit rental at Residency V, Old Klang Road. Price: RM2400. Ref: ADL",10/8/2026,https://t.me/adiblisting/9828,Immediate,ADL,-,
subsale,-,75,Kuala Lumpur,Bukit Setiawangsa,Taman Bukit Setiawangsa,-,7000000,-,-,29815,-,5,6,10000,-,Bungalow,Freehold,-,-,LRT Setiawangsa | AEON AU2 Mall | Gleneagles Hospital Kuala Lumpur | AKLEH Highway | DUKE Highway,https://haniproperties.com/images/unitpic/tamanbukitsetiawangsaEXP/pic1.jpg,"Hi Hani, I'm interested in the subsale unit at Taman Bukit Setiawangsa, Bukit Setiawangsa. Price: RM7000000. Ref: EXP",10/8/2026,https://t.me/extremeproperty_listing/20850,-,EXP,-,
subsale,-,70,Kuala Lumpur,"Seksyen 10, Wangsa Maju",Seasons Garden Residence,-,490000,-,-,2087,2,3,2,770,-,Service Residence,Leasehold,-,-,Sri Rampai LRT Station | Wangsa Walk Mall | Columbia Asia Hospital Setapak | Sri Utama International School | DUKE Highway,https://haniproperties.com/images/unitpic/seasonsgardenresidenceCE/pic1.jpg,"Hi Hani, I'm interested in the subsale unit at Seasons Garden Residence, Seksyen 10, Wangsa Maju. Price: RM490000. Ref: CE",10/8/2026,https://t.me/CECextra/600,-,CE,-,
rental,-,65,Kuala Lumpur,Kuchai Lama,Arte KL,-,1500,-,-,-,1,1,1,615,Fully Furnished,Condominium,-,-,-,MRT Kuchai | Pavilion KL | Times Square,https://haniproperties.com/images/unitpic/arteklNS/pic1.jpg,"Hi Hani, I'm interested in the unit rental at Arte KL, Kuchai Lama. Price: RM1500. Ref: NS",14/8/2026,https://t.me/rumahsewajualbelikldanselangor/12014,1/9/2026,NS,-,
rental,-,70,Petaling Jaya / Damansara,Ara Damansara,Sri Ara Apartment,-,1300,-,-,-,1,3,2,1000,Partially Furnished,Apartment,-,-,-,LRT Ara Damansara | Lotus's Ara Damansara | Paradigm Mall | Ara Damansara Medical Centre | LDP,https://haniproperties.com/images/unitpic/sriaraapartmentADL/pic1.jpg,"Hi Hani, I'm interested in the unit rental at Sri Ara Apartment, Ara Damansara. Price: RM1300. Ref: ADL",17/8/2026,https://t.me/adiblisting/10319,Oct-26,ADL,-,
rental,-,80,Ampang,Kampung Berembang,Arte Plus,-,1700,-,-,-,1,1,1,615,Fully Furnished,Condominium,-,-,-,LRT Ampang | Ampang Point Shopping Mall | Hospital Pakar Ampang Puteri | AKLEH Expressway,https://haniproperties.com/images/unitpic/arteplusEX2/pic1.jpg,"Hi Hani, I'm interested in the unit rental at Arte Plus, Kampung Berembang. Price: RM1700. Ref: EX",26/8/2026,https://t.me/RumahSewaKLSlgrBelowRM2000/29746,Immediate,EX,-,
rental,-,35,Ampang,Ampang Hilir,Novo Ampang,-,3800,Dual Key Unit | Also rentable per room from RM2000/month,-,-,-,2,2,686,Fully Furnished,Service Residence,-,-,-,Ampang Park LRT/MRT Station | Great Eastern Mall | Suria KLCC | Ampang Point Shopping Centre,https://haniproperties.com/images/unitpic/novoampang-/pic1.jpg,"Hi Hani, I'm interested in the unit rental at Novo Ampang, Ampang Hilir. Price: RM3800. Ref: -",31/8/2026,https://t.me/yanzrealty/299,Immediate,-,-,
rental,-,55,Ampang,Ampang,Ampang Prima,-,1500,"Level 12, Block B",-,-,2,3,2,1100,Partially Furnished,Condominium,-,-,-,LRT Ampang | KPJ Ampang Puteri Specialist Hospital | Hospital Ampang | International School of Kuala Lumpur Secondary | MRR2 Highway,https://haniproperties.com/images/unitpic/ampangprimaNS/pic1.jpg,"Hi Hani, I'm interested in the unit rental at Ampang Prima, Ampang. Price: RM1500. Ref: NS",1/9/2026,https://t.me/rumahsewajualbelikldanselangor/12439,-,NS,-,
rental,-,80,Shah Alam,Padang Jawa,Suria Jaya e-Sofo,-,1000,Medium Floor | Rent Adjustable If More Furnishing Added,-,-,-,0,1,430,Partially Furnished,Studio,-,-,-,KTM Padang Jawa | Central i-City Mall | Giant Hypermarket Padang Jawa | Hospital Shah Alam | UiTM Shah Alam,/images/unitpic/suriajayaesofoMMN4/pic1.jpg,"Hi Hani, I'm interested in the unit rental at Suria Jaya e-Sofo, Padang Jawa. Price: RM1000. Ref: MMN",27/9/2026,https://t.me/AniListings/4076,Immediate,MMN,-,Y
subsale,-,55,Kuala Lumpur,Segambut,Segambut Freehold Development Land,,25000000,25000000,,106483,,-,-,151128,-,Land,Freehold,-,-,Publika Shopping Gallery | Solaris Mont Kiara | MITEC | DUKE Highway | NKVE,https://haniproperties.com/images/unitpic/segambutfreeholddevelopmentlandEXP/pic1.jpg,"Hi Hani, I'm interested in the subsale unit at Segambut Freehold Development Land, Segambut. Price: RM25000000. Ref: EXP",6/7/2026,https://telegram.me/extremeproperty_listing/19481,-,EXP,,
subsale,-,55,Cheras,Taman Minang,Taman Minang,,615000,615000,,2620,,4,3,1620,-,Terrace,Freehold,-,-,MRT Taman Connaught | SUKE Alam Damai | AEON Mall | Grand Saga Expressway,https://haniproperties.com/images/unitpic/tamanminangEXP/pic1.jpg,"Hi Hani, I'm interested in the subsale unit at Taman Minang, Taman Minang. Price: RM615000. Ref: EXP",1/7/2026,https://telegram.me/extremeproperty_listing/19315,-,EXP,,
subsale,-,40,Cheras,Bandar Mahkota Cheras,2 Storey Terrace Bandar Mahkota Cheras,,620000,620000,,2827,,4,3,2340,,Terrace,Freehold,,,"AEON Mahkota Cheras (~2km) | SK Bandar Tun Hussein Onn (~1km) | SMK Bandar Baru Sg Long (~1.5km) | Masjid Bandar Mahkota Cheras (~0.8km) | MRT Bdr Tun Hussein Onn (~2.5km, short drive)",https://haniproperties.com/images/unitpic/2storeyterracebandarmahkotacherasEXP/pic1.jpg,"Hi Hani, I'm interested in the subsale unit at 2 Storey Terrace Bandar Mahkota Cheras, Bandar Mahkota Cheras. Price: RM620000. Ref: EXP",17/6/2026,https://telegram.me/extremeproperty_listing/18779,,EXP,,
subsale,-,60,Kuala Lumpur,Cheras,2 Storey Terrace Taman Bukit Permai,,570000,570000,,2599,,4,3,1200,,Terrace,Leasehold (Bumi Lot),,,MRT Taman Pertama (~2km short drive) | SRK Kampung Cheras Baru (~800m) | Pantai Hospital Cheras (~3km short drive) | AEON Cheras (~3km short drive),https://haniproperties.com/images/unitpic/2storeyterracetamanbukitpermaiEXP/pic1.jpg,"Hi Hani, I'm interested in the subsale unit at 2 Storey Terrace Taman Bukit Permai, Cheras. Price: RM570000. Ref: EXP",10/6/2026,https://telegram.me/extremeproperty_listing/18398,,EXP,,
subsale,-,50,Subang Jaya,Putra Heights,2 Storey Terrace Putra Heights,,720000,720000,,3283,,4,3,1400,,Terrace,Freehold,,,"LRT Putra Heights (~1.2km, Sri Petaling + Kelana Jaya) | SK Putra Heights 2 (~600m) | Giant Putra Heights (~1.5km) | Masjid Putra Heights (~1.4km)",https://haniproperties.com/images/unitpic/2storeyterraceputraheightsEXP/pic1.jpg,"Hi Hani, I'm interested in the subsale unit at 2 Storey Terrace Putra Heights, Putra Heights. Price: RM720000. Ref: EXP",10/6/2026,https://telegram.me/extremeproperty_listing/18455,,EXP,,
subsale,-,60,Kuala Lumpur,Pandan Indah,2 Storey Terrace Pandan Indah,,595000,595000,,2713,,4,3,1260,,Terrace,Leasehold,,,LRT Pandan Indah (~walking distance) | LRT Cempaka (~walking distance) | SK & SMK Pandan Indah (~1km) | Hospital Ampang (~1.5km),https://haniproperties.com/images/unitpic/2storeyterracepandanindahEXP/pic1.jpg,"Hi Hani, I'm interested in the subsale unit at 2 Storey Terrace Pandan Indah, Pandan Indah. Price: RM595000. Ref: EXP",10/6/2026,https://telegram.me/extremeproperty_listing/18430,,EXP,,
subsale,-,55,Kuala Lumpur,Sungai Gombak / Setapak,Residential Land Kg Padang Balang,,2100000,2100000,,9576,,-,-,24500,,Residential Land,Freehold,,,Setapak Central Mall | DUKE Highway Access | Sekolah & Masjid Kg Padang Balang,https://haniproperties.com/images/unitpic/residentiallandkgpadangbalangEXP/pic1.jpg,"Hi Hani, I'm interested in the subsale unit at Residential Land Kg Padang Balang, Sungai Gombak / Setapak. Price: RM2100000. Ref: EXP",8/6/2026,https://telegram.me/extremeproperty_listing/18205,,EXP,,
subsale,-,65,Kuala Lumpur,Taman Pandan Perdana,Pandan Heights Condominium,,495000,480000,,2257,,6,3,2148,,Duplex Condominium,Freehold,,,MRT Pandan Indah | LRT Cempaka | Hospital Ampang / AEON Big Ampang,https://haniproperties.com/images/unitpic/pandanheightscondominiumEXP/pic1.jpg,"Hi Hani, I'm interested in the subsale unit at Pandan Heights Condominium, Taman Pandan Perdana. Price: RM495000. Ref: EXP",8/6/2026,https://telegram.me/extremeproperty_listing/18154,,EXP,,
subsale,-,65,Petaling Jaya / Damansara,Kelana Jaya,The Grand @ Kelana Damansara Suite,,400000,400000,,1824,,2,1,556,,Service Residence,Freehold,,,LRT Kelana Jaya | Paradigm Mall | Giant Kelana Jaya,https://haniproperties.com/images/unitpic/thegrandkelanadamansarasuiteEXP/pic1.jpg,"Hi Hani, I'm interested in the subsale unit at The Grand @ Kelana Damansara Suite, Kelana Jaya. Price: RM400000. Ref: EXP",25/5/2026,https://telegram.me/extremeproperty_listing/17864,,EXP,,
subsale,-,55,Petaling Jaya / Damansara,Bandar Sunway,Lagoon Perdana Apartment,,230000,230000,,1049,,3,2,852,,Apartment,Leasehold,,,Sunway University | Sunway Medical Centre | Sunway Pyramid,https://haniproperties.com/images/unitpic/lagoonperdanaapartmentEXP/pic1.jpg,"Hi Hani, I'm interested in the subsale unit at Lagoon Perdana Apartment, Bandar Sunway. Price: RM230000. Ref: EXP",25/5/2026,https://telegram.me/extremeproperty_listing/17897,,EXP,,
subsale,-,60,Kuala Lumpur,Desa Melawati,The Ridge @ KL East,,798000,798000,,3639,,2,2,865,,Serviced Residence,Freehold,,,LRT Gombak | KL East Mall | KYS International School,https://haniproperties.com/images/unitpic/theridgekleastEXP/pic1.jpg,"Hi Hani, I'm interested in the subsale unit at The Ridge @ KL East, Desa Melawati. Price: RM798000. Ref: EXP",20/5/2026,https://telegram.me/extremeproperty_listing/17768,,EXP,,
subsale,-,65,Petaling Jaya / Damansara,Kampung Sungai Penchala,Bungalow Sungai Penchala,,7000000,7000000,,31921,,13,11,,,Bungalow,Freehold,,,KPJ Damansara Specialist Hospital (~5min) | SK Sungai Penchala | SR Agama Sungai Penchala | 1 Utama / The Curve (~8min drive) | TTDI MRT (~8min drive) | Masjid Sungai Penchala,https://haniproperties.com/images/unitpic/bungalowsungaipenchalaEXP/pic1.jpg,"Hi Hani, I'm interested in the subsale unit at Bungalow Sungai Penchala, Kampung Sungai Penchala. Price: RM7000000. Ref: EXP",18/5/2026,https://telegram.me/extremeproperty_listing/17682,,EXP,,
subsale,-,55,Cyberjaya / Putrajaya,"Garden Residence, Cyberjaya",2 Storey Terrace Cassia Garden Residence,,1185000,1185000,,5404,,5,4,2845,,Terrace,Freehold,,,MRT Cyberjaya City Centre (~5-10min drive) | Abedeen International School | Limkokwing University | Putrajaya Hospital | D'Pulze Shopping Centre | IOI City Mall (~15min),https://haniproperties.com/images/unitpic/2storeyterracecassiagardenresidenceEXP/pic1.jpg,"Hi Hani, I'm interested in the subsale unit at 2 Storey Terrace Cassia Garden Residence, Garden Residence, Cyberjaya. Price: RM1185000. Ref: EXP",18/5/2026,https://telegram.me/extremeproperty_listing/17652,,EXP,,
subsale,-,40,Ampang,Kemensah Heights,2 Storey Bungalow Kemensah Heights,,2900000,2900000,,13224,,7,4,4000,,Bungalow,Freehold,,,Zoo Negara (~1km) | SMK/SK Taman Melawati (~2km) | Melawati Mall (~3.1km) | Damai Service Hospital (~5min) | Masjid Al-Hidayah Kemensah (~1.5km) | Giant Superstore Ulu Kelang (~1.3km),https://haniproperties.com/images/unitpic/2storeybungalowkemensahheightsEXP/pic1.jpg,"Hi Hani, I'm interested in the subsale unit at 2 Storey Bungalow Kemensah Heights, Kemensah Heights. Price: RM2900000. Ref: EXP",18/5/2026,https://telegram.me/extremeproperty_listing/17615,,EXP,,
subsale,-,45,Kajang,Taman Bukit Mewah,1 Storey Terrace Taman Bukit Mewah,,520000,520000,,2599,,3,2,900,,Terrace,Freehold,,,MRT Kajang Station (~1km) | KTM Kajang Station (~1km) | SK/SMK Taman Jasmin | Hospital Kajang (~2km) | Plaza Metro Kajang (~2km),https://haniproperties.com/images/unitpic/1storeyterracetamanbukitmewahEXP/pic1.jpg,"Hi Hani, I'm interested in the subsale unit at 1 Storey Terrace Taman Bukit Mewah, Taman Bukit Mewah. Price: RM570000. Ref: EXP",15/5/2026,https://telegram.me/extremeproperty_listing/17487,,EXP,,
subsale,-,60,Kuala Lumpur,Bukit Tunku (Kenny Hills),3 Storey Semi-Detached Tijani 2,,5400000,5400000,,24625,,5,6,5500,,Semi D,Freehold,,,KTM Putra Station (~1km) | Sunway Putra Mall (~2km) | Arabian International School Kenny Hills,https://haniproperties.com/images/unitpic/3storeysemidetachedtijani2REG/pic1.jpg,"Hi Hani, I'm interested in the subsale unit at 3 Storey Semi-Detached Tijani 2, Bukit Tunku (Kenny Hills). Price: RM5400000. Ref: REG",25/4/2026,https://telegram.me/ListingPropertyByRegera/3974,,REG,,
subsale,-,70,Subang Jaya,USJ 16,Sri Tanjung Apartment USJ 16,,170000,170000,,775,,3,2,650,,Apartment,Freehold,,,LRT Wawasan (USJ 17) (primary transit driver) | Main Place Mall USJ (retail lifestyle anchor) | Subang Jaya Medical Centre (employment hub),https://haniproperties.com/images/unitpic/sritanjungapartmentusj16EXP/pic1.jpg,"Hi Hani, I'm interested in the subsale unit at Sri Tanjung Apartment USJ 16, USJ 16. Price: RM170000. Ref: EXP",10/4/2026,https://telegram.me/extremeproperty_listing/16541,,EXP,,
subsale,-,65,Kuala Lumpur,Desa Aman Puri,Aman Dua Apartment,,300000,300000,,1368,,3,2,837,,Apartment,Freehold,,,MRT Sri Damansara Timur (primary transit driver) | AEON Metro Prima Kepong (major retail anchor) | Desa Aman Puri Shoplots (daily retail + food),https://haniproperties.com/images/unitpic/amanduaapartmentEXP/pic1.jpg,"Hi Hani, I'm interested in the subsale unit at Aman Dua Apartment, Desa Aman Puri. Price: RM300000. Ref: EXP",10/4/2026,https://telegram.me/extremeproperty_listing/16318,,EXP,,
subsale,-,50,Bukit Jalil,Bukit Jalil,Mutiara Bukit Jalil,,1480000,1480000,,6749,,7,4,2895,,Terrace,Freehold,,,Alam Sutera LRT Station | Bukit Jalil LRT Station | Technology Park Malaysia | SMK Bandar Kinrara,https://haniproperties.com/images/unitpic/mutiarabukitjalilEXP/pic1.jpg,"Hi Hani, I'm interested in the subsale unit at Mutiara Bukit Jalil, Bukit Jalil. Price: RM1480000. Ref: EXP",18/3/2026,https://telegram.me/extremeproperty_listing/15700,,EXP,,
subsale,-,55,Kuala Lumpur,"Sentul, Kg Chubadak Jaya",Residential Land Kg Chubadak Jaya,,12500000,12500000,,57002,,,,188000,,Residential Land,Freehold (Malay Reservation),,,"DUKE Highway (Sentul exit, direct adjacency) | KTM Sentul (~1.5km) | LRT Jalan Ipoh (~1.6km, Line 3) | Masjid Al-Hidayah Sentul (walkable) | Sky Awani 4/5 (adjacent PPR, density signal)",https://haniproperties.com/images/unitpic/residentiallandkgchubadakjayaEXP/pic1.jpg,"Hi Hani, I'm interested in the subsale unit at Residential Land Kg Chubadak Jaya, Sentul, Kg Chubadak Jaya. Price: RM12500000. Ref: EXP",8/5/2025,https://telegram.me/extremeproperty_listing/17397,,EXP,,
subsale,-,55,Klang,Bandar Botanic,Pangsapuri Palma,,210000,210000,,958,,3,2,650,,Apartment,Freehold,,,SK Bukit Tinggi (~8 min) | AEON Bukit Tinggi Shopping Mall (~8 min) | Hospital Tengku Ampuan Rahimah (~11 min) | LRT Botanical Garden (~9 min),https://haniproperties.com/images/unitpic/pangsapuripalmaRSS/pic1.jpg,"Hi Hani, I'm interested in the subsale unit at Pangsapuri Palma, Bandar Botanic. Price: RM210000. Ref: RSS",23/4/2025,https://telegram.me/rumahsubsaleklselangorbynuruls/1192,,RSS,,
subsale,-,65,Subang Jaya,SS19,SS19/A1 End Lot Terrace,,1200000,1200000,,5472,,6,4,3500,,Terrace,Freehold,,,Subang Parade | Empire Shopping Gallery | Subang Jaya LRT & KTM Station | SJMC (Subang Jaya Medical Centre),https://haniproperties.com/images/unitpic/ss19a1endlotterraceEXP/pic1.jpg,"Hi Hani, I'm interested in the subsale unit at SS19/A1 End Lot Terrace, SS19. Price: RM1200000. Ref: EXP",,https://telegram.me/extremeproperty_listing/15654,,EXP,,
subsale,-,65,Cheras,Cheras Selatan,Langat Jaya Condominium,,285000,285000,,1300,,3,2,936,,Condominium,Freehold,,,"Near MRT Sri Raya/Suntex, AEON Cheras Selatan, Columbia Asia",https://haniproperties.com/images/unitpic/langatjayacondominiumRSS/pic1.jpg,"Hi Hani, I'm interested in the subsale unit at Langat Jaya Condominium, Cheras Selatan. Price: RM285000. Ref: RSS",,https://telegram.me/rumahsubsaleklselangorbynuruls/493,,RSS,,
subsale,-,65,Petaling Jaya / Damansara,Mutiara Damansara,Desa Mutiara Apartment,,275000,275000,,1254,,3,2,670,,Apartment,Freehold,,,Walk to MRT Mutiara Damansara & IKEA,https://haniproperties.com/images/unitpic/desamutiaraapartmentRSS/pic1.jpg,"Hi Hani, I'm interested in the subsale unit at Desa Mutiara Apartment, Mutiara Damansara. Price: RM275000. Ref: RSS",,https://telegram.me/rumahsubsaleklselangorbynuruls/893,,RSS,,
subsale,-,60,Kuala Lumpur,Dutamas,Changkat View Condominium,,450000,450000,,2052,,2,2,1038,,Condominium,Freehold,,,"Near Publika, Mont Kiara, MRT3 Dutamas and major highways",https://haniproperties.com/images/unitpic/changkatviewcondominiumEXP/pic1.jpg,"Hi Hani, I'm interested in the subsale unit at Changkat View Condominium, Dutamas. Price: RM450000. Ref: EXP",,https://telegram.me/extremeproperty_listing/12904,,EXP,,
subsale,-,50,Petaling Jaya / Damansara,Damansara Damai,Apartment Idaman,,230000,230000,,1049,,3,1,650,,Apartment,Freehold,,,Established Damansara Damai residential pocket,https://haniproperties.com/images/unitpic/apartmentidamanRSS/pic1.jpg,"Hi Hani, I'm interested in the subsale unit at Apartment Idaman, Damansara Damai. Price: RM230000. Ref: RSS",,https://telegram.me/rumahsubsaleklselangorbynuruls/910,,RSS,,
subsale,-,50,Puchong,-,Taman Putra Perdana,Bumiputera Only,730000,-,-,3109,1,4,4,3000,-,Terrace,Freehold,-,-,DPulze Shopping Centre | Putrajaya Hospital | Multimedia University | ELITE Highway | LDP,https://haniproperties.com/images/unitpic/tamanputraperdanaEXP/pic1.jpg,"Hi Hani, I'm interested in the subsale unit at Taman Putra Perdana, -. Price: RM730000. Ref: EXP",27/7/2026,https://t.me/extremeproperty_listing/19874,-,EXP,-,
subsale,-,60,Petaling Jaya / Damansara,SS3,SS3,-,3200000,-,-,13630,-,5,4,2500,-,Bungalow,Freehold,-,-,Paradigm Mall | Citta Mall | Kelana Jaya Medical Centre | SMK Sri Permata | Federal Highway,https://haniproperties.com/images/unitpic/ss3EXP/pic1.jpg,"Hi Hani, I'm interested in the subsale unit at SS3, SS3. Price: RM3200000. Ref: EXP",30/7/2026,https://t.me/extremeproperty_listing/20101,-,EXP,-,
rental,,60,Kuala Lumpur,OUG,Platinum OUG Residence,Good Profile Only,2500,-,-,-,2,3,3,1250,Partially Furnished,Condominium,-,-,-,LRT Muhibbah Station | Pavilion Bukit Jalil | Pearl Point Shopping Mall | OUG Plaza | MEX Highway,https://haniproperties.com/images/unitpic/platinumougresidenceADL/pic1.jpg,"Hi Hani, I'm interested in the unit rental at Platinum OUG Residence, OUG. Price: RM2500. Ref: ADL",2/8/2026,https://t.me/adiblisting/9423,Immediate,ADL,-,
subsale,-,50,Kajang,Kajang 2,Kristal Villa Condominium,-,280000,-,-,1193,1,3,2,1080,-,Condominium,Freehold,-,-,MRT Kajang | KTM Kajang | Lotus's Kajang | Metro Point Kajang | Hospital Kajang,https://haniproperties.com/images/unitpic/kristalvillacondominiumEXP/pic1.jpg,"Hi Hani, I'm interested in the subsale unit at Kristal Villa Condominium, Kajang 2. Price: RM280000. Ref: EXP",7/8/2026,https://t.me/extremeproperty_listing/20652,-,EXP,-,
rental,-,65,Kuala Lumpur,Sentul,Vista Harmoni Residence,-,2500,-,-,-,2,3,3,1200,Fully Furnished,Condominium,-,-,-,MRT Sentul Barat | Sunway Putra Mall | Hospital Kuala Lumpur | DUKE Highway,https://haniproperties.com/images/unitpic/vistaharmoniresidenceEX/pic1.jpg,"Hi Hani, I'm interested in the unit rental at Vista Harmoni Residence, Sentul. Price: RM2500. Ref: EX",8/8/2026,https://t.me/RumahSewaKLSlgrBelowRM2000/29135,-,EX,-,
subsale,-,60,Cheras,Tun Perak,Pangsapuri Wira,-,250000,-,-,1065,-,3,2,820,-,Apartment,Freehold,-,-,MRT Bandar Tun Hussein Onn | Aeon Cheras Selatan | The Mines | Eco Cheras | MRR2,https://haniproperties.com/images/unitpic/pangsapuriwiraCE/pic1.jpg,"Hi Hani, I'm interested in the subsale unit at Pangsapuri Wira, Tun Perak. Price: RM250000. Ref: CE",10/8/2026,https://t.me/CECextra/93,-,CE,-,
rental,-,70,Kuala Lumpur,Wangsa Maju,Sfera Residence,-,2900,-,-,-,1,2,2,755,Fully Furnished,Service Residence,-,-,-,LRT Sri Rampai | Wangsa Walk Mall | AEON Big Wangsa Maju | Columbia Asia Hospital Setapak | DUKE Highway,https://haniproperties.com/images/unitpic/sferaresidenceEX/pic1.jpg,"Hi Hani, I'm interested in the unit rental at Sfera Residence, Wangsa Maju. Price: RM2900. Ref: EX",11/8/2026,https://t.me/RumahSewaKLSlgrBelowRM2000/29234,Immediate,EX,-,
rental,-,65,Kuala Lumpur,Sungai Besi,Razak City Residence,-,2900,-,-,-,1,3,3,1062,Fully Furnished,Service Residence,-,-,-,Salak Selatan LRT Station | Sungai Besi MRT Station | The Mines Shopping Mall | NSK Trade City | BESRAYA Highway,https://haniproperties.com/images/unitpic/razakcityresidenceADL2/pic1.jpg,"Hi Hani, I'm interested in the unit rental at Razak City Residence, Sungai Besi. Price: RM2900. Ref: ADL",11/8/2026,https://t.me/adiblisting/9930,Immediate,ADL,-,
subsale,-,60,Kuala Lumpur,Taman Melawati,Pesona Villa,-,300000,-,-,1278,1,3,2,860,-,Apartment,Freehold,-,-,Giant Hypermarket Taman Melawati | HeroMarket Taman Melawati | Hospital Damai | Klinik Anda Taman Melawati | MRR2 Highway,https://haniproperties.com/images/unitpic/pesonavillaEXP/pic1.jpg,"Hi Hani, I'm interested in the subsale unit at Pesona Villa, Taman Melawati. Price: RM300000. Ref: EXP",13/8/2026,https://t.me/extremeproperty_listing/20999,-,EXP,-,
rental,-,60,Kuala Lumpur,Dutamas,Residensi Dutamas Dahlia,Malaysian Only,2500,-,-,-,1,3,2,900,Fully Furnished,Condominium,-,-,-,LRT Semantan | Publika Shopping Gallery | 1 Mont Kiara | Solaris Mont Kiara | DUKE Highway,https://haniproperties.com/images/unitpic/residensidutamasdahliaADL2/pic1.jpg,"Hi Hani, I'm interested in the unit rental at Residensi Dutamas Dahlia, Dutamas. Price: RM2500. Ref: ADL",16/8/2026,https://t.me/adiblisting/10250,Dec-26,ADL,-,
rental,-,70,Ampang,Taman TAR,Menara Impian,-,1500,Level 6,-,-,-,1,1,800,Fully Furnished,Condominium,-,-,-,Ampang LRT Station | Ampang Point Shopping Centre | KPJ Ampang Puteri Specialist Hospital | MRR2 | AKLEH Highway,https://haniproperties.com/images/unitpic/menaraimpianADL/pic1.jpg,"Hi Hani, I'm interested in the unit rental at Menara Impian, Taman TAR. Price: RM1500. Ref: ADL",18/8/2026,https://t.me/adiblisting/10422,Immediate,ADL,-,
rental,-,55,Ampang,Taman Cempaka,Axis Crown,-,1800,Corner End Unit | Level 14 | Balcony with Urban & Hill View,-,-,1,3,2,1110,Unfurnished,Service Residence,-,-,-,Pandan Indah LRT Station | Ampang Point Shopping Centre | Pasaraya Matahari | Jalan Ampang | MRR2,https://haniproperties.com/images/unitpic/axiscrownEX/pic1.jpg,"Hi Hani, I'm interested in the unit rental at Axis Crown, Taman Cempaka. Price: RM1800. Ref: EX",18/8/2026,https://t.me/RumahSewaKLSlgrBelowRM2000/29545,-,EX,-,
subsale,-,60,Puchong,Bandar Kinrara BK5,2 Storey Terrace Bandar Kinrara BK5,Non-Bumi Lot,800000,Currently Tenanted (Ready to Move-Out) | Individual Title | Land Area 22x75 | Facing East | Partially Furnished | Price Negotiable,-,3407,1,3+1,3,3000,-,Terrace,Freehold,-,-,LRT Kinrara BK5 Station | IOI Mall Puchong | KPJ Specialist & Healthcare Centre Kinrara | Bukit Jalil Highway | LDP Expressway,https://haniproperties.com/images/unitpic/2storeyterracebandarkinrarabk5EXP/pic1.jpg,"Hi Hani, I'm interested in the subsale unit at 2 Storey Terrace Bandar Kinrara BK5, Bandar Kinrara BK5. Price: RM800000. Ref: EXP",19/8/2026,https://t.me/extremeproperty_listing/21120,-,EXP,-,
rental,-,65,Kuala Lumpur,"Jalan Ipoh Kecil, Chow Kit","Chambers Residence (CHM-31-10-S1, KLCC View)",-,1754,-,-,-,1,0,-,450,Fully Furnished,Studio,-,-,-,LRT PWTC | Monorail Chow Kit | Sunway Putra Mall | Quill City Mall,https://haniproperties.com/images/unitpic/chambersresidencechm3110s1klccviewDPM/pic1.jpg,"Hi Hani, I'm interested in the unit rental at Chambers Residence (CHM-31-10-S1, KLCC View), Jalan Ipoh Kecil, Chow Kit. Price: RM1754. Ref: DPM",20/8/2026,https://t.me/DeePropmall/3205,-,DPM,-,
subsale,-,65,Ampang,Pandan Indah,Taman Lembah Maju 600 Apartment,Non-Bumi Lot,260000,Master Title | Level 5 | Lift Available | Vacant Unit | Maintenance Fee RM106/month,-,1107,-,3,2,892,-,Apartment,Leasehold,-,-,LRT Pandan Indah | LRT Cempaka | AEON Big Ampang | Hospital Ampang | AKLEH Highway,https://haniproperties.com/images/unitpic/tamanlembahmaju600apartmentEXP/pic1.jpg,"Hi Hani, I'm interested in the subsale unit at Taman Lembah Maju 600 Apartment, Pandan Indah. Price: RM260000. Ref: EXP",20/8/2026,https://t.me/extremeproperty_listing/21198,-,EXP,-,
subsale,-,70,Cheras,Cheras Selatan,Langat Jaya Condominium,-,280000,"Non-Bumi Lot | Strata Title | Block A, Level 13 | Maintenance RM222/month",-,1193,-,3,2,938,-,Condominium,Freehold,-,-,MRT Sri Raya | Suntex Shopping Mall | AEON Cheras Selatan | Columbia Asia Hospital Cheras | Grand Saga Highway,https://haniproperties.com/images/unitpic/langatjayacondominiumEXP/pic1.jpg,"Hi Hani, I'm interested in the subsale unit at Langat Jaya Condominium, Cheras Selatan. Price: RM280000. Ref: EXP",22/8/2026,https://t.me/extremeproperty_listing/21217,-,EXP,-,
rental,-,50,Setapak,Danau Kota,Zetapark,Malaysian Only,2000,-,-,-,1,2,1,650,Partially Furnished,Service Residence,-,-,-,MRT Danau Kota | Setapak Central Mall | LRT Wangsa Maju | MRT Jalan Langkawi | DUKE Highway,https://haniproperties.com/images/unitpic/zetaparkADL/pic1.jpg,"Hi Hani, I'm interested in the unit rental at Zetapark, Danau Kota. Price: RM2000. Ref: ADL",23/8/2026,https://t.me/adiblisting/10632,Immediate,ADL,-,
subsale,-,55,Cheras,Bandar Tun Razak,Residensi Razakmas,Bumiputera Only,350000,Tenanted until Dec 2026 | Low Floor (Level 11),-,1491,1,3,2,800,-,Apartment,Leasehold,-,-,LRT Bandar Tasik Selatan | MRT Taman Midah | MyTOWN Shopping Centre | Hospital Canselor Tuanku Muhriz (HUKM) | IKEA Cheras,https://haniproperties.com/images/unitpic/residensirazakmasEXP/pic1.jpg,"Hi Hani, I'm interested in the subsale unit at Residensi Razakmas, Bandar Tun Razak. Price: RM350000. Ref: EXP",24/8/2026,https://t.me/extremeproperty_listing/21273,-,EXP,-,
rental,-,80,Shah Alam,Seksyen 7,Kristal View,-,1750,Block A Level 10 | Covered Parking | Aircond Points Provided | Deposit 2+1+0.5,-,-,2,4,2,1100,Unfurnished,Condominium,-,-,-,Seksyen 7 Shah Alam LRT Station | Central i-City Mall | Hospital Shah Alam | UiTM Shah Alam | Federal Highway,/images/unitpic/kristalviewMMN2/pic1.jpg,"Hi Hani, I'm interested in the unit rental at Kristal View, Seksyen 7. Price: RM1750. Ref: MMN",3/10/2026,https://t.me/AniListings/4125,Immediate,MMN,-,Y
rental,-,70,Cyberjaya / Putrajaya,Cyber 10,Aspire Residence,-,1800,Medium Floor | Cooking Allowed,-,-,1,3,2,900,Fully Furnished,Apartment,-,-,-,MRT Cyberjaya | D'Pulze Shopping Centre | IOI City Mall | Multimedia University | MEX Highway,https://haniproperties.com/images/unitpic/aspireresidenceNS/pic1.jpg,"Hi Hani, I'm interested in the unit rental at Aspire Residence, Cyber 10. Price: RM1800. Ref: NS",1/9/2026,https://t.me/rumahsewajualbelikldanselangor/12419,Sep-26,NS,-,
subsale,-,60,Cheras,Bandar Tun Razak,Sri Kota,-,300000,300000,,1278,,2,1,530,-,Flat,Freehold,-,-,LRT Bandar Tun Razak | Pusat Komersial Bandar Tun Razak | Hospital Universiti Kebangsaan Malaysia (HUKM) | Salak Expressway,https://haniproperties.com/images/unitpic/srikotaEXP/pic1.jpg,"Hi Hani, I'm interested in the subsale unit at Sri Kota, Bandar Tun Razak. Price: RM300000. Ref: EXP",19/7/2026,https://t.me/extremeproperty_listing/19758,-,EXP,-,
rental,-,60,Kuala Lumpur,Bandar Tasik Selatan,Residensi Sateria,Family/Couple Preferred,1300,,,-,,4,2,1000,Unfurnished,Apartment,-,,-,,https://haniproperties.com/images/unitpic/residensisateriaNS/pic1.jpg,,,https://t.me/rumahsewajualbelikldanselangor/11746,Immediate,NS,-,
rental,-,50,Kuala Lumpur,Solaris Dutamas,Changkat View Condominium,-,1300,,,-,,1,1,600,Fully Furnished,Apartment,-,,-,https://haniproperties.com/images/unitpic/changkatviewcondominiumADL/pic1.jpg,,17/7/2026,,https://t.me/adiblisting/8508,Sep-26,ADL,-,
subsale,-,60,Kuala Lumpur,Mont Kiara,Aston Kiara 3,-,595000,595000,,2534,,4,3,1598,-,Condominium,Freehold,-,-,Segambut KTM Komuter | 1 Mont Kiara | Solaris Mont Kiara | Global Doctors Specialist Centre | DUKE Expressway,https://haniproperties.com/images/unitpic/astonkiara3EXP/pic1.jpg,"Hi Hani, I'm interested in the subsale unit at Aston Kiara 3, Mont Kiara. Price: RM595000. Ref: EXP",14/7/2026,https://telegram.me/extremeproperty_listing/19714,-,EXP,-,
rental,-,75,Shah Alam,Seksyen 13,Residensi Dian II,-,2100,Price Negotiable | Brand New (Completed 2025),-,-,2,3,2,834,Partially Furnished,Service Residence,-,-,-,Stadium Shah Alam LRT Station | AEON Mall Shah Alam | Management & Science University (MSU) | Federal Highway,https://haniproperties.com/images/unitpic/residensidianiiMMN/pic1.jpg,"Hi Hani, I'm interested in the unit rental at Residensi Dian II, Seksyen 13. Price: RM2100. Ref: MMN",28/8/2026,https://t.me/AniListings/3702,Immediate,MMN,-,Y
rental,-,60,Shah Alam,Seksyen 14,Vista Alam Serviced Apartment,Malaysian Only,1600,-,-,-,1,2,2,759,Partially Furnished,Service Residence,-,-,-,KTM Shah Alam | Plaza Alam Sentral | SACC Mall | Anggerik Mall | UiTM Shah Alam,https://haniproperties.com/images/unitpic/vistaalamservicedapartmentADL/pic1.jpg,"Hi Hani, I'm interested in the unit rental at Vista Alam Serviced Apartment, Seksyen 14. Price: RM1600. Ref: ADL",16/8/2026,https://t.me/adiblisting/10225,Nov-26,ADL,-,
subsale,-,55,Petaling Jaya / Damansara,Taman Indah Jaya,Taman Indah Jaya,Bumi Lot,695000,695000,,2960,,6,6,3800,-,Terrace,Leasehold,-,-,Kg Dato Harun KTM Station | Jaya Shopping Centre | Taman Medan Schools | Federal Highway | LDP Expressway,https://haniproperties.com/images/unitpic/tamanindahjayaEXP/pic1.jpg,"Hi Hani, I'm interested in the subsale unit at Taman Indah Jaya, Taman Indah Jaya. Price: RM695000. Ref: EXP",10/7/2026,https://telegram.me/extremeproperty_listing/17164,-,EXP,-,
subsale,-,55,Setapak,Taman Setapak,Taman Setapak,-,1200000,"Price Reduced from RM1,300,000 | Corner Lot | Single Storey | Land Area: 2821 sqft | Individual Title | Non-Bumi Lot | No Outstanding Bank Loan",-,5111,-,3,3,1000,-,Terrace,Freehold,-,-,LRT Wangsa Maju | Setapak Central Mall | Columbia Asia Hospital Setapak | TAR UMT | DUKE Highway,/images/unitpic/tamansetapakEXP/pic1.jpg,"Hi Hani, I'm interested in the subsale unit at Taman Setapak, Taman Setapak. Price: RM1200000. Ref: EXP",3/7/2026,https://telegram.me/extremeproperty_listing/19385,-,EXP,-,-
subsale,-,65,Kuala Lumpur,Bukit Bintang,Dorsett Residences,,860000,860000,,3663,,1,2,652,-,Service Residence,Freehold,-,-,MRT Station | Pavilion Kuala Lumpur | Berjaya Times Square | Prince Court Medical Centre,https://haniproperties.com/images/unitpic/dorsettresidencesEXP/pic1.jpg,"Hi Hani, I'm interested in the subsale unit at Dorsett Residences, Bukit Bintang. Price: RM860000. Ref: EXP",2/7/2026,https://telegram.me/extremeproperty_listing/19367,-,EXP,,
rental,-,50,Cheras,Batu 9 Cheras,Taman Cheras Intan Apartment,Malay Preferred | Family Preferred,1300,-,-,-,1,3,2,850,Partially Furnished,Apartment,-,-,-,Taman Suntex MRT Station | NSK Trade City Batu 9 | Klinik Kesihatan Cheras Baru | SK Bukit Raya | SUKE Highway,https://haniproperties.com/images/unitpic/tamancherasintanapartmentFPR/pic1.jpg,"Hi Hani, I'm interested in the unit rental at Taman Cheras Intan Apartment, Batu 9 Cheras. Price: RM1300. Ref: FPR",8/8/2026,https://t.me/fathurpropertyrental/28732,-,FPR,-,
subsale,-,50,Ampang,Taman Mulia Jaya,Antara Apartment,,210000,210000,,947,,3,2,921,-,Apartment,Leasehold,-,-,LRT Station | AKLEH Highway | 99 Speedmart | SK Tasik Permai,https://haniproperties.com/images/unitpic/antaraapartmentEXP/pic1.jpg,"Hi Hani, I'm interested in the subsale unit at Antara Apartment, Taman Mulia Jaya. Price: RM210000. Ref: EXP",30/6/2026,https://telegram.me/extremeproperty_listing/19281,-,EXP,,
rental,-,50,Cheras,Taman Ikhsan,Seri Mas Condominium Jade Tower,Malay Preferred,1700,-,-,-,1,3,2,1307,Unfurnished,Condominium,-,-,-,LRT Cheras | Cheras-Kajang Expressway | MRR2 | Sungai Besi Expressway,https://haniproperties.com/images/unitpic/serimascondominiumjadetowerEX/pic1.jpg,"Hi Hani, I'm interested in the unit rental at Seri Mas Condominium Jade Tower, Taman Ikhsan. Price: RM1700. Ref: EX",8/8/2026,https://t.me/RumahSewaKLSlgrBelowRM2000/29167,Immediate,EX,-,
subsale,-,70,Puchong,Bandar Puchong Jaya,Jasmin Court,,250000,250000,,1140,,3,2,926,,Apartment,Freehold,,,LRT Bandar Puteri (~800m) | LRT Puchong Perdana (~1km) | KPJ Puchong Specialist (~500m) | SMK Puchong Perdana (~600m) | IOI Mall Puchong (~1.5km),https://haniproperties.com/images/unitpic/jasmincourtEXP/pic1.jpg,"Hi Hani, I'm interested in the subsale unit at Jasmin Court, Bandar Puchong Jaya. Price: RM250000. Ref: EXP",21/6/2026,https://telegram.me/extremeproperty_listing/14277,,EXP,,
rental,-,60,Cyberjaya / Putrajaya,CBD Perdana 3,Centrus Soho,-,1700,Duplex Unit | High Floor,-,-,2,1+1,2,797,Fully Furnished,Service Residence,-,-,-,Putrajaya Sentral | D'Pulze Shopping Centre | Hospital Cyberjaya | Multimedia University (MMU) | MEX Highway,https://haniproperties.com/images/unitpic/centrussohoFPR/pic1.jpg,"Hi Hani, I'm interested in the unit rental at Centrus Soho, CBD Perdana 3. Price: RM1700. Ref: FPR",18/8/2026,https://t.me/fathurpropertyrental/29046,Oct-26,FPR,-,
subsale,-,55,Cheras,Taman Pudu Ulu,Vila Tropika Apartment Pudu Impian 2,,318000,318000,,1450,,3,2,936,,Condominium,Leasehold,,,"MRT/LRT Maluri (~1.2km, short drive) | AEON Taman Maluri (~1km) | SMK Seri Bintang Selatan (~0.8km) | WOU Wawasan Open University (~0.8km) | Pantai Hospital Cheras (~1.5km)",https://haniproperties.com/images/unitpic/vilatropikaapartmentpuduimpian2EXP/pic1.jpg,"Hi Hani, I'm interested in the subsale unit at Vila Tropika Apartment Pudu Impian 2, Taman Pudu Ulu. Price: RM318000. Ref: EXP",17/6/2026,https://telegram.me/extremeproperty_listing/18727,,EXP,,
subsale,-,45,Cyberjaya / Putrajaya,Cyberjaya,Mutiara Ville Residence,,520000,520000,,2371,,3,2,1208,,Condominium,Freehold,,,"Hospital Cyberjaya (~500m) | MMU Cyberjaya (~500m) | GEM-IN Mall (dalam kompaun) | SK Cyberjaya 1 (~800m) | MRT Cyberjaya Utara (~4.8km, short drive)",https://haniproperties.com/images/unitpic/mutiaravilleresidenceEXP/pic1.jpg,"Hi Hani, I'm interested in the subsale unit at Mutiara Ville Residence, Cyberjaya. Price: RM520000. Ref: EXP",15/6/2026,https://telegram.me/extremeproperty_listing/18698,,EXP,,
subsale,-,40,Kajang,Sungai Chua,Sri Ros Apartment,,250000,250000,,1140,,3,2,773,,Apartment,Freehold,,,"SK Jalan Bukit / SMK Jalan Bukit (~1km) | Giant Supermarket Kajang (~1km) | Hospital Kajang / KPJ Kajang (~3km) | UKM (~3km, short drive) | MRT Kajang / KTM Kajang (~2–3km, short drive)",https://haniproperties.com/images/unitpic/srirosapartmentEXP/pic1.jpg,"Hi Hani, I'm interested in the subsale unit at Sri Ros Apartment, Sungai Chua. Price: RM250000. Ref: EXP",14/6/2026,https://telegram.me/extremeproperty_listing/16805,,EXP,,
subsale,-,50,Kuala Lumpur,Taman Tan Yew Lai,Fern Lodge,,850000,850000,,3876,,4,3,2228,,Condominium,Freehold,,,"SK Seri Mega / SK Petaling (~1–2km) | SMK Petaling / SMK Taman Yarl (~1–2km) | Masjid in-township | KTM Petaling (~2km, short drive) | Klinik Mediviron OUG (~1km)",https://haniproperties.com/images/unitpic/fernlodgeEXP/pic1.jpg,"Hi Hani, I'm interested in the subsale unit at Fern Lodge, Taman Tan Yew Lai. Price: RM850000. Ref: EXP",14/6/2026,https://telegram.me/extremeproperty_listing/18497,,EXP,,
subsale,-,35,Selayang,Taman Sri Gombak,2 Storey Terrace Taman Sri Gombak,,520000,520000,,2371,,3,2,770,,Terrace,Freehold,,,"SK Taman Sri Gombak (~400m, walkable) | SMK Hillcrest (~1km) | Pasar Sri Gombak (walkable) | LRT Gombak (~5 min drive) | KTM Batu Caves (~5 min drive)",https://haniproperties.com/images/unitpic/2storeyterracetamansrigombakEXP/pic1.jpg,"Hi Hani, I'm interested in the subsale unit at 2 Storey Terrace Taman Sri Gombak, Taman Sri Gombak. Price: RM520000. Ref: EXP",14/6/2026,https://telegram.me/extremeproperty_listing/16797,,EXP,,
subsale,-,65,Kuala Lumpur,Dutamas (Taman Segambut SPPK),Prima Duta,,650000,650000,,2964,,3,3,1614,,Condominium,Freehold,,,KTM Segambut (~1.6km) | SK Segambut Makmur (~1km) | Parkcity Medical Centre (~2km) | Publika Solaris Dutamas (~1.2km),https://haniproperties.com/images/unitpic/primadutaEXP/pic1.jpg,"Hi Hani, I'm interested in the subsale unit at Prima Duta, Dutamas (Taman Segambut SPPK). Price: RM650000. Ref: EXP",10/6/2026,https://telegram.me/extremeproperty_listing/18307,,EXP,,
subsale,-,70,Kuala Lumpur,Kampung Kerinchi (Bangsar South),Pantai Panorama,,680000,680000,,3101,,3,2,1248,,Condominium,Freehold,,,LRT Kerinchi (~600m) | KL Gateway Mall (~650m) | Hospital Pantai (~1km) | Nexus Bangsar South (~800m) | SMK Seri Pantai (~1km),https://haniproperties.com/images/unitpic/pantaipanoramaEXP/pic1.jpg,"Hi Hani, I'm interested in the subsale unit at Pantai Panorama, Kampung Kerinchi (Bangsar South). Price: RM680000. Ref: EXP",10/6/2026,https://telegram.me/extremeproperty_listing/18289,,EXP,,
subsale,-,50,Kuala Lumpur,Taman Setiawangsa,Pangsapuri Andika,,240000,240000,,1094,,3,2,657,,Flat,Leasehold (Bumi Lot),,,LRT Setiawangsa | SK Taman Setiawangsa | Medan Selera Taman Setiawangsa | Klinik Mediviron Setiawangsa | Masjid Taman Setiawangsa,https://haniproperties.com/images/unitpic/pangsapuriandikaEXP/pic1.jpg,"Hi Hani, I'm interested in the subsale unit at Pangsapuri Andika, Taman Setiawangsa. Price: RM240000. Ref: EXP",10/6/2026,https://telegram.me/extremeproperty_listing/18280,,EXP,,
subsale,-,65,Kuala Lumpur,Wangsa Maju,Flat Wangsa Maju Seksyen 1,,230000,230000,,1049,,2,1,550,,Flat,Leasehold (Bumi Lot),,,LRT Wangsa Maju (~200m walk) | SK Wangsa Maju Seksyen 1 (~500m) | AEON Wangsa Maju (~1km) | Masjid Usamah Bin Zaid (~500m),https://haniproperties.com/images/unitpic/flatwangsamajuseksyen1EXP/pic1.jpg,"Hi Hani, I'm interested in the subsale unit at Flat Wangsa Maju Seksyen 1, Wangsa Maju. Price: RM230000. Ref: EXP",10/6/2026,https://telegram.me/extremeproperty_listing/18392,,EXP,,
subsale,-,55,Kuala Lumpur,Kepong,1.5 Storey Terrace Taman Desa Jaya,,650000,650000,,2964,,3,2,1430,,Terrace,Leasehold,,,MRT Sri Damansara Timur (~500m walk) | KTM Kepong (~350m walk) | SK Taman Desa Jaya (~1km) | Pasar Moden Taman Ehsan (~1km),https://haniproperties.com/images/unitpic/15storeyterracetamandesajayaEXP/pic1.jpg,"Hi Hani, I'm interested in the subsale unit at 1.5 Storey Terrace Taman Desa Jaya, Kepong. Price: RM650000. Ref: EXP",10/6/2026,https://telegram.me/extremeproperty_listing/18471,,EXP,,
subsale,-,45,Kuala Lumpur,Taman Mastiara,Kiara East DEX Suites,,650000,650000,,2964,,3,2,1010,,Service Residence,Leasehold,,,MRT Kampung Batu | KTM Taman Wahyu | Kiara East Commercial Hub,https://haniproperties.com/images/unitpic/kiaraeastdexsuitesEXP/pic1.jpg,"Hi Hani, I'm interested in the subsale unit at Kiara East DEX Suites, Taman Mastiara. Price: RM650000. Ref: EXP",25/5/2026,https://telegram.me/extremeproperty_listing/17973,,EXP,,
subsale,-,60,Kuala Lumpur,Sri Petaling,2 Storey Terrace Bandar Baru Sri Petaling,,1350000,1350000,,6156,,5,3,2500,,Terrace,Freehold,,,LRT Bukit Jalil | SK Bandar Baru Sri Petaling | Pavilion Bukit Jalil,https://haniproperties.com/images/unitpic/2storeyterracebandarbarusripetalingEXP/pic1.jpg,"Hi Hani, I'm interested in the subsale unit at 2 Storey Terrace Bandar Baru Sri Petaling, Sri Petaling. Price: RM1350000. Ref: EXP",20/5/2026,https://telegram.me/extremeproperty_listing/17783,,EXP,,
subsale,-,65,Setapak,"Taman P. Ramlee, Setapak",Teratai Mewah,,250000,250000,,1140,,3,1,725,,Apartment,Freehold,,,"LRT Taman Melati (~1.3km, bus 5min) | Columbia Asia Hospital Setapak | AEON Big Danau Kota | SMK Danau Kota / SK Setapak | Setapak Central Mall | TARC (TAR University College)",https://haniproperties.com/images/unitpic/terataimewahEXP/pic1.jpg,"Hi Hani, I'm interested in the subsale unit at Teratai Mewah, Taman P. Ramlee, Setapak. Price: RM250000. Ref: EXP",18/5/2026,https://telegram.me/extremeproperty_listing/17634,,EXP,,
subsale,-,55,Cyberjaya / Putrajaya,Jalan Teknokrat / Cyberjaya City Centre,SkyPark @ Cyberjaya,,270000,270000,,1231,,2,1,556,,Serviced Residence,Freehold,,,Cyberjaya City Centre MRT Station | Cyberjaya City Centre retail / F&B strip | Lim Kok Wing University,https://haniproperties.com/images/unitpic/skyparkcyberjayaFDZ/pic1.jpg,"Hi Hani, I'm interested in the subsale unit at SkyPark @ Cyberjaya, Jalan Teknokrat / Cyberjaya City Centre. Price: RM270000. Ref: FDZ",22/4/2026,https://telegram.me/fideszchannel/1427,,FDZ,,
subsale,-,70,Subang Jaya,Taman Subang Mas,Menara Suria (V12 SOVO),-,260000,-,-,1107,-,2,2,613,-,Service Residence,Leasehold,-,-,KTM Batu Tiga | AEON Mall Shah Alam | Management & Science University (MSU) | UiTM | Federal Highway,https://haniproperties.com/images/unitpic/menarasuriav12sovoMMN/pic1.jpg,"Hi Hani, I'm interested in the subsale unit at Menara Suria (V12 SOVO), Taman Subang Mas. Price: RM260000. Ref: MMN",24/7/2026,https://t.me/HaniMNListingSubsale/623,-,MMN,-,Y
subsale,-,70,Subang Jaya,Taman Subang Mas,Menara Suria (V12),-,280000,-,-,1193,1,2,2,650,-,Service Residence,Leasehold,-,-,KTM Batu Tiga | Subang Parade | Empire Shopping Gallery | KPJ Selangor Specialist Hospital | Federal Highway,https://haniproperties.com/images/unitpic/menarasuriav12MMN/pic1.jpg,"Hi Hani, I'm interested in the subsale unit at Menara Suria (V12), Taman Subang Mas. Price: RM280000. Ref: MMN",7/8/2026,https://t.me/HaniMNListingSubsale/643,-,MMN,-,Y
subsale,-,55,Cheras,Bandar Mahkota Cheras,The iResidence,,450000,450000,,2052,,4,2,1507,,Condominium,Freehold,,,AEON Cheras Selatan | Mahkota Cheras Commercial Centre | Sungai Long Medical Centre,https://haniproperties.com/images/unitpic/theiresidenceDPM/pic1.jpg,"Hi Hani, I'm interested in the subsale unit at The iResidence, Bandar Mahkota Cheras. Price: RM450000. Ref: DPM",12/4/2026,https://telegram.me/DeePropmall/1766,,DPM,,
subsale,-,55,Subang Jaya,SS14,2 Storey Semi-Detached SS14,,2100000,2100000,,9576,,7,5,3500,,Semi D,Freehold,,,Subang Parade | Sunway Medical Centre | Sunway Pyramid,https://haniproperties.com/images/unitpic/2storeysemidetachedss14EXP/pic1.jpg,"Hi Hani, I'm interested in the subsale unit at 2 Storey Semi-Detached SS14, SS14. Price: RM2100000. Ref: EXP",6/4/2026,https://telegram.me/extremeproperty_listing/16259,,EXP,,
subsale,-,65,Kuala Lumpur,Kepong,Apartment Prima Saujana,,270000,270000,,1231,,3,2,1000,,Apartment,Leasehold,,,AEON Metro Prima Kepong | SK Bandar Sri Damansara 1 / 2 | MRT Sri Damansara Barat (closest usable line) | Taman Usaha Jaya (wet market / local commercial cluster) | KPJ Sentosa KL / nearby medical cluster,https://haniproperties.com/images/unitpic/apartmentprimasaujanaEXP/pic1.jpg,"Hi Hani, I'm interested in the subsale unit at Apartment Prima Saujana, Kepong. Price: RM270000. Ref: EXP",28/3/2026,https://telegram.me/extremeproperty_listing/15909,,EXP,,
subsale,-,45,Ampang,Ampang,Taman Hillview,,3580000,3580000,,16325,,5,6,9300,,Bungalow,Freehold,,,KPJ Ampang Puteri Specialist Hospital | Ampang Point Shopping Centre | SMK Taman Kosas | SK Taman Kosas | Masjid Al-Mustaqim Ampang | Ampang Hilir Recreational Area,https://haniproperties.com/images/unitpic/tamanhillviewEXP/pic1.jpg,"Hi Hani, I'm interested in the subsale unit at Taman Hillview, Ampang. Price: RM3580000. Ref: EXP",18/3/2026,https://telegram.me/extremeproperty_listing/15804,,EXP,,
subsale,-,60,Cheras,Bandar Sri Permaisuri,Sri Penara Apartment,,220000,220000,,1003,,2,2,646,,Apartment,Leasehold,,,Salak Selatan LRT Station | Salak Selatan KTM Station | SK Bandar Sri Permaisuri | SMK Bandar Sri Permaisuri | HERO Supermarket Sri Permaisuri | Klinik Kesihatan Bandar Tun Razak,https://haniproperties.com/images/unitpic/sripenaraapartmentEXP/pic1.jpg,"Hi Hani, I'm interested in the subsale unit at Sri Penara Apartment, Bandar Sri Permaisuri. Price: RM220000. Ref: EXP",18/3/2026,https://telegram.me/extremeproperty_listing/15769,,EXP,,
subsale,-,55,Bukit Jalil,Bukit Jalil,Alam Sutera Bukit Jalil,,1250000,1250000,,5700,,4,4,2139,,Terrace,Leasehold,,,Alam Sutera LRT Station | Bandar Kinrara 5 LRT Station | Tzu Chi International School | Technology Park Malaysia | Pavilion Bukit Jalil | Columbia Asia Hospital,https://haniproperties.com/images/unitpic/alamsuterabukitjalilEXP/pic1.jpg,"Hi Hani, I'm interested in the subsale unit at Alam Sutera Bukit Jalil, Bukit Jalil. Price: RM1250000. Ref: EXP",18/3/2026,https://telegram.me/extremeproperty_listing/15711,,EXP,,
subsale,-,55,Kuala Lumpur,Desa Petaling,Widuri Impian Condominium,,355000,355000,,1619,,3,2,956,,Condominium,Leasehold,,,Near LRT Bandar Tasik Selatan & TBS,https://haniproperties.com/images/unitpic/widuriimpiancondominiumEXP/pic1.jpg,"Hi Hani, I'm interested in the subsale unit at Widuri Impian Condominium, Desa Petaling. Price: RM355000. Ref: EXP",,https://telegram.me/extremeproperty_listing/13937,,EXP,,
subsale,-,65,Kuala Lumpur,Pantai Dalam,Pantai Indah Fasa 1,,295000,295000,,1345,,3,2,764,,Apartment,Freehold,,,"KM Pantai Dalam, Mid Valley Megamall",https://haniproperties.com/images/unitpic/pantaiindahfasa1EXP/pic1.jpg,"Hi Hani, I'm interested in the subsale unit at Pantai Indah Fasa 1, Pantai Dalam. Price: RM295000. Ref: EXP",,https://telegram.me/extremeproperty_listing/13129,,EXP,,
subsale,-,50,Kuala Lumpur,Jinjang,Mutiara Fadason Apartment,,180000,180000,,821,,3,2,650,,Apartment,Leasehold,,,Near AEON Big & Brem Mall,https://haniproperties.com/images/unitpic/mutiarafadasonapartmentEXP/pic1.jpg,"Hi Hani, I'm interested in the subsale unit at Mutiara Fadason Apartment, Jinjang. Price: RM180000. Ref: EXP",,https://telegram.me/extremeproperty_listing/10132,,EXP,,
subsale,-,50,Petaling Jaya / Damansara,Prima Damansara,Indah Condominium,,300000,300000,,1368,,3,2,872,,Condominium,Leasehold,,,"Near The Curve, IKEA, One Utama and Sri Bestari School",https://haniproperties.com/images/unitpic/indahcondominiumRSS/pic1.jpg,"Hi Hani, I'm interested in the subsale unit at Indah Condominium, Prima Damansara. Price: RM300000. Ref: RSS",,https://telegram.me/rumahsubsaleklselangorbynuruls/742,,RSS,,
subsale,-,60,Petaling Jaya / Damansara,Damansara Perdana,Flora Damansara Blok B,,165000,165000,,752,,3,2,650,,Apartment,Leasehold,,,"IKEA Damansara, The Curve, MRT Mutiara Damansara",https://haniproperties.com/images/unitpic/floradamansarablokbEXP/pic1.jpg,"Hi Hani, I'm interested in the subsale unit at Flora Damansara Blok B, Damansara Perdana. Price: RM165000. Ref: EXP",,https://telegram.me/extremeproperty_listing/9629,,EXP,,
subsale,-,40,Ampang,Taman Perwira Ampang Jaya,Double Storey Bungalow Taman Perwira,,2300000,2300000,,10488,,6,6,4000,,Bungalow,Freehold,,,"Near ISKL, Gleneagles, Ampang Point",https://haniproperties.com/images/unitpic/doublestoreybungalowtamanperwiraEXP/pic1.jpg,"Hi Hani, I'm interested in the subsale unit at Double Storey Bungalow Taman Perwira, Taman Perwira Ampang Jaya. Price: RM2300000. Ref: EXP",,https://telegram.me/extremeproperty_listing/8019,,EXP,,
subsale,-,60,Petaling Jaya / Damansara,Kota Damansara,Damai Apartment,,180000,180000,,821,,3,2,667,,Apartment,Leasehold,,,"Kota Damansara (near LRT Surian, One Utama/IKANO cluster)",https://haniproperties.com/images/unitpic/damaiapartmentEXP/pic1.jpg,"Hi Hani, I'm interested in the subsale unit at Damai Apartment, Kota Damansara. Price: RM180000. Ref: EXP",,https://telegram.me/extremeproperty_listing/14897,,EXP,,
subsale,-,55,Kajang,Kajang,City Height Apartment,,230000,230000,,1049,,3,2,833,,Apartment,Freehold,,,"Near MRT Stadium Kajang, Plaza Metro Kajang, schools and hospital",https://haniproperties.com/images/unitpic/cityheightapartmentRSS/pic1.jpg,"Hi Hani, I'm interested in the subsale unit at City Height Apartment, Kajang. Price: RM230000. Ref: RSS",,https://telegram.me/rumahsubsaleklselangorbynuruls/541,,RSS,,
subsale,-,70,Kuala Lumpur,Taman Midah,Arte Cheras,,450000,450000,,2052,,4,2,868,,Service Residence,Leasehold,,,"Near MRT Taman Midah, Lotus's Cheras and Sunway Velocity",https://haniproperties.com/images/unitpic/artecherasEXP/pic1.jpg,"Hi Hani, I'm interested in the subsale unit at Arte Cheras, Taman Midah. Price: RM450000. Ref: EXP",,https://telegram.me/extremeproperty_listing/12787,,EXP,,
subsale,-,60,Puchong,Bandar Kinrara,Pangsapuri Enggang,-,220000,-,-,937,,3,2,678,-,Flat,Freehold,-,-,LRT Kinrara BK5 | LRT Alam Sutera | Giant Bandar Kinrara | IOI Mall Puchong | SMK Seksyen 3 Bandar Kinrara,https://haniproperties.com/images/unitpic/pangsapurienggangEXP/pic1.jpg,"Hi Hani, I'm interested in the subsale unit at Pangsapuri Enggang, Bandar Kinrara. Price: RM220000. Ref: EXP",23/7/2026,https://t.me/extremeproperty_listing/14560,-,EXP,-,
subsale,-,55,Kuala Lumpur,KLCC,MyHabitat Serviced Residence,-,980000,-,-,4174,1,3,2,1259,-,Service Residence,Freehold,-,-,LRT Ampang Park | Suria KLCC | Avenue K | Institut Jantung Negara | AKLEH,https://haniproperties.com/images/unitpic/myhabitatservicedresidenceEXP/pic1.jpg,"Hi Hani, I'm interested in the subsale unit at MyHabitat Serviced Residence, KLCC. Price: RM980000. Ref: EXP",28/7/2026,https://t.me/extremeproperty_listing/19882,-,EXP,-,
subsale,-,55,Kuala Lumpur,Wangsa Maju,The Hamilton,Bumiputera Only,550000,-,-,2343,2,3,2,1000,-,Condominium,Leasehold,-,-,Sri Rampai LRT Station | Wangsa Walk Mall | AEON Big Wangsa Maju | Fairview International School | DUKE Highway,https://haniproperties.com/images/unitpic/thehamiltonEXP/pic1.jpg,"Hi Hani, I'm interested in the subsale unit at The Hamilton, Wangsa Maju. Price: RM550000. Ref: EXP",28/7/2026,https://t.me/extremeproperty_listing/19927,-,EXP,-,
subsale,-,35,Kajang,Taman Wawasan,Pangsapuri Seri Mesra,Bumi Lot,200000,-,-,852,-,3,2,750,-,Apartment,Freehold,-,-,Klinik Kesihatan Batu 14 | SK Tun Abdul Aziz Majid | SMK Abdul Jalil Hulu Langat | EKVE Highway | SUKE Highway,https://haniproperties.com/images/unitpic/pangsapuriserimesraEXP/pic1.jpg,"Hi Hani, I'm interested in the subsale unit at Pangsapuri Seri Mesra, Taman Wawasan. Price: RM200000. Ref: EXP",29/7/2026,https://t.me/extremeproperty_listing/19971,-,EXP,-,
subsale,-,65,Kuala Lumpur,Bukit Bintang,Agile Residence,-,1580000,-,-,6730,1,2,2,935,-,Service Residence,Freehold,-,-,MRT Tun Razak Exchange (TRX) Station | Pavilion Kuala Lumpur | Prince Court Medical Centre | SPE Expressway | AKLEH Expressway,https://haniproperties.com/images/unitpic/agileresidenceEXP/pic1.jpg,"Hi Hani, I'm interested in the subsale unit at Agile Residence, Bukit Bintang. Price: RM1580000. Ref: EXP",31/7/2026,https://t.me/extremeproperty_listing/20135,-,EXP,-,
rental,-,55,Setapak,Danau Kota,Platinum Lake PV20,Malaysian Only,2200,-,-,-,2,3,2,1345,Partially Furnished,Condominium,-,-,-,LRT Wangsa Maju | Setapak Central Mall | Columbia Asia Hospital | TAR UMT | MRR2,https://haniproperties.com/images/unitpic/platinumlakepv20EX/pic1.jpg,"Hi Hani, I'm interested in the unit rental at Platinum Lake PV20, Danau Kota. Price: RM2200. Ref: EX",1/8/2026,https://t.me/RumahSewaKLSlgrBelowRM2000/28847,Immediate,EX,-,
subsale,-,60,Sentul,Jalan Sentul Perdana,Sentul Point Suite Apartment,-,375000,-,-,1597,1,2,2,743,-,Service Residence,Freehold,-,-,KTM Sentul & LRT/MRT Stations | Sentul Village | KPJ Tawakkal KL Specialist Hospital | DUKE Highway,https://haniproperties.com/images/unitpic/sentulpointsuiteapartmentEXP/pic1.jpg,"Hi Hani, I'm interested in the subsale unit at Sentul Point Suite Apartment, Jalan Sentul Perdana. Price: RM375000. Ref: EXP",3/8/2026,https://t.me/extremeproperty_listing/20325,-,EXP,-,
subsale,-,75,Cheras,Pandan Perdana,Bukit Pandan 2 Condominium,-,499000,-,-,2125,2,4,3,2282,-,Condominium,Freehold,-,-,Maluri LRT Station | One Shamelin Shopping Complex | Jaya Grocer | Klinik Hope Shamelin | MRR2 Highway,https://haniproperties.com/images/unitpic/bukitpandan2condominiumEXP/pic1.jpg,"Hi Hani, I'm interested in the subsale unit at Bukit Pandan 2 Condominium, Pandan Perdana. Price: RM499000. Ref: EXP",4/8/2026,https://t.me/extremeproperty_listing/20366,-,EXP,-,
subsale,-,55,Sentul,Jalan Sentul Pasar,Sentul Village Condominium,-,495000,-,-,2108,2,3,2,948,-,Condominium,Freehold,-,-,LRT Sentul Timur | Ong Tai Kim Sentul Pasar | Hospital Kuala Lumpur | Sekolah Kebangsaan Sentul | DUKE Expressway,https://haniproperties.com/images/unitpic/sentulvillagecondominiumEXP/pic1.jpg,"Hi Hani, I'm interested in the subsale unit at Sentul Village Condominium, Jalan Sentul Pasar. Price: RM495000. Ref: EXP",5/8/2026,https://t.me/extremeproperty_listing/20423,-,EXP,-,
rental,-,60,Kajang,Kajang 2,Parkland Residence @ Kajang 2,Family/Couple Preferred | Working Adults Welcome,1100,-,-,-,1,2,2,751,Partially Furnished,Service Residence,-,-,-,KTM Kajang 2 Station | MRT Kajang | Plaza Metro Kajang | SILK Highway | LEKAS Highway,https://haniproperties.com/images/unitpic/parklandresidencekajang2NS/pic1.jpg,"Hi Hani, I'm interested in the unit rental at Parkland Residence @ Kajang 2, Kajang 2. Price: RM1100. Ref: NS",6/8/2026,https://t.me/rumahsewajualbelikldanselangor/11956,-,NS,-,
rental,-,70,Shah Alam,i-City,i-Soho @ i-City,-,1700,High Floor (Level 15 of 43),-,-,-,1,1,466,Fully Furnished,Studio,-,-,-,LRT UiTM Shah Alam | Central i-City Shopping Centre | Hospital Shah Alam | UNISEL Shah Alam | Federal Highway,https://haniproperties.com/images/unitpic/isohoicityMMN/pic1.jpg,"Hi Hani, I'm interested in the unit rental at i-Soho @ i-City, i-City. Price: RM1700. Ref: MMN",18/9/2026,https://t.me/AniListings/4130,Oct-26,MMN,-,Y
subsale,-,50,Ampang,Kemensah,RiverView Kemensah,-,2350000,-,-,10648,-,6,7,4000,-,Semi D,Freehold,-,-,Melawati Mall | KPJ Ampang Puteri Specialist Hospital | SMK Taman Melawati | MRR2 | DUKE Highway,https://haniproperties.com/images/unitpic/riverviewkemensahEXP/pic1.jpg,"Hi Hani, I'm interested in the subsale unit at RiverView Kemensah, Kemensah. Price: RM2500000. Ref: EXP",9/8/2026,https://t.me/extremeproperty_listing/20782,-,EXP,-,
subsale,-,60,Puchong,Taman Lingkaran Dagang Mas,Calisa Residence,-,280000,-,-,1193,1,3,2,1044,-,Condominium,Leasehold,-,-,Puchong Prima LRT Station | IOI Mall Puchong | KPMC Specialist Centre | MAHSA University | LDP Highway,https://haniproperties.com/images/unitpic/calisaresidenceCE/pic1.jpg,"Hi Hani, I'm interested in the subsale unit at Calisa Residence, Taman Lingkaran Dagang Mas. Price: RM280000. Ref: CE",10/8/2026,https://t.me/CECextra/315,-,CE,-,
subsale,-,45,Klang,Telok Panglima Garang,Taman Telok Panglima Garang,-,390000,-,-,1661,-,4,2,1200,-,Terrace,Freehold,-,-,Quayside Mall | Klinik Kesihatan Telok Panglima Garang | SJK (C) Peng Ming | NPE Highway | Federal Highway,https://haniproperties.com/images/unitpic/tamantelokpanglimagarangCE/pic1.jpg,"Hi Hani, I'm interested in the subsale unit at Taman Telok Panglima Garang, Telok Panglima Garang. Price: RM390000. Ref: CE",10/8/2026,https://t.me/CECextra/440,-,CE,-,
rental,-,55,Ampang,Bukit Antarabangsa,Impian Selatan Condominium (Southern Height),-,1950,-,-,-,-,3,2,1350,Partially Furnished,Condominium,-,-,-,Ampang Point Shopping Centre | KPJ Ampang Puteri Specialist Hospital | Gleneagles Hospital Kuala Lumpur | International School of Kuala Lumpur (ISKL) | MRR2,https://haniproperties.com/images/unitpic/impianselatancondominiumsouthernheightEX2/pic1.jpg,"Hi Hani, I'm interested in the unit rental at Impian Selatan Condominium (Southern Height), Bukit Antarabangsa. Price: RM1950. Ref: EX",11/8/2026,https://t.me/RumahSewaKLSlgrBelowRM2000/29244,Sep-26,EX,-,
rental,-,55,Ampang,Ampang Hilir,Astoria Ampang,-,2280,-,-,-,1,1,1,560,-,Service Residence,-,-,-,Ampang Park LRT Station | Great Eastern Mall | Sayfol International School | Gleneagles Hospital Kuala Lumpur | AKLEH Highway,https://haniproperties.com/images/unitpic/astoriaampangDPM/pic1.jpg,"Hi Hani, I'm interested in the unit rental at Astoria Ampang, Ampang Hilir. Price: RM2280. Ref: DPM",12/8/2026,https://t.me/DeePropmall/3073,-,DPM,-,
subsale,-,60,Kepong,Taman KIP,Mas Kipark Damansara,-,380000,-,-,1619,1,3,2,850,-,Condominium,Freehold,-,-,MRT Metro Prima | AEON Mall Metro Prima | Well-Mart Taman KIP | Care Clinic | MRR2 Highway,https://haniproperties.com/images/unitpic/maskiparkdamansaraEXP/pic1.jpg,"Hi Hani, I'm interested in the subsale unit at Mas Kipark Damansara, Taman KIP. Price: RM380000. Ref: EXP",13/8/2026,https://t.me/extremeproperty_listing/21015,-,EXP,-,
rental,-,60,Sentul,Sentul,M Centura,Malay Only,1700,-,-,-,1,2,1,646,Partially Furnished,Service Residence,-,-,-,LRT Jalan Ipoh | Sunway Putra Mall | Hospital Kuala Lumpur | DUKE Highway | MRR2,https://haniproperties.com/images/unitpic/mcenturaEX/pic1.jpg,"Hi Hani, I'm interested in the unit rental at M Centura, Sentul. Price: RM1700. Ref: EX",14/8/2026,https://t.me/RumahSewaKLSlgrBelowRM2000/29311,Aug-26,EX,-,
subsale,-,50,Selayang,Taman Koperasi Polis Fasa II,2 Storey Terrace Taman Koperasi Polis Fasa II,-,499000,-,-,2125,-,3,2,1800,-,Terrace,Freehold,-,-,LRT Gombak | Terminal Bersepadu Gombak (TBG) | Kolej Antarabangsa PICOMS | UNIKOP,https://haniproperties.com/images/unitpic/2storeyterracetamankoperasipolisfasaiiEXP2/pic1.jpg,"Hi Hani, I'm interested in the subsale unit at 2 Storey Terrace Taman Koperasi Polis Fasa II, Taman Koperasi Polis Fasa II. Price: RM499000. Ref: EXP",14/8/2026,https://t.me/extremeproperty_listing/21031,-,EXP,-,
rental,-,65,Petaling Jaya / Damansara,Damansara Perdana,Ritze Perdana 2,-,1500,-,-,-,1,-,1,421,Fully Furnished,Studio,-,-,-,MRT Mutiara Damansara | MRT Bandar Utama | The Curve | IKEA Damansara | 1 Utama Shopping Centre,https://haniproperties.com/images/unitpic/ritzeperdana2ADL/pic1.jpg,"Hi Hani, I'm interested in the unit rental at Ritze Perdana 2, Damansara Perdana. Price: RM1500. Ref: ADL",16/8/2026,https://t.me/adiblisting/10169,Dec-26,ADL,-,
rental,-,70,Setapak,Jalan Semarak Api,222 Residency,-,2300,-,-,-,2,3,2,1100,Fully Furnished,Condominium,-,-,-,Wangsa Maju LRT Station | Titiwangsa MRT Station | Setapak Central Mall | TAR College | DUKE Highway,https://haniproperties.com/images/unitpic/222residencyEX/pic1.jpg,"Hi Hani, I'm interested in the unit rental at 222 Residency, Jalan Semarak Api. Price: RM2300. Ref: EX",17/8/2026,https://t.me/RumahSewaKLSlgrBelowRM2000/29449,Immediate,EX,-,
subsale,-,60,Kuala Lumpur,KLCC,Sky Suites @ KLCC,Non-Bumi Lot,900000,Currently Tenanted | Fully Furnished | Maintenance RM336/month | Strata Title,-,3833,-,2,2,650,-,Service Residence,Freehold,-,-,KLCC LRT Station | Suria KLCC | Prince Court Medical Centre | Petronas Twin Towers | AKLEH Expressway,https://haniproperties.com/images/unitpic/skysuitesklccEXP/pic1.jpg,"Hi Hani, I'm interested in the subsale unit at Sky Suites @ KLCC, KLCC. Price: RM900000. Ref: EXP",18/8/2026,https://t.me/extremeproperty_listing/21077,-,EXP,-,
rental,-,60,Puchong,Bandar Kinrara,Apartment Seri Kasturi,Malaysian Only,1350,Walk-Up Apartment | Level 4,-,-,1,3,2,871,Partially Furnished,Apartment,-,-,-,LRT Kinrara BK5 | IOI Mall Puchong | SetiaWalk Puchong | Columbia Asia Hospital Bukit Jalil | Bukit Jalil Highway,https://haniproperties.com/images/unitpic/apartmentserikasturiADL/pic1.jpg,"Hi Hani, I'm interested in the unit rental at Apartment Seri Kasturi, Bandar Kinrara. Price: RM1350. Ref: ADL",18/8/2026,https://t.me/adiblisting/10368,Sep-26,ADL,-,
rental,-,55,Setapak,Jalan Semarak Api,222 Residency,-,2300,Renovated Unit | Balcony | Facing Menara KL & Merdeka 118 | Ready to Move In,-,-,2,3,2,1100,Fully Furnished,Condominium,-,-,-,Wangsa Maju LRT Station | Titiwangsa MRT Station | Setapak Central Mall | AEON Big Setapak | TAR UMT,https://haniproperties.com/images/unitpic/222residencyADL/pic1.jpg,"Hi Hani, I'm interested in the unit rental at 222 Residency, Jalan Semarak Api. Price: RM2300. Ref: ADL",19/8/2026,https://t.me/adiblisting/10456,Immediate,ADL,-,
rental,-,65,Puchong,Bandar Saujana Putra,Idaman BSP,-,1600,Ready to Move In | Free WiFi until January 2027,-,-,2,3,3,1022,Fully Furnished,Condominium,-,-,-,Putra Heights LRT Station | IOI Mall Puchong | SetiaWalk Puchong | Lotus's Puchong | ELITE Highway,https://haniproperties.com/images/unitpic/idamanbspADL/pic1.jpg,"Hi Hani, I'm interested in the unit rental at Idaman BSP, Bandar Saujana Putra. Price: RM1600. Ref: ADL",19/8/2026,https://t.me/adiblisting/10468,Immediate,ADL,-,
rental,-,60,Kajang,Kajang 2,Residensi Rimbun @ Canopy Hills,-,1200,Medium Floor Unit,-,-,1,3,1,599,Partially Furnished,Service Residence,-,-,-,MRT Kajang Station | KTM Kajang 2 | Lotus's Kajang | Kajang Town Centre | SILK Highway,https://haniproperties.com/images/unitpic/residensirimbuncanopyhillsADL2/pic1.jpg,"Hi Hani, I'm interested in the unit rental at Residensi Rimbun @ Canopy Hills, Kajang 2. Price: RM1200. Ref: ADL",22/8/2026,https://t.me/adiblisting/10597,Immediate,ADL,-,
subsale,-,55,Ampang,Taman Ukay Bistari,Residensi Bistaria Apartment,-,280000,"Block F, Level 14 | Maintenance RM132/month",-,1193,1,3,2,850,-,Service Residence,Freehold,-,-,Giant Bukit Antarabangsa | Ampang Puteri Specialist Hospital | SMK Seri Keramat | MRR2 | AKLEH,https://haniproperties.com/images/unitpic/residensibistariaapartmentLSY/pic1.jpg,"Hi Hani, I'm interested in the subsale unit at Residensi Bistaria Apartment, Taman Ukay Bistari. Price: RM280000. Ref: LSY",22/8/2026,https://t.me/ListingSyazuanProperty/2923,-,LSY,-,
subsale,-,55,Cheras,Taman Ikan Emas,Pangsapuri Indah Mas,Bumi Lot,235000,"Block 17, Level 12 | Strata Title Ready",-,1001,-,3,1,780,-,Apartment,Leasehold,-,-,LRT Maluri | MRT Maluri | Sunway Velocity Mall | AEON Mall Maluri | Sunway Medical Centre Velocity,https://haniproperties.com/images/unitpic/pangsapuriindahmasEXP/pic1.jpg,"Hi Hani, I'm interested in the subsale unit at Pangsapuri Indah Mas, Taman Ikan Emas. Price: RM235000. Ref: EXP",22/8/2026,https://telegram.me/extremeproperty_listing/13870,-,EXP,-,
rental,-,35,Kajang,Bandar Kajang,Jernih Residence,Malaysian Only,1700,"High Floor (Level 29) | Basic Unit - Ceiling Fans, Lights & Kitchen Cabinet Only",-,-,1,2,2,750,Partially Furnished,Service Residence,-,-,-,Sungai Jernih MRT Station | Kajang MRT & KTM Station | AEON Mall Cheras Selatan | NSK Trade City | Metro Point Complex Kajang,https://haniproperties.com/images/unitpic/jernihresidenceADL/pic1.jpg,"Hi Hani, I'm interested in the unit rental at Jernih Residence, Bandar Kajang. Price: RM1700. Ref: ADL",23/8/2026,https://t.me/adiblisting/10618,Sep-26,ADL,-,
rental,-,50,Klang,Bandar Baru Klang,Palm Garden Apartment,-,1800,Swimming Pool | Playground | 24-Hour Security | Medium Floor,-,-,1,3,2,1040,Fully Furnished,Apartment,-,-,-,LRT3 Bandar Baru Klang | AEON Bukit Raja | KPJ Klang Specialist Hospital | Columbia Asia Hospital Klang | West Coast Expressway,https://haniproperties.com/images/unitpic/palmgardenapartmentHF/pic1.jpg,"Hi Hani, I'm interested in the unit rental at Palm Garden Apartment, Bandar Baru Klang. Price: RM1800. Ref: HF",25/8/2026,https://t.me/iqalisting/3132,Sep-26,HF,-,
rental,-,50,Shah Alam,Setia Alam,Seri Jati Apartment,Malaysian Only,1350,"Level 2 | Partially Furnished - Ceiling Fans, Lights, Aircond, Kitchen Cabinet & Stove",-,-,2,3,2,817,Partially Furnished,Apartment,-,-,-,Setia City Mall | AEON Mall Shah Alam | Lotus's Shah Alam | Federal Highway | NKVE,https://haniproperties.com/images/unitpic/serijatiapartmentADL/pic1.jpg,"Hi Hani, I'm interested in the unit rental at Seri Jati Apartment, Setia Alam. Price: RM1350. Ref: ADL",26/8/2026,https://t.me/adiblisting/10818,Immediate,ADL,-,
rental,-,45,Kajang,Kajang 2,Mirai Residences,Malaysian Only,1500,Level 10,-,-,1,3,2,840,Partially Furnished,Service Residence,-,-,-,Kajang 2 KTM Station | MRT Kajang Station | Metro Point Complex | Kajang Hospital | UKM,https://haniproperties.com/images/unitpic/mirairesidencesADL3/pic1.jpg,"Hi Hani, I'm interested in the unit rental at Mirai Residences, Kajang 2. Price: RM1500. Ref: ADL",27/8/2026,https://t.me/adiblisting/10864,Sep-26,ADL,-,
rental,-,60,Sentul,Sentul,Bayu Andaman,Malaysian Only,1900,Level 14,-,-,1,3,2,1000,Fully Furnished,Apartment,-,-,-,KTM Sentul | LRT Sentul Timur | Hospital Kuala Lumpur | DUKE Highway | UTC Sentul,https://haniproperties.com/images/unitpic/bayuandamanADL/pic1.jpg,"Hi Hani, I'm interested in the unit rental at Bayu Andaman, Sentul. Price: RM1900. Ref: ADL",27/8/2026,https://t.me/adiblisting/10872,Oct-26,ADL,-,
subsale,-,65,Kuala Lumpur,Sentul East,The Capers Sentul East,Non-Bumi Lot,780000,Partially Furnished (unit condition) | Strata Title | Maintenance RM652/month | Level 6,900000,3322,3,3,3,1381,-,Condominium,Freehold,-,-,LRT Sentul Timur | Sentul Depot / Sentul East | Hospital Kuala Lumpur | DUKE Expressway | La Salle Sentul School,https://haniproperties.com/images/unitpic/thecaperssentuleastEXP/pic1.jpg,"Hi Hani, I'm interested in the subsale unit at The Capers Sentul East, Sentul East. Price: RM780000. Ref: EXP",27/8/2026,https://t.me/extremeproperty_listing/21381,-,EXP,-,
rental,-,65,Kajang,Bangi Avenue,Residensi Adelia 4,-,1500,Balcony | Grille on every window,-,-,2,3,3,-,Fully Furnished,Condominium,-,-,-,KTM Bangi | Bangi Wonderland | Pasaraya CS | UKM | KPTM,https://haniproperties.com/images/unitpic/residensiadelia4-/pic1.jpg,"Hi Hani, I'm interested in the unit rental at Residensi Adelia 4, Bangi Avenue. Price: RM1500. Ref: -",31/8/2026,https://t.me/channellistingsolehah0108/543,-,-,-,
rental,-,70,Shah Alam,Subang West,Alam Sanjung,-,1800,Level 24 | Pool View,-,-,2,3,2,864,Partially Furnished,Service Residence,-,-,-,Batu Tiga KTM Station | AEON Mall Shah Alam | KPJ Selangor Specialist Hospital | MSU (Management and Science University) | ELITE Highway,https://haniproperties.com/images/unitpic/alamsanjungMMN/pic1.jpg,"Hi Hani, I'm interested in the unit rental at Alam Sanjung, Subang West. Price: RM1800. Ref: MMN",23/9/2026,https://t.me/AniListings/3982,Immediate,MMN,-,Y
subsale,-,55,Kuala Lumpur,Sungai Besi,Midfields 2,-,,440000,,1874,,3,2,1152,-,Condominium,Leasehold,-,-,LRT Salak Selatan | TBS | Hospital Canselor Tuanku Muhriz | BESRAYA Highway,https://haniproperties.com/images/unitpic/midfields2EXP/pic1.jpg,"Hi Hani, I'm interested in the subsale unit at Midfields 2, Sungai Besi. Price: RM440000. Ref: EXP",21/7/2026,https://t.me/extremeproperty_listing/19784,-,EXP,-,
subsale,-,60,Cheras,Taynton View,Taman Taynton View,-,870000,870000,,3706,,5,3,2200,-,Terrace,Freehold,-,-,MRT Taman Mutiara Station | Cheras Leisure Mall | UCSI University | Jalan Cheras | SALAK Expressway,https://haniproperties.com/images/unitpic/tamantayntonviewEXP/pic1.jpg,"Hi Hani, I'm interested in the subsale unit at Taman Taynton View, Taynton View. Price: RM870000. Ref: EXP",20/7/2026,https://t.me/extremeproperty_listing/19769,-,EXP,-,
subsale,-,60,Kajang,Kajang 2,Parkland Residence,-,330000,330000,,1406,,2,2,750,-,Service Residence,Freehold,-,-,KTM Kajang 2 Station | De Centrum Mall | Hospital Kajang | SILK Highway | LEKAS Highway,https://haniproperties.com/images/unitpic/parklandresidenceEXP/pic1.jpg,"Hi Hani, I'm interested in the subsale unit at Parkland Residence, Kajang 2. Price: RM330000. Ref: EXP",19/7/2026,https://t.me/extremeproperty_listing/19747,-,EXP,-,
subsale,-,40,Kajang,Bandar Seri Putra,Bandar Seri Putra,-,560000,560000,,2385,,4,3,1804,-,Terrace,Freehold,-,-,Lotus's Bangi Avenue | Universiti Islam Selangor (UIS) | PLUS Highway | LEKAS Highway,https://haniproperties.com/images/unitpic/bandarseriputraEXP/pic1.jpg,"Hi Hani, I'm interested in the subsale unit at Bandar Seri Putra, Bandar Seri Putra. Price: RM560000. Ref: EXP",14/7/2026,https://telegram.me/extremeproperty_listing/19708,-,EXP,-,
subsale,-,50,Sepang,Bandar Baru Salak Tinggi,Taman Dahlia,-,395000,395000,,1682,,4,2,-,-,Terrace,Freehold,-,-,ERL Salak Tinggi | Mitsui Outlet Park KLIA Sepang | NCI Hospital | Xiamen University Malaysia,/images/unitpic/tamandahliaEXP/pic1.jpg,"Hi Hani, I'm interested in the subsale unit at Taman Dahlia, Bandar Baru Salak Tinggi. Price: RM395000. Ref: EXP",8/7/2026,https://telegram.me/extremeproperty_listing/19524,-,EXP,,
subsale,-,55,Cheras,Pandan Perdana,Pandan Perdana,,638000,638000,,2718,,5,3,1500,-,Terrace,Leasehold,-,-,LRT Pandan Jaya | One Shamelin Mall | Hospital Ampang | BESRAYA,https://haniproperties.com/images/unitpic/pandanperdanaEXP/pic1.jpg,"Hi Hani, I'm interested in the subsale unit at Pandan Perdana, Pandan Perdana. Price: RM638000. Ref: EXP",1/7/2026,https://telegram.me/extremeproperty_listing/19298,-,EXP,,
subsale,-,55,Kuala Lumpur,Segambut,The Era Residence @ Duta North,,1800000,1800000,,11638,,5,5,2411,-,Service Residence,Freehold,-,-,Sunway 163 Mall | Publika | MiTEC | NKVE Expressway | DUKE Expressway,https://haniproperties.com/images/unitpic/theeraresidencedutanorthEXP/pic1.jpg,"Hi Hani, I'm interested in the subsale unit at The Era Residence @ Duta North, Segambut. Price: RM1800000. Ref: EXP",28/6/2026,https://telegram.me/extremeproperty_listing/19222,-,EXP,,
subsale,-,65,Kuala Lumpur,Taman Melati,Flat Sri Langkawi,,245000,245000,,1117,,2,1,592,,Flat,Leasehold,,,LRT Taman Melati (~500m) | SK Gombak Setia (~300m) | M3 Mall (~300m) | Masjid Gombak Setia (~400m),https://haniproperties.com/images/unitpic/flatsrilangkawiEXP/pic1.jpg,"Hi Hani, I'm interested in the subsale unit at Flat Sri Langkawi, Taman Melati. Price: RM245000. Ref: EXP",24/6/2026,https://telegram.me/extremeproperty_listing/19071,,EXP,,
subsale,-,35,Shah Alam,Denai Alam,2 Storey Terrace Denai Alam,,750000,750000,,3420,,4,3,2200,,Terrace,Freehold,,,SK Denai Alam (~0.5km) | Masjid Al-Farinee Denai Alam (~0.5km) | Surau Al-Islah (~0.3km) | SMK Bukit Jelutong (~2km) | 99 Speedmart Denai Alam (~0.8km),https://haniproperties.com/images/unitpic/2storeyterracedenaialamEXP/pic1.jpg,"Hi Hani, I'm interested in the subsale unit at 2 Storey Terrace Denai Alam, Denai Alam. Price: RM750000. Ref: EXP",17/6/2026,https://telegram.me/extremeproperty_listing/18873,,EXP,,
subsale,-,40,Shah Alam,Elmina West (Seksyen U15/U17),2 Storey Terrace Elmina West,,800000,800000,,3648,,4,3,1709,,Terrace,Freehold,,,Elmina Lakeside Mall | SK Elmina | Elmina Central Park | Kota Damansara | Subang Airport,https://haniproperties.com/images/unitpic/2storeyterraceelminawestRSS/pic1.jpg,"Hi Hani, I'm interested in the subsale unit at 2 Storey Terrace Elmina West, Elmina West (Seksyen U15/U17). Price: RM800000. Ref: RSS",19/5/2026,https://telegram.me/rumahsubsaleklselangorbynuruls/1221,,RSS,,
subsale,-,45,Puchong,Taman Puchong Hartamas,2.5 Storey Terrace Kim Crest,,1250000,1250000,,5700,,6,4,2625,,Terrace,Freehold,,,SMK Puchong (~1–2km) | AEON Big Puchong (~2km) | IOI Puchong Mall (~2–3km) | LRT Puchong Prima (~10 min drive) | Klinik Kesihatan Puchong (~2km),https://haniproperties.com/images/unitpic/25storeyterracekimcrestEXP/pic1.jpg,"Hi Hani, I'm interested in the subsale unit at 2.5 Storey Terrace Kim Crest, Taman Puchong Hartamas. Price: RM1250000. Ref: EXP",14/6/2026,https://telegram.me/extremeproperty_listing/16183,,EXP,,
subsale,-,65,Shah Alam,Seksyen 16 / Ken Rimba,Ken Rimba,,450000,450000,,2052,,3,2,1119,,Condominium,Freehold,,,"KTM Padang Jawa (~700m, covered walkway) | Poliklinik Ken Rimba (~350m) | SK Padang Jawa (~1km) | UiTM Shah Alam (~3.9km) | LRT Seksyen 7/I-City | HDC Shah Alam Mall (~1.7km)",https://haniproperties.com/images/unitpic/kenrimbaREG/pic1.jpg,"Hi Hani, I'm interested in the subsale unit at Ken Rimba, Seksyen 16 / Ken Rimba. Price: RM450000. Ref: REG",2/5/2025,https://telegram.me/ListingPropertyByRegera/4075,,REG,,
subsale,-,30,Ampang,Taman Bukit Indah,2 Storey Terrace Bukit Indah,,1100000,1100000,,5016,,4,3,1800,,Terrace,Leasehold,,,"SK Taman Kosas (~500m–1km) | SMK Taman Kosas (~1km) | Masjid Fatimah Az-Zahra (in-township) | Giant Spectrum (~2km) | LRT Ampang (~2–3km, short drive)",https://haniproperties.com/images/unitpic/2storeyterracebukitindahEXP/pic1.jpg,"Hi Hani, I'm interested in the subsale unit at 2 Storey Terrace Bukit Indah, Taman Bukit Indah. Price: RM1100000. Ref: EXP",14/6/2026,https://telegram.me/extremeproperty_listing/16816,,EXP,,
rental,-,75,Cyberjaya / Putrajaya,Cyber 6,Shaftsbury Square,-,1900,-,-,-,1,1,1,639,Fully Furnished,Studio,-,-,-,MRT Cyberjaya City Centre | D'Pulze Shopping Centre | Multimedia University (MMU) | MEX Highway | LDP,https://haniproperties.com/images/unitpic/shaftsburysquareAA/pic1.jpg,"Hi Hani, I'm interested in the unit rental at Shaftsbury Square, Cyber 6. Price: RM1900. Ref: AA",14/8/2026,https://t.me/aabithaproperty/1055,Immediate,AA,-,
rental,-,65,Cheras,Bandar Tun Razak,Lido Residency,-,2400,-,-,-,2,3,2,1093,Fully Furnished,Condominium,-,-,-,MRT Taman Pertama | Cheras LeisureMall | Hospital Canselor Tuanku Muhriz (HUKM) | MyTOWN & LaLaport BBCC | Cheras-Kajang Expressway (E7),https://haniproperties.com/images/unitpic/lidoresidencyEX/pic1.jpg,"Hi Hani, I'm interested in the unit rental at Lido Residency, Bandar Tun Razak. Price: RM2400-2500. Ref: EX",5/8/2026,https://t.me/RumahSewaKLSlgrBelowRM2000/29057,-,EX,-,
rental,-,35,Cheras,Alam Damai,Shop Lot Alam Damai,-,10000,-,-,-,-,-,-,3294,-,Commercial,-,-,-,MRT Taman Mutiara | MRT Bandar Tun Hussein Onn | EkoCheras Mall | Cheras LeisureMall | AEON Big Bandar Tun Hussein Onn,https://haniproperties.com/images/unitpic/alamdamaiDPM/pic1.jpg,"Hi Hani, I'm interested in the unit rental at Alam Damai, Alam Damai. Price: RM10000. Ref: DPM",17/8/2026,https://t.me/DeePropmall/3171,-,DPM,-,
subsale,-,50,Petaling Jaya / Damansara,Seksyen 22,Pangsapuri Sri Aman,,250000,250000,,1140,,3,2,650,,Flat,Leasehold,,,SMK (P) Sri Aman | STARS International School | 3 Two Square,https://haniproperties.com/images/unitpic/pangsapurisriamanEXP/pic1.jpg,"Hi Hani, I'm interested in the subsale unit at Pangsapuri Sri Aman, Seksyen 22. Price: RM250000. Ref: EXP",25/5/2026,https://telegram.me/extremeproperty_listing/17841,,EXP,,
subsale,-,50,Kuala Lumpur,Sungai Besi,Trinity Aquata,,650000,650000,,2964,,3,2,1154,,Condominium,Freehold,,,MRT Taman Naga Mas (Putrajaya Line) | Midvalley Megamall (~3km) | SK Sungai Besi,https://haniproperties.com/images/unitpic/trinityaquataEXP/pic1.jpg,"Hi Hani, I'm interested in the subsale unit at Trinity Aquata, Sungai Besi. Price: RM650000. Ref: EXP",19/5/2026,https://telegram.me/extremeproperty_listing/17748,,EXP,,
subsale,-,40,Sepang,Taman Banting Baru,2 Storey Terrace Taman Banting Baru,,330000,330000,,1505,,3,2,1550,,Terrace,Freehold (Bumi Lot),,,Kolej Matrikulasi Selangor | Hospital Banting | SM Sains Banting | Politeknik Banting,/images/unitpic/2storeyterracetamanbantingbaruEXP/pic1.jpg,"Hi Hani, I'm interested in the subsale unit at 2 Storey Terrace Taman Banting Baru, Taman Banting Baru. Price: RM330000. Ref: EXP",19/5/2026,https://telegram.me/extremeproperty_listing/17703,,EXP,,
subsale,-,40,Shah Alam,Bukit Jelutong,Suria Residence,Bumi Lot,560000,-,-,2385,2,3,2,1030,Partially Furnished,Service Residence,Freehold,-,-,Bukit Jelutong Commercial Centre | RADIA Bukit Jelutong | Hospital Shah Alam | MSU Shah Alam | NKVE Highway,https://haniproperties.com/images/unitpic/suriaresidenceEXP/pic1.jpg,"Hi Hani, I'm interested in the subsale unit at Suria Residence, Bukit Jelutong. Price: RM560000. Ref: EXP",27/7/2026,https://t.me/extremeproperty_listing/19864,-,EXP,-,
subsale,-,65,Shah Alam,Seksyen 16,Pangsapuri Rimba 2,-,240000,-,-,1022,-,3,2,750,-,Apartment,Freehold,-,-,KTM Padang Jawa | AEON Mall Shah Alam | Hospital Shah Alam | UiTM Shah Alam | Federal Highway,https://haniproperties.com/images/unitpic/rimba2MMN/pic1.jpg,"Hi Hani, I'm interested in the subsale unit at Pangsapuri Rimba 2, Seksyen 16. Price: RM240000. Ref: MMN",11/8/2026,https://t.me/HaniMNListingSubsale/659,-,MMN,-,Y
subsale,-,30,Kajang,Taman Tenaga,2 Storey Terrace Taman Tenaga,,580000,580000,,2645,,4,3,1400,,Terrace,Freehold,,,SMK Jalan Reko | Surau Taman Tenaga | Klinik Komuniti Taman Tenaga | 7-Eleven Taman Tenaga,https://haniproperties.com/images/unitpic/2storeyterracetamantenagaRSS/pic1.jpg,"Hi Hani, I'm interested in the subsale unit at 2 Storey Terrace Taman Tenaga, Taman Tenaga. Price: RM580000. Ref: RSS",19/4/2026,https://telegram.me/rumahsubsaleklselangorbynuruls/1125,,RSS,,
subsale,-,30,Kajang,Taman Tiara East,2 Storey Terrace Taman Tiara East,,562000,562000,,2563,,5,3,1680,,Terrace,Freehold,,,Ecohill Walk | Mydin Semenyih | Lotus's Semenyih,https://haniproperties.com/images/unitpic/2storeyterracetamantiaraeastRSS/pic1.jpg,"Hi Hani, I'm interested in the subsale unit at 2 Storey Terrace Taman Tiara East, Taman Tiara East. Price: RM562000. Ref: RSS",17/4/2026,https://telegram.me/rumahsubsaleklselangorbynuruls/1116,,RSS,,
subsale,-,30,Kajang,Kajang Hillpark,2 Storey Terrace Kajang Hillpark,,550000,550000,,2508,,4,3,1300,,Terrace,Freehold,,,SK Kajang Utama | Surau Kajang Hillpark | Local shops / mini mart (Hillpark area) | Klinik nearby (Kajang Utama),https://haniproperties.com/images/unitpic/2storeyterracekajanghillparkRSS/pic1.jpg,"Hi Hani, I'm interested in the subsale unit at 2 Storey Terrace Kajang Hillpark, Kajang Hillpark. Price: RM550000. Ref: RSS",16/4/2026,https://telegram.me/rumahsubsaleklselangorbynuruls/1074,,RSS,,
subsale,-,50,Bukit Jalil,Bukit Jalil,The Havre Bukit Jalil,,580000,580000,,2645,,3,3,1023,,Condominium,Leasehold,,,Pavilion Bukit Jalil (lifestyle mall anchor) | Bukit Jalil Recreational Park (green lifestyle anchor) | LRT Bukit Jalil (connectivity driver),https://haniproperties.com/images/unitpic/thehavrebukitjalilEXP/pic1.jpg,"Hi Hani, I'm interested in the subsale unit at The Havre Bukit Jalil, Bukit Jalil. Price: RM580000. Ref: EXP",10/4/2026,https://telegram.me/extremeproperty_listing/16331,,EXP,,
subsale,-,60,Kuala Lumpur,Sentul East,The Capers Sentul East,,780000,780000,,3557,,3,3,1381,,Condominium,Freehold,,,LRT Sentul Timur (primary transit driver) | Sentul Depot / Sentul East (lifestyle hub) | Hospital Kuala Lumpur (employment + medical hub),https://haniproperties.com/images/unitpic/thecaperssentuleastEXP/pic1.jpg,"Hi Hani, I'm interested in the subsale unit at The Capers Sentul East, Sentul East. Price: RM780000. Ref: EXP",10/4/2026,https://telegram.me/extremeproperty_listing/16401,,EXP,,
subsale,-,65,Kuala Lumpur,Setiawangsa,2 Storey Terrace Taman Bukit Setiawangsa,,1450000,1450000,,6612,,5,3,2200,,Terrace,Freehold,,,LRT Setiawangsa (primary connectivity driver) | AEON AU2 Setiawangsa (retail anchor) | SK Setiawangsa (family demand driver),https://haniproperties.com/images/unitpic/2storeyterracetamanbukitsetiawangsaEXP/pic1.jpg,"Hi Hani, I'm interested in the subsale unit at 2 Storey Terrace Taman Bukit Setiawangsa, Setiawangsa. Price: RM1450000. Ref: EXP",10/4/2026,https://telegram.me/extremeproperty_listing/16380,,EXP,,
subsale,-,40,Klang,Telok Panglima Garang,1 Storey Terrace Taman Telok,,378000,378000,,1724,,4,2,1500,,Terrace,Freehold,,,Segi Fresh Telok Panglima Garang | SK Telok Panglima Garang | Telok Panglima Garang Shoplots,https://haniproperties.com/images/unitpic/1storeyterracetamantelokEXP/pic1.jpg,"Hi Hani, I'm interested in the subsale unit at 1 Storey Terrace Taman Telok, Telok Panglima Garang. Price: RM378000. Ref: EXP",10/4/2026,https://telegram.me/extremeproperty_listing/16437,,EXP,,
rental,-,50,Shah Alam,Denai Alam,Tulip Residensi,-,1400,-,-,-,1,-,1,450,Partially Furnished,Studio,-,-,-,Elmina Lakeside Mall | Pasaraya Matahari | SK Denai Alam | Guthrie Corridor Expressway | DASH Highway,https://haniproperties.com/images/unitpic/tulipresidensiNS/pic1.jpg,"Hi Hani, I'm interested in the unit rental at Tulip Residensi, Denai Alam. Price: RM1400. Ref: NS",5/8/2026,https://t.me/rumahsewajualbelikldanselangor/11881,Sep-26,NS,-,
rental,-,50,Shah Alam,Seksyen 30,Taman Wira Permai @ Seksyen 30,-,1700,-,-,-,-,4,3,1400,Unfurnished,Terrace,-,-,-,Gamuda Walk Mall | Quayside Mall | Columbia Asia Hospital Bukit Rimau | SMK Jalan Kebun | KESAS Highway,https://haniproperties.com/images/unitpic/tamanwirapermaiseksyen30FPR/pic1.jpg,"Hi Hani, I'm interested in the unit rental at Taman Wira Permai @ Seksyen 30, Seksyen 30. Price: RM1700. Ref: FPR",8/8/2026,https://t.me/fathurpropertyrental/28819,Oct-26,FPR,-,
subsale,-,55,Kuala Lumpur,Kepong (Kiara Bay),Residensi AVA,,680000,680000,,3101,,3,2,950,,Service Residence,Leasehold,,,Kiara Bay Commercial / future mall component (within township) | MRT Sri Damansara Barat / Kepong Baru line (closest rail access) | AEON Metro Prima Kepong | KPJ Sentosa KL / ParkCity Medical Centre (medical cluster nearby),https://haniproperties.com/images/unitpic/residensiavaEXP/pic1.jpg,"Hi Hani, I'm interested in the subsale unit at Residensi AVA, Kepong (Kiara Bay). Price: RM680000. Ref: EXP",28/3/2026,https://telegram.me/extremeproperty_listing/15900,,EXP,,
rental,-,65,Kuala Lumpur,Seputeh,Avara,-,2500,-,-,-,1,3,2,915,Partially Furnished,Service Residence,-,-,-,KTM Seputeh Station | LRT Abdullah Hukum | Mid Valley Megamall | The Gardens Mall | Federal Highway,https://haniproperties.com/images/unitpic/avaraMMN/pic1.jpg,"Hi Hani, I'm interested in the unit rental at Avara, Seputeh. Price: RM2500. Ref: MMN",14/8/2026,https://t.me/AniListings/3575,Immediate,MMN,-,Y
subsale,-,45,Cyberjaya / Putrajaya,Setia Eco Glades,2 Storey Terrace Isle of Botanica,,2000000,2000000,,9120,,4,4,2400,,Terrace,Freehold,,,Hospital Cyberjaya | D'Pulze Shopping Centre | MMU Cyberjaya | SK/SMK Cyberjaya 1,https://haniproperties.com/images/unitpic/2storeyterraceisleofbotanicaEXP/pic1.jpg,"Hi Hani, I'm interested in the subsale unit at 2 Storey Terrace Isle of Botanica, Setia Eco Glades. Price: RM2000000. Ref: EXP",29/4/2025,https://telegram.me/extremeproperty_listing/17082,,EXP,,
subsale,-,50,Bukit Jalil,Bukit Jalil,Vista Komanwel C Condo,,480000,480000,,2189,,4,2,1400,,Condominium,Freehold,,,Freehold non-bumi near Bukit Jalil sports hub,https://haniproperties.com/images/unitpic/vistakomanwelccondoEXP/pic1.jpg,"Hi Hani, I'm interested in the subsale unit at Vista Komanwel C Condo, Bukit Jalil. Price: RM480000. Ref: EXP",,https://telegram.me/extremeproperty_listing/11751,,EXP,,
rental,-,50,Shah Alam,Seksyen U5,Pangsapuri Subang Suria,-,1100,"Mid Floor | Cooking Allowed | Comes with Sofa, Wardrobe, Bed & Dining Table",-,-,1,3,2,850,Partially Furnished,Apartment,-,-,-,Elmina Lakeside Mall | Star Avenue Elmina | Guthrie Corridor Expressway (GCE),https://haniproperties.com/images/unitpic/pangsapurisubangsuriaNS/pic1.jpg,"Hi Hani, I'm interested in the unit rental at Pangsapuri Subang Suria, Seksyen U5. Price: RM1100. Ref: NS",19/8/2026,https://t.me/rumahsewajualbelikldanselangor/12192,-,NS,-,
subsale,-,55,Kuala Lumpur,Kg Sg Pusu Gombak,Villa Bestari,,1780000,1780000,,8117,,5,5,5000,,Terrace,Freehold,,,"Gombak LRT, UIAM Gombak, Hospital Orang Asli Gombak",https://haniproperties.com/images/unitpic/villabestariEXP/pic1.jpg,"Hi Hani, I'm interested in the subsale unit at Villa Bestari, Kg Sg Pusu Gombak. Price: RM1780000. Ref: EXP",,https://telegram.me/extremeproperty_listing/10820,,EXP,,
subsale,-,35,Kajang,Jalan Semenyih,Taman Maju,,440000,440000,,2006,,3,3,1400,,Terrace,Freehold,,,Mature Kajang family neighbourhood,https://haniproperties.com/images/unitpic/tamanmajuEXP/pic1.jpg,"Hi Hani, I'm interested in the subsale unit at Taman Maju, Jalan Semenyih. Price: RM440000. Ref: EXP",,https://telegram.me/extremeproperty_listing/13887,,EXP,,
rental,-,65,Subang Jaya,SS15,The Grand Subang Jaya SS15,Students Welcome | No Pets Owner | Non-Smoker,2850,-,-,-,1,2,2,563,Fully Furnished,Service Residence,-,-,-,SS15 LRT Station | Sunway Pyramid | Subang Jaya Medical Centre | Monash University Malaysia,https://haniproperties.com/images/unitpic/thegrandsubangjayass15MMN/pic1.jpg,"Hi Hani, I'm interested in the unit rental at The Grand Subang Jaya SS15, SS15. Price: RM2850. Ref: MMN",14/8/2026,https://t.me/AniListings/3569,20/11/2026,MMN,-,Y
subsale,-,55,Kuala Lumpur,Setiawangsa,Shop Apartment Taman Keramat Permai,,190000,190000,,866,,3,1,650,,Shop Apartment,Leasehold,,,Leasehold bumi lot level 2 walk-up near LRT Setiawangsa,https://haniproperties.com/images/unitpic/shopapartmenttamankeramatpermaiEXP/pic1.jpg,"Hi Hani, I'm interested in the subsale unit at Shop Apartment Taman Keramat Permai, Setiawangsa. Price: RM190000. Ref: EXP",,https://telegram.me/extremeproperty_listing/4801,,EXP,,
subsale,-,60,Sentul,Sentul,Sentul Village Condominium,,450000,450000,,2052,,3,2,948,,Condominium,Freehold,,,"Sentul (near Sentul KTM, DUKE, MRR2)",https://haniproperties.com/images/unitpic/sentulvillagecondominiumEXP/pic1.jpg,"Hi Hani, I'm interested in the subsale unit at Sentul Village Condominium, Sentul. Price: RM450000. Ref: EXP",,https://telegram.me/extremeproperty_listing/14876,,EXP,,
subsale,-,50,Kuala Lumpur,Bandar Sri Damansara,SD2 Apartments,,300000,300000,,1368,,3,1,693,,Apartment,Freehold,,,FMH freehold Bandar Sri Damansara near amenities,https://haniproperties.com/images/unitpic/sd2apartmentsEXP/pic1.jpg,"Hi Hani, I'm interested in the subsale unit at SD2 Apartments, Bandar Sri Damansara. Price: RM300000. Ref: EXP",,https://telegram.me/extremeproperty_listing/11049,,EXP,,
subsale,-,35,Kajang,Kajang 2,Residensi Rimbun,,278000,278000,,1268,,2,1,597,,Condominium,Freehold,,,Developing Township,https://haniproperties.com/images/unitpic/residensirimbunRSS/pic1.jpg,"Hi Hani, I'm interested in the subsale unit at Residensi Rimbun, Kajang 2. Price: RM278000. Ref: RSS",,https://telegram.me/rumahsubsaleklselangorbynuruls/857,,RSS,,
subsale,-,45,Kuala Lumpur,Jalan Changkat Perak,Parkview KLCC Residence,,680000,680000,,3101,,2,2,900,,Service Residence,Freehold,,,walking distance to KLCC Suria KLCC and multiple rail lines,https://haniproperties.com/images/unitpic/parkviewklccresidenceEXP/pic1.jpg,"Hi Hani, I'm interested in the subsale unit at Parkview KLCC Residence, Jalan Changkat Perak. Price: RM680000. Ref: EXP",,https://telegram.me/extremeproperty_listing/14467,,EXP,,
subsale,-,55,Bukit Jalil,Bukit Jalil,Parkhill Residence,,599000,599000,,2732,,4,2,1300,,Condominium,Leasehold,,,"Pavilion Bukit Jalil, Bukit Jalil LRT, APU (Asia Pacific University)",https://haniproperties.com/images/unitpic/parkhillresidenceEXP/pic1.jpg,"Hi Hani, I'm interested in the subsale unit at Parkhill Residence, Bukit Jalil. Price: RM599000. Ref: EXP",,https://telegram.me/extremeproperty_listing/10770,,EXP,,
subsale,-,60,Kuala Lumpur,Pandan Indah,Pangsapuri Sri Inai,,285000,285000,,1300,,3,1,673,,Apartment,Leasehold,,,LRT Cempaka + Ampang Hospital access,https://haniproperties.com/images/unitpic/pangsapurisriinaiRSS/pic1.jpg,"Hi Hani, I'm interested in the subsale unit at Pangsapuri Sri Inai, Pandan Indah. Price: RM285000. Ref: RSS",,https://telegram.me/rumahsubsaleklselangorbynuruls/976,,RSS,,
subsale,-,60,Petaling Jaya / Damansara,Damansara Damai,One Damansara Condominium,,370000,370000,,1687,,3,2,1100,,Condominium,Leasehold,,,Leasehold Bumi lot walking distance MRT Damansara Damai,https://haniproperties.com/images/unitpic/onedamansaracondominiumEXP/pic1.jpg,"Hi Hani, I'm interested in the subsale unit at One Damansara Condominium, Damansara Damai. Price: RM370000. Ref: EXP",,https://telegram.me/extremeproperty_listing/10195,,EXP,,
rental,-,65,Shah Alam,i-City,i-Residence @ i-City,-,2500,-,-,-,1,2,1,632,Fully Furnished,Service Residence,-,-,-,Seksyen 7 Shah Alam LRT Station (LRT3) | Central i-City Mall | Hospital Shah Alam | i-City Theme Park | Federal Highway,https://haniproperties.com/images/unitpic/iresidenceicityMMN/pic1.jpg,"Hi Hani, I'm interested in the unit rental at i-Residence @ i-City, i-City. Price: RM2500. Ref: MMN",8/8/2026,https://t.me/AniListings/3380,Immediate,MMN,-,Y
subsale,-,45,Cyberjaya / Putrajaya,Cyberjaya,Gardenview Residence,,670000,670000,,3055,,5,4,1711,,Condominium,Freehold,,,"Beside ELC Int. School, near D'Pulze, MMU, CUCMS and IOI City Mall",https://haniproperties.com/images/unitpic/gardenviewresidenceEXP/pic1.jpg,"Hi Hani, I'm interested in the subsale unit at Gardenview Residence, Cyberjaya. Price: RM670000. Ref: EXP",,https://telegram.me/extremeproperty_listing/12829,,EXP,,
subsale,-,50,Kuala Lumpur,Tun Razak Exchange (TRX),Core Residence @ TRX,,1800000,1800000,,8208,,2,2,817,,Service Residence,Freehold,,,TRX next to MRT TRX & Bukit Bintang,https://haniproperties.com/images/unitpic/coreresidencetrxEXP/pic1.jpg,"Hi Hani, I'm interested in the subsale unit at Core Residence @ TRX, Tun Razak Exchange (TRX). Price: RM1800000. Ref: EXP",,https://telegram.me/extremeproperty_listing/14589,,EXP,,
subsale,-,35,Cheras,Bandar Mahkota Cheras,Bandar Mahkota Cheras,,670000,670000,,3055,,4,3,1300,,Terrace,Freehold,,,Freehold non-bumi BMC near amenities,https://haniproperties.com/images/unitpic/bandarmahkotacherasEXP/pic1.jpg,"Hi Hani, I'm interested in the subsale unit at Bandar Mahkota Cheras, Bandar Mahkota Cheras. Price: RM670000. Ref: EXP",,https://telegram.me/extremeproperty_listing/11771,,EXP,,
subsale,-,45,Kuala Lumpur,Taman Melawati,2 Storey Bungalow Jalan H,,2500000,2500000,,11400,,7,6,9500,,Bungalow,Freehold,,,Taman Melawati mature neighbourhood,https://haniproperties.com/images/unitpic/2storeybungalowjalanhEXP/pic1.jpg,"Hi Hani, I'm interested in the subsale unit at 2 Storey Bungalow Jalan H, Taman Melawati. Price: RM2500000. Ref: EXP",,https://telegram.me/extremeproperty_listing/13639,,EXP,,
subsale,-,45,Kajang,Kajang Perdana,Taman Villa Heights,-,2300000,-,-,9796,-,7,6,4500,-,Bungalow,Freehold,-,-,Kajang MRT/KTM Station | Kajang Prima | KPJ Kajang Specialist Hospital | SM Teknik Kajang | SILK Highway,https://haniproperties.com/images/unitpic/tamanvillaheightsEXP/pic1.jpg,"Hi Hani, I'm interested in the subsale unit at Taman Villa Heights, Kajang Perdana. Price: RM2300000. Ref: EXP",30/7/2026,https://t.me/extremeproperty_listing/19995,-,EXP,-,
subsale,-,40,Ampang,Taman Ukay Indah,Pangsapuri Ukay Indah,Bumiputera Only | Malay Reserve Land,215000,-,-,916,1,3,2,650,-,Apartment,Leasehold,-,-,Ampang Point Mall | Melawati Mall | SK Hulu Kelang | SMK Lembah Keramat | MRR2,https://haniproperties.com/images/unitpic/pangsapuriukayindahEXP/pic1.jpg,"Hi Hani, I'm interested in the subsale unit at Pangsapuri Ukay Indah, Taman Ukay Indah. Price: RM215000. Ref: EXP",31/7/2026,https://t.me/extremeproperty_listing/18183,-,EXP,-,
rental,-,65,Kuala Lumpur,Jelatek,Seri Maya Condominium,-,2800,-,-,-,1,3,2,1325,Fully Furnished,Condominium,-,-,-,Setiawangsa LRT Station | AEON AU2 Setiawangsa | Gleneagles Hospital | AKLEH Highway,https://haniproperties.com/images/unitpic/serimayacondominiumLSY/pic1.jpg,"Hi Hani, I'm interested in the unit rental at Seri Maya Condominium, Jelatek. Price: RM2800. Ref: LSY",2/8/2026,https://t.me/ListingSyazuanProperty/2683,Mid September 2026,LSY,-,
rental,-,40,Petaling Jaya / Damansara,Damansara Damai,The Zizz,-,2550,-,-,-,2,4,2,868,Fully Furnished,Service Residence,-,-,-,MRT Damansara Damai Station | Seasons Square Mall | Pusat Perubatan Damansara Damai | LDP Highway,https://haniproperties.com/images/unitpic/thezizzADL2/pic1.jpg,"Hi Hani, I'm interested in the unit rental at The Zizz, Damansara Damai. Price: RM2550. Ref: ADL",2/8/2026,https://t.me/adiblisting/9454,Sep-26,ADL,-,
rental,-,50,Sentul,Jalan Sentul Pasar,Sky Awani Residensi 1,Malaysian Only | Muslim Only,1990,-,-,-,2,3,2,800,Fully Furnished,Condominium,-,-,-,MRT Jalan Ipoh | Sentul Boulevard | Tesco Sentul | DUKE Expressway,https://haniproperties.com/images/unitpic/skyawaniresidensi1EX/pic1.jpg,"Hi Hani, I'm interested in the unit rental at Sky Awani Residensi 1, Jalan Sentul Pasar. Price: RM1990. Ref: EX",2/8/2026,https://t.me/RumahSewaKLSlgrBelowRM2000/28902,Immediate,EX,-,
rental,-,30,Puchong,Putra Perdana,LBS Skylake Residence,-,2300,-,-,-,2,3,2,883,Fully Furnished,Service Residence,-,-,-,LRT Pusat Bandar Puchong | Lotus Bukit Puchong | Columbia Asia Hospital Puchong | SMK Putra Perdana | LDP Highway,https://haniproperties.com/images/unitpic/lbsskylakeresidenceNS/pic1.jpg,"Hi Hani, I'm interested in the unit rental at LBS Skylake Residence, Putra Perdana. Price: RM2300. Ref: NS",5/8/2026,https://t.me/rumahsewajualbelikldanselangor/11890,Sep-26,NS,-,
rental,-,60,Kajang,Jalan Bukit,Residensi Nexus Kajang,-,1600,-,-,-,1,2,2,770,Partially Furnished,Service Residence,-,-,-,MRT-KTM Kajang Station | Plaza Metro Kajang | Hospital Kajang | New Era University College | SILK Highway,https://haniproperties.com/images/unitpic/residensinexuskajangNLH/pic1.jpg,"Hi Hani, I'm interested in the unit rental at Residensi Nexus Kajang, Jalan Bukit. Price: RM1600. Ref: NLH",5/8/2026,https://t.me/nourladyhartanah/1053,-,NLH,-,
subsale,-,40,Sungai Buloh,Kg Sungai Pelong,Kg Sungai Pelong Bungalow,Bumiputera Only,990000,-,-,4217,-,9,7,4628,-,Bungalow,Freehold,-,-,MRT Sungai Buloh | KTM Sungai Buloh | Hospital Sungai Buloh | SK Sungai Pelong | Guthrie Corridor Expressway (GCE),https://haniproperties.com/images/unitpic/kgsungaipelongbungalowEXP/pic1.jpg,"Hi Hani, I'm interested in the subsale unit at Kg Sungai Pelong Bungalow, Kg Sungai Pelong. Price: RM990000. Ref: EXP",6/8/2026,https://t.me/extremeproperty_listing/20493,-,EXP,-,
subsale,-,50,Kajang,Taman Sutera,Taman Sutera,-,630000,-,-,2683,-,4,3,2200,-,Terrace,Freehold,-,-,MRT Bukit Dukung | AEON Cheras Selatan | Lotus's Kajang | Hospital Kajang | SILK Highway,https://haniproperties.com/images/unitpic/tamansuteraEXP/pic1.jpg,"Hi Hani, I'm interested in the subsale unit at Taman Sutera, Taman Sutera. Price: RM630000. Ref: EXP",7/8/2026,https://t.me/extremeproperty_listing/20606,-,EXP,-,
subsale,-,60,Ampang,Taman Dato Ahmad Razali,Permai Seri Apartment,-,250000,-,-,1065,1,3,2,768,-,Apartment,Leasehold,-,-,LRT Ampang | Ampang Point Shopping Centre | KPJ Ampang Puteri Specialist Hospital | SMK Dato Ahmad Razali | AKLEH Highway,https://haniproperties.com/images/unitpic/permaiseriapartmentEXP/pic1.jpg,"Hi Hani, I'm interested in the subsale unit at Permai Seri Apartment, Taman Dato Ahmad Razali. Price: RM250000. Ref: EXP",7/8/2026,https://t.me/extremeproperty_listing/20644,-,EXP,-,
rental,-,65,Bukit Jalil,Bukit OUG,Kiara Residence 2,-,2500,-,-,-,2,3,2,1163,Fully Furnished,Condominium,-,-,-,LRT Awan Besar | Pavilion Bukit Jalil | Bukit Jalil City Centre | MEX Highway,https://haniproperties.com/images/unitpic/kiararesidence2ADL/pic1.jpg,"Hi Hani, I'm interested in the unit rental at Kiara Residence 2, Bukit OUG. Price: RM2500. Ref: ADL",8/8/2026,https://t.me/adiblisting/9717,Immediate,ADL,-,
rental,-,55,Kuala Lumpur,Mont Kiara,Arcoris SOHO,-,4220,-,-,-,1,2,1,955,Fully Furnished,Service Residence,-,-,-,Sri Hartamas MRT Station | 1 Mont Kiara | Global Doctors Centre | Mont Kiara International School | DUKE Highway,https://haniproperties.com/images/unitpic/arcorissohoFPR/pic1.jpg,"Hi Hani, I'm interested in the unit rental at Arcoris SOHO, Mont Kiara. Price: RM4220. Ref: FPR",8/8/2026,https://t.me/fathurpropertyrental/28842,Sep-26,FPR,-,
rental,-,65,Kuala Lumpur,Maluri,One Cochrane Residence,-,4258,-,-,-,1,2,1,-,Fully Furnished,Condominium,-,-,-,MRT Cochrane | MyTOWN Shopping Centre | IKEA Cheras | TRX | MEX Highway,https://haniproperties.com/images/unitpic/onecochraneresidenceDPM/pic1.jpg,"Hi Hani, I'm interested in the unit rental at One Cochrane Residence, Maluri. Price: RM4258. Ref: DPM",9/8/2026,https://t.me/DeePropmall/2988,-,DPM,-,
rental,-,60,Kuala Lumpur,"Brickfields, KL Sentral",Sentral Suites Residence,-,3050,-,-,-,1,2,1,-,Fully Furnished,Service Residence,-,-,-,KL Sentral Station | Nu Sentral Mall | Monorail Tun Sambanthan | TRX | Mid Valley Megamall,https://haniproperties.com/images/unitpic/sentralsuitesresidenceDPM/pic1.jpg,"Hi Hani, I'm interested in the unit rental at Sentral Suites Residence, Brickfields, KL Sentral. Price: RM3050. Ref: DPM",9/8/2026,https://t.me/DeePropmall/2990,-,DPM,-,
rental,-,45,Kajang,Kajang 2,Mirai Residences,-,1600,-,-,-,1,3,2,840,Partially Furnished,Service Residence,-,-,-,Kajang 2 KTM Station | Metro Point Complex | Kajang Hospital | Universiti Kebangsaan Malaysia (UKM) | SILK Highway,https://haniproperties.com/images/unitpic/mirairesidencesADL/pic1.jpg,"Hi Hani, I'm interested in the unit rental at Mirai Residences, Kajang 2. Price: RM1600. Ref: ADL",9/8/2026,https://t.me/adiblisting/9774,Mid September 2026,ADL,-,
subsale,-,65,Cheras,Bandar Mahkota Cheras,Pangsapuri Angsana,-,300000,-,-,1278,-,3,2,754,-,Apartment,Freehold,-,-,MRT Bandar Tun Hussein Onn | BMC Mall | Columbia Asia Hospital | UTAR | CKE Highway,https://haniproperties.com/images/unitpic/pangsapuriangsanaCE/pic1.jpg,"Hi Hani, I'm interested in the subsale unit at Pangsapuri Angsana, Bandar Mahkota Cheras. Price: RM300000. Ref: CE",10/8/2026,https://t.me/CECextra/293,-,CE,-,
subsale,-,40,Cheras,Bandar Sri Permaisuri,Sri Penara Apartment,-,260000,-,-,1107,-,2,2,650,-,Apartment,Leasehold,-,-,Salak Selatan LRT Station | HERO Supermarket Sri Permaisuri | Klinik Kesihatan Bandar Tun Razak | SK Bandar Sri Permaisuri | Sungai Besi Highway,https://haniproperties.com/images/unitpic/sripenaraapartmentCE/pic1.jpg,"Hi Hani, I'm interested in the subsale unit at Sri Penara Apartment, Bandar Sri Permaisuri. Price: RM260000. Ref: CE",10/8/2026,https://t.me/CECextra/509,-,CE,-,
rental,-,55,Setapak,Setapak,M Astra Setapak,-,2500,-,-,-,-,3,2,894,Partially Furnished,Service Residence,-,-,-,LRT Wangsa Maju | Setapak Central Mall | Wangsa Walk Mall | AEON Alpha Angle | DUKE Highway,https://haniproperties.com/images/unitpic/mastrasetapakADL/pic1.jpg,"Hi Hani, I'm interested in the unit rental at M Astra Setapak, Setapak. Price: RM2500. Ref: ADL",11/8/2026,https://t.me/adiblisting/9947,Immediate,ADL,-,
rental,-,50,Sentul,Jalan Pelangi 2,Vista Harmoni Residences,-,1359,-,-,-,1,1,1,151,-,Studio,-,-,-,LRT Sentul Timur | KTM Sentul | DUKE Highway | MRR2 | Jalan Duta-Segambut Highway,https://haniproperties.com/images/unitpic/vistaharmoniresidencesDPM2/pic1.jpg,"Hi Hani, I'm interested in the unit rental at Vista Harmoni Residences, Jalan Pelangi 2. Price: RM1359. Ref: DPM",13/8/2026,https://t.me/DeePropmall/3104,-,DPM,-,
rental,-,50,Sentul,Jalan Pelangi 2,Vista Harmoni Residences,-,1359,-,-,-,-,-,-,-,-,Studio,-,-,-,LRT Sentul Timur | KTM Sentul | DUKE Highway | MRR2 | Jalan Duta-Segambut Highway,https://haniproperties.com/images/unitpic/vistaharmoniresidencesDPM2/pic1.jpg,"Hi Hani, I'm interested in the unit rental at Vista Harmoni Residences, Jalan Pelangi 2. Price: RM1359. Ref: DPM",13/8/2026,https://t.me/DeePropmall/3103,-,DPM,-,
rental,-,50,Sentul,Jalan Pelangi 2,Vista Harmoni Residences,-,1359,-,-,-,1,1,1,151,-,Studio,-,-,-,LRT Sentul Timur | KTM Sentul | DUKE Highway | MRR2 | Jalan Duta-Segambut Highway,https://haniproperties.com/images/unitpic/vistaharmoniresidencesDPM2/pic1.jpg,"Hi Hani, I'm interested in the unit rental at Vista Harmoni Residences, Jalan Pelangi 2. Price: RM1359. Ref: DPM",13/8/2026,https://t.me/DeePropmall/3104,-,DPM,-,
rental,-,50,Sentul,Jalan Pelangi 2,Vista Harmoni Residences,-,1359,-,-,-,1,1,1,151,-,Studio,-,-,-,LRT Sentul Timur | KTM Sentul | DUKE Highway | MRR2 | Jalan Duta-Segambut Highway,https://haniproperties.com/images/unitpic/vistaharmoniresidencesDPM2/pic1.jpg,"Hi Hani, I'm interested in the unit rental at Vista Harmoni Residences, Jalan Pelangi 2. Price: RM1359. Ref: DPM",13/8/2026,https://t.me/DeePropmall/3114,-,DPM,-,
rental,-,50,Sentul,Jalan Pelangi 2,Vista Harmoni Residences,-,1359,-,-,-,1,1,1,151,-,Studio,-,-,-,LRT Sentul Timur | KTM Sentul | DUKE Highway | MRR2 | Jalan Duta-Segambut Highway,https://haniproperties.com/images/unitpic/vistaharmoniresidencesDPM2/pic1.jpg,"Hi Hani, I'm interested in the unit rental at Vista Harmoni Residences, Jalan Pelangi 2. Price: RM1359. Ref: DPM",13/8/2026,https://t.me/DeePropmall/3104,-,DPM,-,
rental,-,50,Sentul,Jalan Pelangi 2,Vista Harmoni Residences,-,1359,-,-,-,1,1,1,151,-,Studio,-,-,-,LRT Sentul Timur | KTM Sentul | DUKE Highway | MRR2 | Jalan Duta-Segambut Highway,https://haniproperties.com/images/unitpic/vistaharmoniresidencesDPM2/pic1.jpg,"Hi Hani, I'm interested in the unit rental at Vista Harmoni Residences, Jalan Pelangi 2. Price: RM1359. Ref: DPM",13/8/2026,https://t.me/DeePropmall/3114,-,DPM,-,
subsale,-,45,Cheras,Bandar Sri Permaisuri,Sri Penara Apartment,-,260000,-,-,1107,-,3,2,650,-,Apartment,Leasehold,-,-,Salak Selatan LRT Station | HERO Supermarket Sri Permaisuri | Hospital UKM (HUKM) | SK Seri Tasik | MRR2,https://haniproperties.com/images/unitpic/sripenaraapartmentCE2/pic1.jpg,"Hi Hani, I'm interested in the subsale unit at Sri Penara Apartment, Bandar Sri Permaisuri. Price: RM260000. Ref: CE",14/8/2026,https://t.me/CECextra/632,-,CE,-,
rental,-,40,Kajang,Kajang 2,Residensi Emas @ Kajang 2,Family/Couple Preferred | Students Welcome | Local Only,1300,-,-,-,2,3,2,730,Unfurnished,Condominium,-,-,-,KTM Kajang | UKM Kajang | Universiti GMI,https://haniproperties.com/images/unitpic/residensiemaskajang2NS2/pic1.jpg,"Hi Hani, I'm interested in the unit rental at Residensi Emas @ Kajang 2, Kajang 2. Price: RM1300. Ref: NS",14/8/2026,https://t.me/rumahsewajualbelikldanselangor/12066,-,NS,-,
rental,-,70,Kuala Lumpur,Chow Kit,Chambers Residence,-,1900,-,-,-,1,0,-,450,Fully Furnished,Studio,-,-,-,Chow Kit Monorail Station | PWTC LRT Station | Sunway Putra Mall | Quill City Mall | Chow Kit Market,https://haniproperties.com/images/unitpic/chambersresidenceADL2/pic1.jpg,"Hi Hani, I'm interested in the unit rental at Chambers Residence, Chow Kit. Price: RM1900. Ref: ADL",16/8/2026,https://t.me/adiblisting/10289,Immediate,ADL,-,
rental,-,40,Kajang,Kajang 2,Canopy Hills,-,1600,-,-,-,1,2,1,550,Fully Furnished,Service Residence,-,-,-,MRT Kajang | KTM Kajang 2 | AEON Kajang | Hospital Kajang | SILK Highway,https://haniproperties.com/images/unitpic/canopyhillsNS/pic1.jpg,"Hi Hani, I'm interested in the unit rental at Canopy Hills, Kajang 2. Price: RM1600. Ref: NS",17/8/2026,https://t.me/rumahsewajualbelikldanselangor/12085,Immediate,NS,-,
rental,-,45,Kajang,Sungai Chua,Pearl Avenue,Muslim Local Malaysians & Foreigners,1350,-,-,-,2,3,2,1100,Partially Furnished,Condominium,-,-,-,Kajang KTM Station | Kajang Bus Terminal | Kajang SILK Highway,https://haniproperties.com/images/unitpic/pearlavenueADL/pic1.jpg,"Hi Hani, I'm interested in the unit rental at Pearl Avenue, Sungai Chua. Price: RM1350. Ref: ADL",17/8/2026,https://t.me/adiblisting/10334,Immediate,ADL,-,
rental,-,70,Setapak,Taman Melati,Taman Melati Townhouse,No Pets Owner,1800,Upper Level Unit,-,-,1,3,2,1100,Fully Furnished,Townhouse,-,-,-,Taman Melati LRT Station | Melawati Mall | Columbia Asia Hospital Setapak | MRR2 Highway | SPE Expressway,https://haniproperties.com/images/unitpic/tamanmelatitownhouseEX/pic1.jpg,"Hi Hani, I'm interested in the unit rental at Taman Melati Townhouse, Taman Melati. Price: RM1800. Ref: EX",19/8/2026,https://t.me/RumahSewaKLSlgrBelowRM2000/29583,Immediate,EX,-,
rental,-,60,Bandar Saujana Putra,Jalan SP 3/16,Bandar Saujana Putra,-,1700,Gated & Guarded | Extended Kitchen | Vacant & Ready to Move In,-,-,-,4,3,1840,-,Terrace,-,-,-,Putra Heights LRT & MRT Interchange Station | One BSP Shopping Mall | MAHSA University & Hospital | ELITE Highway | SKVE,https://haniproperties.com/images/unitpic/bandarsaujanaputraEX/pic1.jpg,"Hi Hani, I'm interested in the unit rental at Bandar Saujana Putra, Jalan SP 3/16. Price: RM1700. Ref: EX",22/8/2026,https://t.me/RumahSewaKLSlgrBelowRM2000/29667,Immediate,EX,-,
rental,-,60,Seri Kembangan,Taman Lestari Perdana,Prestige Residence,Malaysian Only | Muslim Only,1900,Level 21 | Brand New Furniture,-,-,2,3,2,850,Partially Furnished,Service Residence,-,-,-,MRT Putra Permai | AEON Mall Taman Equine | Hospital Serdang | Giant Seri Kembangan | MEX Highway,https://haniproperties.com/images/unitpic/prestigeresidenceADL2/pic1.jpg,"Hi Hani, I'm interested in the unit rental at Prestige Residence, Taman Lestari Perdana. Price: RM1900. Ref: ADL",24/8/2026,https://t.me/adiblisting/10686,Immediate,ADL,-,
rental,-,65,Puchong,Bandar Puteri Puchong,Puteri Bayu Apartment,-,1500,Low Floor (Level 2),-,-,-,3,2,900,Unfurnished,Apartment,-,-,-,LRT IOI Puchong | IOI Mall Puchong | AEON Big Puchong | KPJ Puchong Specialist Hospital | LDP,https://haniproperties.com/images/unitpic/puteribayuapartmentNS2/pic1.jpg,"Hi Hani, I'm interested in the unit rental at Puteri Bayu Apartment, Bandar Puteri Puchong. Price: RM1500. Ref: NS",27/8/2026,https://t.me/rumahsewajualbelikldanselangor/12129,Immediate,NS,-,
subsale,-,50,Seri Kembangan,Puncak Jalil,Puncak Jalil 2-Storey Terrace (PUJ 6A),Non-Bumi Lot,690000,Leasehold - 56 Yrs Remaining (Exp. Jul 2082) | Renovated & Extended Kitchen | Individual Title | Land 20x70,750000,2939,2,4,3,2000,-,Terrace,Leasehold,-,-,LRT Alam Sutera Station | AEON | NSK | Bukit Jalil Highway | MEX Expressway,https://haniproperties.com/images/unitpic/puncakjalil2storeyterracepuj6aEXP/pic1.jpg,"Hi Hani, I'm interested in the subsale unit at Puncak Jalil 2-Storey Terrace (PUJ 6A), Puncak Jalil. Price: RM690000. Ref: EXP",27/8/2026,https://t.me/extremeproperty_listing/21400,-,EXP,-,
rental,-,35,Semenyih,Setia EcoHill,D'Camellia,-,1000,"Level 5 | Pool View | Well-Maintained, Like New",-,-,2,3,2,850,Partially Furnished,Apartment,-,-,-,EcoHill Walk | Tesco & AEON Style Supermarket | Sekolah Kebangsaan Bandar Rinching | EcoHill Taipan | SILK Highway,https://haniproperties.com/images/unitpic/dcamelliaNS/pic1.jpg,"Hi Hani, I'm interested in the unit rental at D'Camellia, Setia EcoHill. Price: RM1000. Ref: NS",1/9/2026,https://t.me/rumahsewajualbelikldanselangor/12428,Immediate,NS,-,
subsale,-,60,Ampang,Ukay Perdana,Apartment Sri Melor,Bumi Lot,289000,Level 4 of 5 | Leasehold Until 2100 | Fully Furnished | Gated & Guarded | Currently Tenanted RM1250/month,-,1231,1,3,2,809,-,Apartment,Leasehold,-,-,LRT Sri Rampai | Melawati Mall | Gleneagles Kuala Lumpur | DUKE Highway | MRR2 Highway,https://haniproperties.com/images/unitpic/apartmentsrimelorEXP/pic1.jpg,"Hi Hani, I'm interested in the subsale unit at Apartment Sri Melor, Ukay Perdana. Price: RM289000. Ref: EXP",20/8/2026,https://t.me/extremeproperty_listing/21174,-,EXP,-,
rental,-,20,Kajang,Bangi Avenue,Residensi Adelia 4,Malay Only | Malaysian Only | Muslim Only,1800,Balcony,-,-,2,3,3,-,Fully Furnished,Condominium,-,-,-,KTM Bangi | Bangi Wonderland | Pasaraya CS | UKM | KPTM,https://haniproperties.com/images/unitpic/residensiadelia4-2/pic1.jpg,"Hi Hani, I'm interested in the unit rental at Residensi Adelia 4, Bangi Avenue. Price: RM1800. Ref: -",31/8/2026,https://t.me/channellistingsolehah0108/564,-,-,-,
subsale,-,50,Ampang,Ampang Jaya,Dataran Palma,Bumiputera Lot Only,390000,390000,,1661,,-,-,1184,-,Commercial,Leasehold,-,-,Ampang MRT Station | Ampang Point Shopping Centre | KPJ Ampang Puteri Specialist Hospital | AKLEH Highway | MRR2,https://haniproperties.com/images/unitpic/dataranpalmaEXP/pic1.jpg,"Hi Hani, I'm interested in the subsale unit at Dataran Palma, Ampang Jaya. Price: RM390000. Ref: EXP",17/7/2026,https://t.me/extremeproperty_listing/19722,-,EXP,-,
subsale,-,55,Cheras,Taman Connaught,Taman Connaught,-,810000,Price Reduced from RM870000 | Agent-Stated Market Value RM910000 | Individual Title | Partially Furnished | Maintenance RM85/month,-,3450,2,5,3,1900,-,Terrace,Freehold,-,-,MRT Taman Connaught | Cheras Sentral | UCSI University | Salak Expressway | MRR2,/images/unitpic/tamanconnaughtEXP/pic1.jpg,"Hi Hani, I'm interested in the subsale unit at Taman Connaught, Taman Connaught. Price: RM810000. Ref: EXP",12/7/2026,https://t.me/extremeproperty_listing/22267,-,EXP,-,-
subsale,-,50,Puchong,Bandar Kinrara,Bandar Kinrara,Non-Bumi Lot,1980000,1980000,,8433,,5,3,4047,-,Terrace,Freehold,-,-,LRT Kinrara BK5 | Giant Kinrara | Bukit Jalil Highway | LDP,https://haniproperties.com/images/unitpic/bandarkinraraEXP/pic1.jpg,"Hi Hani, I'm interested in the subsale unit at Bandar Kinrara, Bandar Kinrara. Price: RM1980000. Ref: EXP",12/7/2026,https://telegram.me/extremeproperty_listing/19653,-,EXP,-,
subsale,-,60,Kuala Lumpur,Old Klang Road,Vivo Residential Suites,Non-Bumi Lot,850000,850000,,3620,,3,3,1388,-,Service Residence,Leasehold,-,-,Salak Selatan LRT Station | Mid Valley Megamall | Pantai Hospital Kuala Lumpur | NPE Expressway,https://haniproperties.com/images/unitpic/vivoresidentialsuitesEXP/pic1.jpg,"Hi Hani, I'm interested in the subsale unit at Vivo Residential Suites, Old Klang Road. Price: RM850000. Ref: EXP",9/7/2026,https://telegram.me/extremeproperty_listing/19552,-,EXP,-,
rental,-,30,Dengkil,Cybersouth,Kita Ria,-,1200,-,-,-,2,3,2,901,Unfurnished,Service Residence,-,-,-,D'Pulze Shopping Centre | Centrus Mall | SMK Dengkil | Elite Expressway,/images/unitpic/kitariaNS/pic1.jpg,"Hi Hani, I'm interested in the unit rental at Kita Ria, Cybersouth. Price: RM1200. Ref: NS",5/8/2026,https://t.me/rumahsewajualbelikldanselangor/11915,Aug-26,NS,-,
subsale,-,60,Petaling Jaya / Damansara,Damansara Damai,Apartment Bayu,Bumi Lot,295000,295000,,1256,,3,2,850,-,Apartment,Leasehold,-,-,LRT Damansara Damai | MRT Kampung Selamat | One Utama | NKVE Highway,https://haniproperties.com/images/unitpic/apartmentbayuEXP/pic1.jpg,"Hi Hani, I'm interested in the subsale unit at Apartment Bayu, Damansara Damai. Price: RM295000. Ref: EXP",7/7/2026,https://telegram.me/extremeproperty_listing/19495,-,EXP,,
subsale,-,40,Kajang,Batu 15 Jalan Semenyih,Rumah Awam Kos Rendah Batu 15 Jalan Semenyih,,300000,300000,,1370,,2,1,1000,-,Terrace,Leasehold,-,-,Metro Kajang Mall | LEKAS Highway | SILK Highway | Cheras-Kajang Highway,https://haniproperties.com/images/unitpic/rumahawamkosrendahbatu15jalansemenyihEXP/pic1.jpg,"Hi Hani, I'm interested in the subsale unit at Rumah Awam Kos Rendah Batu 15 Jalan Semenyih, Batu 15 Jalan Semenyih. Price: RM300000. Ref: EXP",27/6/2026,https://telegram.me/extremeproperty_listing/19198,-,EXP,,
subsale,-,45,Setapak,Taman Tai Onn,MH Platinum Residency,,540000,540000,,2462,,3,2,1018,,Condominium,Freehold,,,SMJK Chong Hwa (~0.5km) | SMK(P) Air Panas (~1km) | Masjid Setapak (~0.8km) | Setapak Central Mall (~1.5km) | Columbia Asia Hospital (~2.7km),https://haniproperties.com/images/unitpic/mhplatinumresidencyEXP/pic1.jpg,"Hi Hani, I'm interested in the subsale unit at MH Platinum Residency, Taman Tai Onn. Price: RM540000. Ref: EXP",17/6/2026,https://telegram.me/extremeproperty_listing/18747,,EXP,,
subsale,-,60,Sentul,Kampung Batu Muda,Casa Idaman,,380000,380000,,1733,,3,2,1007,,Condominium,Leasehold,,,KTM/MRT Kampung Batu (~600m) | Masjid Saidina Hamzah (~0.8km) | SK Kampung Batu (~1km) | SMK Batu Muda (~1.3km) | KPJ Tawakkal Hospital (~2km),https://haniproperties.com/images/unitpic/casaidamanEXP/pic1.jpg,"Hi Hani, I'm interested in the subsale unit at Casa Idaman, Kampung Batu Muda. Price: RM380000. Ref: EXP",17/6/2026,https://telegram.me/extremeproperty_listing/18739,,EXP,,
subsale,-,35,Kajang,Diamond City,Townhouse Diamond Residence,,650000,650000,,2964,,3,3,1389,,Terrace,Freehold,,,"SK Semenyih (~2km, short drive) | SMK Engku Husain (~2km, short drive) | Diamond City Phoenix Clubhouse (in-township) | University of Nottingham Malaysia (~3km, short drive) | Masjid Semenyih (~2km, short drive)",https://haniproperties.com/images/unitpic/townhousediamondresidenceEXP/pic1.jpg,"Hi Hani, I'm interested in the subsale unit at Townhouse Diamond Residence, Diamond City. Price: RM650000. Ref: EXP",14/6/2026,https://telegram.me/extremeproperty_listing/16613,,EXP,,
subsale,-,50,Kuala Lumpur,Wangsa Maju,The Hamilton,,600000,600000,,2736,,3,2,1000,,Condominium,Leasehold,,,"LRT Sri Rampai Kelana Jaya Line (link bridge, walkable) | Wangsa Walk Mall (~2 min walk) | AEON Big Wangsa Maju (~7 min walk) | SK/SMK Wangsa Maju (~1km) | Rampai Puteri Medical Centre (~2km)",https://haniproperties.com/images/unitpic/thehamiltonEXP/pic1.jpg,"Hi Hani, I'm interested in the subsale unit at The Hamilton, Wangsa Maju. Price: RM600000. Ref: EXP",14/6/2026,https://telegram.me/extremeproperty_listing/16156,,EXP,,
subsale,-,50,Cheras,Taman Midah,Arte Cheras,,508000,508000,,2317,,2,2,868,,Condominium,Leasehold,,,"MRT Taman Midah SBK24 (~400m, covered walkway walkable) | EkoCheras Mall (~3 min drive) | SK Taman Midah (~500m) | Pantai Hospital Cheras (~3km) | Lotus's Cheras (in-township)",https://haniproperties.com/images/unitpic/artecherasEXP/pic1.jpg,"Hi Hani, I'm interested in the subsale unit at Arte Cheras, Taman Midah. Price: RM508000. Ref: EXP",14/6/2026,https://telegram.me/extremeproperty_listing/16753,,EXP,,
subsale,-,45,Subang Jaya,Taman Subang Mas,3 Storey Terrace Alstonea,,1200000,1200000,,5472,,5,5,3296,,Terrace,Leasehold,,,"SMK Subang (~1–2km) | MSU Campus (~2–3km) | Da Men Mall (~2km) | Jaya Grocer (~2km) | Sunway Medical Centre (~5–7km, short drive)",https://haniproperties.com/images/unitpic/3storeyterracealstoneaEXP/pic1.jpg,"Hi Hani, I'm interested in the subsale unit at 3 Storey Terrace Alstonea, Taman Subang Mas. Price: RM1200000. Ref: EXP",14/6/2026,https://telegram.me/extremeproperty_listing/16210,,EXP,,
subsale,-,35,Selayang,Taman Koperasi Polis Fasa II,2 Storey Terrace Taman Koperasi Polis Fasa II,,880000,880000,,4013,,5,2,2400,,Terrace,Freehold,,,SK Taman Koperasi Polis (~500m) | PICOMS International University College (~500m) | Masjid Bilal Ibn Rabah (~1km) | Giant Batu Caves (~1.5km),https://haniproperties.com/images/unitpic/2storeyterracetamankoperasipolisfasaiiEXP/pic1.jpg,"Hi Hani, I'm interested in the subsale unit at 2 Storey Terrace Taman Koperasi Polis Fasa II, Taman Koperasi Polis Fasa II. Price: RM880000. Ref: EXP",10/6/2026,https://telegram.me/extremeproperty_listing/18326,,EXP,,
subsale,-,35,Sungai Buloh,Bandar Seri Coalfields,2 Storey Terrace Hampton Residence,,1400000,1400000,,6384,,4,4,2960,,Terrace,Freehold,,,Wesley Methodist Private School (~1km) | Hospital Sungai Buloh (~8km short drive) | KIPMall Desa Coalfields (~2km) | BSC Clubhouse (on-site),https://haniproperties.com/images/unitpic/2storeyterracehamptonresidenceEXP/pic1.jpg,"Hi Hani, I'm interested in the subsale unit at 2 Storey Terrace Hampton Residence, Bandar Seri Coalfields. Price: RM1400000. Ref: EXP",10/6/2026,https://telegram.me/extremeproperty_listing/18342,,EXP,,
subsale,-,60,Ampang,Pandan Indah,Taman Bakti,,155000,155000,,707,,2,1,450,,Flat,Leasehold,,,LRT Pandan Indah (~100m) | MRT Pandan Indah | Axis Atrium Shopping Mall,https://haniproperties.com/images/unitpic/tamanbaktiEXP/pic1.jpg,"Hi Hani, I'm interested in the subsale unit at Taman Bakti, Pandan Indah. Price: RM155000. Ref: EXP",8/6/2026,https://telegram.me/extremeproperty_listing/18197,,EXP,,
subsale,-,50,Puchong,Taman Putra Prima PP5,2 Storey Terrace Taman Putra Prima,,950000,950000,,4332,,4,3,1765,,Terrace,Freehold,,,Puchong Prima LRT Station (~2km) | SK / SMK Putra Prima | IOI Mall Puchong / Giant Puchong,https://haniproperties.com/images/unitpic/2storeyterracetamanputraprimaEXP/pic1.jpg,"Hi Hani, I'm interested in the subsale unit at 2 Storey Terrace Taman Putra Prima, Taman Putra Prima PP5. Price: RM950000. Ref: EXP",8/6/2026,https://telegram.me/extremeproperty_listing/18263,,EXP,,
subsale,-,55,Ampang,Bandar Baru Ampang,Ampang Prima Condominium,,425000,425000,,1938,,3,2,1001,,Condominium,Leasehold (2098),,,LRT Ampang (~1.2km) | Ampang Puteri Hospital | Spectrum Mall (balcony facing) | Ampang Point | SMK Bandar Baru Ampang,https://haniproperties.com/images/unitpic/ampangprimacondominiumEXP/pic1.jpg,"Hi Hani, I'm interested in the subsale unit at Ampang Prima Condominium, Bandar Baru Ampang. Price: RM425000. Ref: EXP",4/6/2026,https://telegram.me/extremeproperty_listing/18087,,EXP,,
subsale,-,45,Kajang,Kampung Sungai Tangkas,Kelisa Ria Apartment,,195000,195000,,889,,4,2,650,,Apartment,Leasehold,,,UKM | KTM Kajang | German-Malaysian Institute,https://haniproperties.com/images/unitpic/kelisariaapartmentEXP/pic1.jpg,"Hi Hani, I'm interested in the subsale unit at Kelisa Ria Apartment, Kampung Sungai Tangkas. Price: RM195000. Ref: EXP",25/5/2026,https://telegram.me/extremeproperty_listing/17876,,EXP,,
subsale,-,50,Petaling Jaya / Damansara,Damansara Perdana,Empire City Colonial Loft,,350000,350000,,1596,,1,2,900,,Duplex,Leasehold,,,IKEA Damansara | 1 Utama Shopping Centre | Hextar World Empire City,https://haniproperties.com/images/unitpic/empirecitycolonialloftEXP/pic1.jpg,"Hi Hani, I'm interested in the subsale unit at Empire City Colonial Loft, Damansara Perdana. Price: RM350000. Ref: EXP",25/5/2026,https://telegram.me/extremeproperty_listing/17851,,EXP,,
subsale,-,35,Nilai,Senawang,2 Storey Terrace Taman Pinggiran Senawang,,350000,350000,,1596,,4,3,1400,,Terrace,Freehold,,,Mydin Senawang | Senawang Commercial Centre | Various Restaurants Senawang,https://haniproperties.com/images/unitpic/2storeyterracetamanpinggiransenawangEXP/pic1.jpg,"Hi Hani, I'm interested in the subsale unit at 2 Storey Terrace Taman Pinggiran Senawang, Senawang. Price: RM350000. Ref: EXP",25/5/2026,https://telegram.me/extremeproperty_listing/17982,,EXP,,
subsale,-,40,Nilai,Taman Iringan Bayu,1 Storey Terrace Iringan Bayu Semaya,,360000,360000,,1642,,3,2,1400,,Terrace,Freehold,,,AEON Seremban 2 | Palm Mall | Klinik Kesihatan Seremban 2,https://haniproperties.com/images/unitpic/1storeyterraceiringanbayusemayaEXP/pic1.jpg,"Hi Hani, I'm interested in the subsale unit at 1 Storey Terrace Iringan Bayu Semaya, Taman Iringan Bayu. Price: RM360000. Ref: EXP",25/5/2026,https://telegram.me/extremeproperty_listing/17966,,EXP,,
subsale,-,40,Selayang,Bandar Baru Selayang,Semi Detached Taman Perdana Residence,,2000000,2000000,,9120,,5,5,4000,,Semi D,Freehold,,,Hospital Selayang | Selayang Mall | SK Bandar Baru Selayang | Selayang Pasar Borong | KTM Batu Caves (~4-5km) | Templer Park International School,https://haniproperties.com/images/unitpic/semidetachedtamanperdanaresidenceEXP/pic1.jpg,"Hi Hani, I'm interested in the subsale unit at Semi Detached Taman Perdana Residence, Bandar Baru Selayang. Price: RM2000000. Ref: EXP",18/5/2026,https://telegram.me/extremeproperty_listing/17588,,EXP,,
subsale,-,45,Seri Kembangan,Taman Serdang Perdana,Serdang Skyvilla,,180000,180000,,821,,3,2,850,,Apartment,Leasehold,,,South City Plaza | The Mines / Mines Resort City | SRJK (C) Serdang Baru 1 | SMK Seri Kembangan,https://haniproperties.com/images/unitpic/serdangskyvillaEXP/pic1.jpg,"Hi Hani, I'm interested in the subsale unit at Serdang Skyvilla, Taman Serdang Perdana. Price: RM180000. Ref: EXP",20/4/2026,https://telegram.me/extremeproperty_listing/16700,,EXP,,
subsale,-,35,Kajang,Bandar Puteri Bangi,Palmyra Residence,,388000,388000,,1769,,3,2,1066,,Service Apartment,Freehold,,,Bangi Wonderland | McD / Starbucks BSP (commercial hub) | Klinik Kesihatan Bandar Seri Putra | SK Bandar Seri Putra,https://haniproperties.com/images/unitpic/palmyraresidenceEXP/pic1.jpg,"Hi Hani, I'm interested in the subsale unit at Palmyra Residence, Bandar Puteri Bangi. Price: RM388000. Ref: EXP",20/4/2026,https://telegram.me/extremeproperty_listing/16641,,EXP,,
subsale,-,55,Kuala Lumpur,Taman Melawati,3 Storey Courtyard Villa 16 Quartz,,2300000,2300000,,10488,,5,6,3480,,Terrace,Leasehold,,,Melawati Mall | Wangsa Walk Mall | LRT Taman Melawati | Columbia Asia / KPJ Ampang (medical cluster) | SK / SMK Taman Melawati,https://haniproperties.com/images/unitpic/3storeycourtyardvilla16quartzEXP/pic1.jpg,"Hi Hani, I'm interested in the subsale unit at 3 Storey Courtyard Villa 16 Quartz, Taman Melawati. Price: RM2300000. Ref: EXP",20/4/2026,https://telegram.me/extremeproperty_listing/16767,,EXP,,
subsale,-,30,Ampang,Taman Mega Jaya,2 Storey Terrace Taman Mega Jaya,,550000,550000,,2508,,5,3,1300,,Terrace,Leasehold,,,Surau Al-Hidayah (within taman) | SK Taman Bukit Teratai,https://haniproperties.com/images/unitpic/2storeyterracetamanmegajayaEXP/pic1.jpg,"Hi Hani, I'm interested in the subsale unit at 2 Storey Terrace Taman Mega Jaya, Taman Mega Jaya. Price: RM550000. Ref: EXP",16/4/2026,https://telegram.me/extremeproperty_listing/16571,,EXP,,
rental,-,65,Shah Alam,Setia Alam,Suria Rafflesia Apartment,-,1350,Level 3 | Gated & Guarded | Maintenance Fee Borne by Owner,-,-,2,3,2,700,Fully Furnished,Apartment,-,-,-,Johan Setia LRT Station | Setia City Mall | Selgate Specialist Hospital Setia Alam | Meru Secondary School | NKVE Highway,https://haniproperties.com/images/unitpic/suriarafflesiaapartmentMMN/pic1.jpg,"Hi Hani, I'm interested in the unit rental at Suria Rafflesia Apartment, Setia Alam. Price: RM1350. Ref: MMN",18/9/2026,https://t.me/AniListings/3949,-,MMN,-,-
subsale,-,45,Petaling Jaya / Damansara,Section 13,Ryan & Miho Residence,,700000,700000,,3192,,,,,,Service Residence,Leasehold,,,University of Malaya | Jaya One | PJ Sentral,https://haniproperties.com/images/unitpic/ryanmihoresidenceDPM/pic1.jpg,"Hi Hani, I'm interested in the subsale unit at Ryan & Miho Residence, Section 13. Price: RM700000. Ref: DPM",12/4/2026,https://telegram.me/DeePropmall/1776,,DPM,,
subsale,-,50,Cheras,Batu 9,2 Storey Bungalow Taman Hulu Langat Jaya,,1800000,1800000,,8208,,6,3,6500,,Terrace,Freehold,,,MRT Sri Raya (primary connectivity driver) | Grand Saga Highway (accessibility backbone) | Batu 9 Commercial Area (daily amenities cluster),https://haniproperties.com/images/unitpic/2storeybungalowtamanhululangatjayaEXP/pic1.jpg,"Hi Hani, I'm interested in the subsale unit at 2 Storey Bungalow Taman Hulu Langat Jaya, Batu 9. Price: RM1800000. Ref: EXP",10/4/2026,https://telegram.me/extremeproperty_listing/16348,,EXP,,
subsale,-,30,Ampang,Bukit Antarabangsa,2.5 Storey Terrace Bukit Antarabangsa,,850000,850000,,3876,,5,2,1400,,Terrace,Leasehold,,,Giant Bukit Antarabangsa | Unikidsity Sering Ukay,https://haniproperties.com/images/unitpic/25storeyterracebukitantarabangsaEXP/pic1.jpg,"Hi Hani, I'm interested in the subsale unit at 2.5 Storey Terrace Bukit Antarabangsa, Bukit Antarabangsa. Price: RM850000. Ref: EXP",6/4/2026,https://telegram.me/extremeproperty_listing/16242,,EXP,,
subsale,-,30,Klang,Telok Panglima Garang,1 Storey Terrace Taman Bentara,,370000,370000,,1687,,4,2,900,,Terrace,Leasehold (Malay Reserved),,,SK Bukit Naga | Masjid Al-Amin (local mosque anchor) | Econsave Jenjarom | Lotus's Jenjarom | Klinik Kesihatan Kebun Baru,https://haniproperties.com/images/unitpic/1storeyterracetamanbentaraEXP/pic1.jpg,"Hi Hani, I'm interested in the subsale unit at 1 Storey Terrace Taman Bentara, Telok Panglima Garang. Price: RM370000. Ref: EXP",28/3/2026,https://telegram.me/extremeproperty_listing/15923,,EXP,,
subsale,-,55,Cheras,Taman Maluri,M Vertica,,550000,550000,,2508,,3,2,850,,Service Residence,Leasehold,,,"Maluri MRT & LRT Station (630m, covered walkway) | Sunway Medical Centre Velocity | AEON Taman Maluri | Sunway Velocity Mall | SMK Seri Bintang Utara",https://haniproperties.com/images/unitpic/mverticaEXP/pic1.jpg,"Hi Hani, I'm interested in the subsale unit at M Vertica, Taman Maluri. Price: RM550000. Ref: EXP",13/5/2025,https://telegram.me/extremeproperty_listing/17425,,EXP,,
subsale,-,30,Ampang,Ukay Perdana,2 Storey Terrace Taman Sierra Ukay,,850000,850000,,3876,,4,3,1400,,Terrace,Leasehold,,,SMK Lembah Keramat (~2km) | Giant Bukit Antarabangsa (~1.5km) | Hentian Ukay Perdana (~1.4km),https://haniproperties.com/images/unitpic/2storeyterracetamansierraukayREG/pic1.jpg,"Hi Hani, I'm interested in the subsale unit at 2 Storey Terrace Taman Sierra Ukay, Ukay Perdana. Price: RM850000. Ref: REG",2/5/2025,https://telegram.me/ListingPropertyByRegera/4064,,REG,,
rental,-,65,Petaling Jaya / Damansara,PJS 10,Suriamas,Chinese Preferred,2500,Level 13 | Internet Available,-,-,2,4,2,1245,Fully Furnished,Condominium,-,-,-,BRT Mentari | KTM Setia Jaya | Sunway Pyramid | Sunway Medical Centre | Sunway University,/images/unitpic/suriamasMMN/pic1.jpg,"Hi Hani, I'm interested in the unit rental at Suriamas, PJS 10. Price: RM2500. Ref: MMN",25/9/2026,https://t.me/AniListings/4011,Dec-26,MMN,-,-
subsale,,45,Puchong,Puchong Lake View,The Wharf Puchong Lake View,,355000,355000,,1619,,3,2,1176,,Condominium,Leasehold,,,"Near IOI Mall, Aeon, Giant and Pusat Bandar Puchong",https://haniproperties.com/images/unitpic/thewharfpuchonglakeviewRSS/pic1.jpg,"Hi Hani, I'm interested in the subsale unit at The Wharf Puchong Lake View, Puchong Lake View. Price: RM355000. Ref: RSS",,https://telegram.me/rumahsubsaleklselangorbynuruls/595,,RSS,,
subsale,-,65,Subang Jaya,USJ 1,The Edge Residence,,350000,350000,,1596,,2,2,647,,Service Residence,Leasehold,,,near LRT USJ 7 Da Men Mall and major highways,https://haniproperties.com/images/unitpic/theedgeresidenceEXP/pic1.jpg,"Hi Hani, I'm interested in the subsale unit at The Edge Residence, USJ 1. Price: RM350000. Ref: EXP",,https://telegram.me/extremeproperty_listing/14454,,EXP,,
subsale,-,40,Ampang,Taman Putra Ampang,Taman Putra Ampang,,550000,550000,,2508,,4,3,1200,,Terrace,Leasehold,,,near Hospital Ampang and major highways MRR2 SUKE AKLEH,https://haniproperties.com/images/unitpic/tamanputraampangEXP/pic1.jpg,"Hi Hani, I'm interested in the subsale unit at Taman Putra Ampang, Taman Putra Ampang. Price: RM550000. Ref: EXP",,https://telegram.me/extremeproperty_listing/14530,,EXP,,
subsale,-,35,Klang,Pandamaran,Taman Pendamar Indah 2,,155000,155000,,707,,3,1,766,,Apartment,Freehold,,,"Giant Klang, GM Klang, Lotus's Bukit Tinggi",https://haniproperties.com/images/unitpic/tamanpendamarindah2EXP/pic1.jpg,"Hi Hani, I'm interested in the subsale unit at Taman Pendamar Indah 2, Pandamaran. Price: RM155000. Ref: EXP",,https://telegram.me/extremeproperty_listing/10640,,EXP,,
subsale,-,30,Kajang,Taman Harmoni,Taman Harmoni,,550000,550000,,2508,,4,3,1800,,Terrace,Freehold,,,near major highways and mature Kajang Semenyih amenities,https://haniproperties.com/images/unitpic/tamanharmoniEXP/pic1.jpg,"Hi Hani, I'm interested in the subsale unit at Taman Harmoni, Taman Harmoni. Price: RM550000. Ref: EXP",,https://telegram.me/extremeproperty_listing/14568,,EXP,,
subsale,-,35,Shah Alam,Seksyen 8,Jalan Susuh 8/16 Double Storey Terrace,Bumi Lot,680000,680000,,2896,,4,3,1400,-,Terrace,Leasehold,-,-,Pusat Komersial Seksyen 7 | UITM Seksyen 7 | Unisel Shah Alam | Federal Highway | NKVE Highway,https://haniproperties.com/images/unitpic/JalanSusuh8NIH/pic1.jpg,"Hi Hani, I'm interested in the subsale unit at Jalan Susuh 8/16 Double Storey Terrace, Seksyen 8. Price: RM680000. Ref: -",20/7/2026,https://t.me/norismaisahartanah/1547,-,NIH,-,
subsale,-,40,Kajang,Kampung Baru Sungai Makau,Residensi Anggerik Wira,,350000,350000,,1596,,3,2,1052,,Condominium,Freehold,,,Near SUKE and EKVE highway connectivity,https://haniproperties.com/images/unitpic/residensianggerikwiraEXP/pic1.jpg,"Hi Hani, I'm interested in the subsale unit at Residensi Anggerik Wira, Kampung Baru Sungai Makau. Price: RM350000. Ref: EXP",,https://telegram.me/extremeproperty_listing/14810,,EXP,,
subsale,-,55,Cyberjaya / Putrajaya,Cyberjaya,PRIMA Lakefront Homes,,335000,335000,,1528,,3,2,850,,Apartment,Freehold,,,"Near MMU, D'Pulze, Cyberjaya Hospital and major highways",https://haniproperties.com/images/unitpic/primalakefronthomesRSS/pic1.jpg,"Hi Hani, I'm interested in the subsale unit at PRIMA Lakefront Homes, Cyberjaya. Price: RM335000. Ref: RSS",,https://telegram.me/rumahsubsaleklselangorbynuruls/379,,RSS,,
subsale,-,45,Kuala Lumpur,Kampung Padang Tembak Semarak,Platinum Splendor Residensi Semarak,,590000,590000,,2690,,4,2,1184,,Condominium,Leasehold,,,Close to MRR2 DUKE Wangsa Maju amenities,https://haniproperties.com/images/unitpic/platinumsplendorresidensisemarakEXP/pic1.jpg,"Hi Hani, I'm interested in the subsale unit at Platinum Splendor Residensi Semarak, Kampung Padang Tembak Semarak. Price: RM590000. Ref: EXP",,https://telegram.me/extremeproperty_listing/14715,,EXP,,
subsale,-,40,Cyberjaya / Putrajaya,Perdana Lakeview East,Perdana Lakeview East Bungalow,,3100000,3200000,,18241,,6,6,2800,,Bungalow,Freehold,,,"Near lake, KLIA, international schools and Cyberjaya CBD with excellent highway access",https://haniproperties.com/images/unitpic/perdanalakevieweastbungalowEXP/pic1.jpg,"Hi Hani, I'm interested in the subsale unit at Perdana Lakeview East Bungalow, Perdana Lakeview East. Price: RM4000000. Ref: EXP",,https://telegram.me/extremeproperty_listing/12987,,EXP,,
subsale,-,45,Puchong,Puchong,Pangsapuri Sri Alpinia,,270000,270000,,1231,,3,2,780,,Apartment,Freehold,,,Family-ready mature area,https://haniproperties.com/images/unitpic/pangsapurisrialpiniaRSS/pic1.jpg,"Hi Hani, I'm interested in the subsale unit at Pangsapuri Sri Alpinia, Puchong. Price: RM270000. Ref: RSS",,https://telegram.me/rumahsubsaleklselangorbynuruls/801,,RSS,,
subsale,-,40,Cheras,Bandar Tasik Selatan,Pangsapuri Kos Rendah Bandar Tasik Selatan,,180000,180000,,821,,3,2,655,,Apartment,Leasehold,,,Near TBS & Bukit Jalil,https://haniproperties.com/images/unitpic/pangsapurikosrendahbandartasikselatanEXP/pic1.jpg,"Hi Hani, I'm interested in the subsale unit at Pangsapuri Kos Rendah Bandar Tasik Selatan, Bandar Tasik Selatan. Price: RM180000. Ref: EXP",,https://telegram.me/extremeproperty_listing/9310,,EXP,,
subsale,-,65,Subang Jaya,Bandar Sunway,Makmur Apartment,,250000,250000,,1140,,3,2,839,,Apartment,Leasehold,,,Walk to Sunway MRT Mentari & Sunway Pyramid,https://haniproperties.com/images/unitpic/makmurapartmentRSS/pic1.jpg,"Hi Hani, I'm interested in the subsale unit at Makmur Apartment, Bandar Sunway. Price: RM250000. Ref: RSS",,https://telegram.me/rumahsubsaleklselangorbynuruls/765,,RSS,,
subsale,-,40,Sentul,Sentul,M Centura Residence,,509000,509000,,2321,,4,2,1001,,Condominium,Freehold,,,Freehold Sentul 7km ke KLCC akses DUKE MRR2 Jalan Ipoh,https://haniproperties.com/images/unitpic/mcenturaresidenceEXP/pic1.jpg,"Hi Hani, I'm interested in the subsale unit at M Centura Residence, Sentul. Price: RM509000. Ref: EXP",,https://telegram.me/extremeproperty_listing/7689,,EXP,,
subsale,-,50,Sepang,Salak Tinggi,Desa Baiduri Murni,,390000,390000,,1778,,3,2,1400,,Terrace,Freehold,,,"Near KLIA, Mitsui Outlet Park, Xiamen University and ERL Salak Tinggi",/images/unitpic/desabaidurimurniRSS/pic1.jpg,"Hi Hani, I'm interested in the subsale unit at Desa Baiduri Murni, Salak Tinggi. Price: RM390000. Ref: RSS",,https://telegram.me/rumahsubsaleklselangorbynuruls/470,,RSS,,
subsale,-,30,Cheras,Bandar Sri Permaisuri,Cengal Condominium,,450000,450000,,2052,,3,2,927,,Condominium,Leasehold,,,"Bandar Sri Permaisuri (Near LRT Bandar Tun Razak, HUKM)",https://haniproperties.com/images/unitpic/cengalcondominiumEXP/pic1.jpg,"Hi Hani, I'm interested in the subsale unit at Cengal Condominium, Bandar Sri Permaisuri. Price: RM450000. Ref: EXP",,https://telegram.me/extremeproperty_listing/14839,,EXP,,
subsale,-,45,Kuala Lumpur,Jalan Imbi,Berjaya Times Square Service Suites,,1200000,1200000,,5472,,2,2,1070,,Condominium,Freehold,,,Jalan Imbi near Bukit Bintang & transit,https://haniproperties.com/images/unitpic/berjayatimessquareservicesuitesEXP/pic1.jpg,"Hi Hani, I'm interested in the subsale unit at Berjaya Times Square Service Suites, Jalan Imbi. Price: RM1200000. Ref: EXP",,https://telegram.me/extremeproperty_listing/14028,,EXP,,
subsale,-,50,Petaling Jaya / Damansara,Bandar Sunway,2 Storey Terrace PJS 10,,920000,920000,,4195,,3,3,1700,,Terrace,Leasehold,,,"Bandar Sunway (near Sunway Pyramid, Monash University, Sunway Medical Centre)",https://haniproperties.com/images/unitpic/2storeyterracepjs10EXP/pic1.jpg,"Hi Hani, I'm interested in the subsale unit at 2 Storey Terrace PJS 10, Bandar Sunway. Price: RM920000. Ref: EXP",,https://telegram.me/extremeproperty_listing/14915,,EXP,,
subsale,-,45,Petaling Jaya / Damansara,"Jalan Pekaka Kota Damansara,",2 Storey Bungalow Jalan Pekaka,,2650000,2650000,,12084,,5,6,5000,,Bungalow,Leasehold,,,"Near SEGi, Sri KDU & Thomson Hospital",https://haniproperties.com/images/unitpic/2storeybungalowjalanpekakaEXP/pic1.jpg,"Hi Hani, I'm interested in the subsale unit at 2 Storey Bungalow Jalan Pekaka, Jalan Pekaka Kota Damansara,. Price: RM2650000. Ref: EXP",,https://telegram.me/extremeproperty_listing/10066,,EXP,,
subsale,-,40,Shah Alam,Seksyen U9,2 Storey Terrace Sunway Kayangan,,635000,635000,,2896,,4,3,2300,,Terrace,Leasehold,,,SK Puncak Perdana (~500m) | UITM Puncak Perdana (~1km) | Masjid in-township (~500m) | Monterez Golf & Country Club (~500m) | Kedai runcit / shoplots Seksyen U9 (~1km),https://haniproperties.com/images/unitpic/2storeyterracesunwaykayanganEXP/pic1.jpg,"Hi Hani, I'm interested in the subsale unit at 2 Storey Terrace Sunway Kayangan, Seksyen U9. Price: RM635000. Ref: EXP",14/6/2026,https://telegram.me/extremeproperty_listing/16672,,EXP,,
subsale,-,60,Shah Alam,Setia Alam,KSL Blossom Square (Type B),,345789,345789,,1577,,2,1,650,,Serviced Apartment,Freehold,,,Setia City Mall | Tenby International School | Hospital Shah Alam,-,"Hi Hani, I'm interested in the subsale unit at KSL Blossom Square (Type B), Setia Alam. Price: RM345789. Ref: -",18/5/2026,New Launch — Freehold Serviced Apartment,,,,
subsale,-,50,Shah Alam,Setia Alam (Seksyen U13),Pangsapuri Sentosa 5,,230000,230000,,1049,,3,2,650,,Apartment (Low Cost),Freehold,,,SK & SMK Setia Alam | Setia City Mall | Surau dalam kawasan | Shoplot Setia Taipan 1 & 2 | Lotus's Setia Alam,https://haniproperties.com/images/unitpic/pangsapurisentosa5FRH/pic1.jpg,"Hi Hani, I'm interested in the subsale unit at Pangsapuri Sentosa 5, Setia Alam (Seksyen U13). Price: RM230000. Ref: FRH",17/5/2026,https://telegram.me/FirdausRahimHartanahListing/1818,,FRH,,
subsale,-,30,Shah Alam,"Seksyen 32, Kampung Bukit Naga",1 Storey Bungalow Kampung Bukit Naga,,600000,600000,,2736,,3,2,1600,,Terrace,Leasehold,,,Masjid Kampung Bukit Naga | SK Bukit Naga | Klinik Kesihatan Bukit Naga,https://haniproperties.com/images/unitpic/1storeybungalowkampungbukitnagaNZR/pic1.jpg,"Hi Hani, I'm interested in the subsale unit at 1 Storey Bungalow Kampung Bukit Naga, Seksyen 32, Kampung Bukit Naga. Price: RM600000. Ref: NZR",2/5/2025,https://telegram.me/ListingNorzuriati/1628,,NZR,,
subsale,-,35,Sungai Buloh,Sierramas West,Sierramas West,-,3260000,-,-,13885,-,4,5,5000,-,Bungalow,Freehold,-,-,One Utama Shopping Centre | Jaya Grocer | Ativo Plaza | IGB International School | ELC International School,https://haniproperties.com/images/unitpic/sierramaswestDPM/pic1.jpg,"Hi Hani, I'm interested in the subsale unit at Sierramas West, Sierramas West. Price: RM3260000. Ref: DPM",28/7/2026,https://t.me/DeePropmall/2696,-,DPM,-,
subsale,-,40,Klang,Meru,Taman Meru Makmur 3,Bumi Lot,615000,-,-,2619,-,-,-,2702,-,Semi D,Freehold,-,-,Terminal Bas Klang Sentral | Setia City Mall | Hospital Tengku Ampuan Rahimah | UITM Puncak Alam | Federal Highway,https://haniproperties.com/images/unitpic/tamanmerumakmur3EXP/pic1.jpg,"Hi Hani, I'm interested in the subsale unit at Taman Meru Makmur 3, Meru. Price: RM615000. Ref: EXP",29/7/2026,https://t.me/extremeproperty_listing/19936,-,EXP,-,
subsale,-,60,Shah Alam,Seksyen 16,Suria Jaya Apartment,,300000,300000,,1368,,2,2,550,,Apartment,Freehold,,,near UiTM Shah Alam KTM and Federal Highway,https://haniproperties.com/images/unitpic/suriajayaapartmentEXP/pic1.jpg,"Hi Hani, I'm interested in the subsale unit at Suria Jaya Apartment, Seksyen 16. Price: RM300000. Ref: EXP",,https://telegram.me/extremeproperty_listing/14437,,EXP,,
subsale,-,60,Shah Alam,i-City,i-Soho @ i-City,,290000,290000,,1322,,1,1,464,,Studio,Freehold,,,Jalan kaki ke Central i-City Mall dan LRT i-City,https://haniproperties.com/images/unitpic/isohoicityRSS/pic1.jpg,"Hi Hani, I'm interested in the subsale unit at i-Soho @ i-City, i-City. Price: RM290000. Ref: RSS",,https://telegram.me/rumahsubsaleklselangorbynuruls/483,,RSS,,
subsale,-,60,Shah Alam,Setia Alam,KSL Blossom Square (Type C1),,484560,484560,,2210,,3,2,900,,Serviced Apartment,Freehold,,,Setia City Mall | Tenby International School | Hospital Shah Alam,-,"Hi Hani, I'm interested in the subsale unit at KSL Blossom Square (Type C1), Setia Alam. Price: RM484560. Ref: -",18/5/2026,New Launch  Freehold Serviced Apartment,,,,
subsale,-,60,Shah Alam,Setia Alam,KSL Blossom Square (Type C),,484560,484560,,2210,,3,2,900,,Serviced Apartment,Freehold,,,Setia City Mall | Tenby International School | Hospital Shah Alam,-,"Hi Hani, I'm interested in the subsale unit at KSL Blossom Square (Type C), Setia Alam. Price: RM484560. Ref: -",18/5/2026,New Launch  Freehold Serviced Apartment,,,,
subsale,-,60,Kuala Lumpur,Desa Pandan,Residensi Pandanmas 2,-,375000,-,-,1597,2,3,2,900,-,Apartment,Leasehold,-,-,LRT Pandan Jaya | LRT Cempaka | Ampang Point | AEON Big Ampang | MRR2 Highway,https://haniproperties.com/images/unitpic/residensipandanmas2EXP/pic1.jpg,"Hi Hani, I'm interested in the subsale unit at Residensi Pandanmas 2, Desa Pandan. Price: RM375000. Ref: EXP",30/7/2026,https://t.me/extremeproperty_listing/20049,-,EXP,-,
subsale,-,50,Sentul,Blok 166,Flat Sri Pangkor,Bumiputera Only,160000,-,-,681,-,2,1,560,-,Flat,Leasehold,-,-,LRT Sentul Timur | KTM Sentul | KPJ Tawakkal Specialist Hospital | SK Sentul | DUKE Highway,https://haniproperties.com/images/unitpic/flatsripangkorEXP/pic1.jpg,"Hi Hani, I'm interested in the subsale unit at Flat Sri Pangkor, Blok 166. Price: RM160000. Ref: EXP",31/7/2026,https://t.me/extremeproperty_listing/11738,-,EXP,-,
subsale,-,55,Selayang,Gombak,Ayuman Suite,-,335000,-,-,1427,2,3,2,557,-,Service Residence,Freehold,-,-,LRT Gombak | Terminal Bersepadu Gombak | KL East Mall | Melawati Mall | SPE Expressway,https://haniproperties.com/images/unitpic/ayumansuiteEXP/pic1.jpg,"Hi Hani, I'm interested in the subsale unit at Ayuman Suite, Gombak. Price: RM335000. Ref: EXP",31/7/2026,https://t.me/extremeproperty_listing/20176,-,EXP,-,
subsale,-,45,Kajang,Bandar Bukit Mahkota,Residensi PR1MA Bandar Bukit Mahkota,-,298000,-,-,1269,2,4,2,1100,-,Service Residence,Freehold,-,-,IOI City Mall | Bangi Gateway | Klinik Kesihatan Bandar Seri Putra | UKM | UNITEN,https://haniproperties.com/images/unitpic/residensipr1mabandarbukitmahkotaEXP/pic1.jpg,"Hi Hani, I'm interested in the subsale unit at Residensi PR1MA Bandar Bukit Mahkota, Bandar Bukit Mahkota. Price: RM298000. Ref: EXP",2/8/2026,https://t.me/extremeproperty_listing/20284,-,EXP,-,
rental,-,50,Shah Alam,Setia Alam,Trefoil @ Setia City,-,1950,-,-,-,1,2,2,791,Partially Furnished,Service Residence,-,-,-,Setia City Mall | Lotus's Setia Alam | Institut Kesihatan Negara | Tenby Schools Setia Eco Park | NKVE Highway,https://haniproperties.com/images/unitpic/trefoilsetiacityFPR/pic1.jpg,"Hi Hani, I'm interested in the unit rental at Trefoil @ Setia City, Setia Alam. Price: RM1950. Ref: FPR",8/8/2026,https://t.me/fathurpropertyrental/28808,-,FPR,-,
subsale,-,50,Rawang,Kuang,Tasik Kundang,-,450000,-,-,1917,-,-,-,7911,-,Apartment,Freehold,-,-,Kuang KTM Station | AEON Mall Rawang | Selgate Rawang Hospital | SJK(C) Kundang | LATAR Highway,https://haniproperties.com/images/unitpic/tasikkundangEXP/pic1.jpg,"Hi Hani, I'm interested in the subsale unit at Tasik Kundang, Kuang. Price: RM450000. Ref: EXP",5/8/2026,https://t.me/extremeproperty_listing/20385,-,EXP,-,
subsale,-,60,Shah Alam,Taman Bukit Pelangi,Taman Bukit Pelangi Apartment,-,280000,-,-,1193,2,3,2,926,-,Apartment,Leasehold,-,-,Batu Tiga KTM Station | AEON | KPJ Selangor Specialist Hospital | MSU | Federal Highway,https://haniproperties.com/images/unitpic/tamanbukitpelangiapartmentCE/pic1.jpg,"Hi Hani, I'm interested in the subsale unit at Taman Bukit Pelangi Apartment, Taman Bukit Pelangi. Price: RM280000. Ref: CE",10/8/2026,https://t.me/CECextra/486,-,CE,-,
subsale,-,40,Kajang,Bukit Mahkota,Pangsapuri Nuri,Bumiputera Only,155000,-,-,660,-,3,2,650,-,Flat,Freehold,-,-,Lotus's Bandar Seri Putra | CS Supermarket | Klinik Kesihatan Bandar Seri Putra | UKM | PLUS Highway,https://haniproperties.com/images/unitpic/pangsapurinuriEXP/pic1.jpg,"Hi Hani, I'm interested in the subsale unit at Pangsapuri Nuri, Bukit Mahkota. Price: RM155000. Ref: EXP",5/8/2026,https://t.me/extremeproperty_listing/20440,-,EXP,-,
rental,-,60,Sungai Buloh,Valencia,Pangsapuri Danau Seri,-,1450,-,-,-,1,3,2,870,Fully Furnished,Flat,-,-,-,MRT Sungai Buloh | KTM Sungai Buloh | Hospital Sungai Buloh | SB Mall | PLUS Highway,https://haniproperties.com/images/unitpic/pangsapuridanauseriNS/pic1.jpg,"Hi Hani, I'm interested in the unit rental at Pangsapuri Danau Seri, Valencia. Price: RM1450. Ref: NS",6/8/2026,https://t.me/rumahsewajualbelikldanselangor/11943,Immediate,NS,-,
rental,-,60,Kepong,Desa Park North,VIM 3 @ Desa Park North,-,1400,-,-,-,1,2,1,480,Partially Furnished,Service Residence,-,-,-,MRT Metro Prima Station | AEON Metro Prima | Desa ParkCity | Kepong Metropolitan Park | DUKE Highway,https://haniproperties.com/images/unitpic/vim3desaparknorthADL/pic1.jpg,"Hi Hani, I'm interested in the unit rental at VIM 3 @ Desa Park North, Desa Park North. Price: RM1400. Ref: ADL",6/8/2026,https://t.me/adiblisting/9676,Immediate,ADL,-,
subsale,-,55,Ampang,Pandan Indah,Apartment Bunga Raya,-,250000,-,-,1150,-,3,1,667,-,Apartment,Leasehold,-,-,LRT Pandan Indah | Hospital Ampang | SK Pandan Indah | SMK Pandan Indah | MRR2,https://haniproperties.com/images/unitpic/apartmentbungarayaEXP/pic1.jpg,"Hi Hani, I'm interested in the subsale unit at Apartment Bunga Raya, Pandan Indah. Price: RM270000. Ref: EXP",7/8/2026,https://t.me/extremeproperty_listing/20551,-,EXP,-,
subsale,-,45,Kajang,Bangi Avenue,Residensi Adelia 4,-,350000,-,-,1491,2,3,3,1045,-,Service Residence,Freehold,-,-,KTM Bangi Station | Bangi Wonderland Theme Park | Lotus's Bandar Puteri Bangi | SK Bangi Lama | SMK Bukit Mahkota,https://haniproperties.com/images/unitpic/residensiadelia4EXP/pic1.jpg,"Hi Hani, I'm interested in the subsale unit at Residensi Adelia 4, Bangi Avenue. Price: RM350000. Ref: EXP",7/8/2026,https://t.me/extremeproperty_listing/20674,-,EXP,-,
subsale,-,65,Kuala Lumpur,"Seksyen 4, Wangsa Maju",Seksyen 4 Wangsa Maju Flat Block C,-,310000,-,-,1320,-,3,2,527,-,Flat,Leasehold,-,-,LRT Sri Rampai | Wangsa Walk Mall | AEON Mall Wangsa Maju | Columbia Asia Hospital Setapak | SK Wangsa Jaya,https://haniproperties.com/images/unitpic/seksyen4wangsamajuflatblockcEXP/pic1.jpg,"Hi Hani, I'm interested in the subsale unit at Seksyen 4 Wangsa Maju Flat Block C, Seksyen 4, Wangsa Maju. Price: RM310000. Ref: EXP",7/8/2026,https://t.me/extremeproperty_listing/20707,-,EXP,-,
subsale,-,25,Cheras,Pandan Perdana,Bukit Pandan 2 Condominium,-,650000,-,-,2769,2,4,3,2282,-,Condominium,Freehold,-,-,MRT Taman Pertama | Jaya Grocer | Klinik Hope Shamelin | MRR2 Highway | Sg Besi Expressway,https://haniproperties.com/images/unitpic/bukitpandan2condominiumEXP/pic1.jpg,"Hi Hani, I'm interested in the subsale unit at Bukit Pandan 2 Condominium, Pandan Perdana. Price: RM650000. Ref: EXP",8/8/2026,https://t.me/extremeproperty_listing/20728,-,EXP,-,
rental,-,70,Seri Kembangan,Taman Serdang Perdana,One South Park Condominium,-,1850,-,-,-,2,3,2,1021,Fully Furnished,Condominium,-,-,-,Serdang Raya Utara MRT Station | South City Plaza | The Mines Shopping | Universiti Putra Malaysia (UPM) | BESRAYA Highway,https://haniproperties.com/images/unitpic/onesouthparkcondominiumFPR/pic1.jpg,"Hi Hani, I'm interested in the unit rental at One South Park Condominium, Taman Serdang Perdana. Price: RM1850. Ref: FPR",8/8/2026,https://t.me/fathurpropertyrental/28798,-,FPR,-,
subsale,-,55,Shah Alam,Seksyen 13,Pangsapuri Perdana,-,260000,-,-,1107,-,3,2,850,-,Apartment,Leasehold,-,-,LRT Stadium Shah Alam | KTM Batu Tiga | AEON Mall Shah Alam | MSU | Federal Highway,https://haniproperties.com/images/unitpic/pangsapuriperdanaCE/pic1.jpg,"Hi Hani, I'm interested in the subsale unit at Pangsapuri Perdana, Seksyen 13. Price: RM260000. Ref: CE",10/8/2026,https://t.me/CECextra/616,-,CE,-,
rental,-,55,Shah Alam,Seksyen 22,V-Residensi 2,-,2000,-,-,-,2,3,3,1162,Fully Furnished,Service Residence,-,-,-,Batu Tiga KTM Station | Tesco Extra Shah Alam | Selangor Medical Centre | Sultan Salahuddin Abdul Aziz Shah Polytechnic | Federal Highway,https://haniproperties.com/images/unitpic/vresidensi2ADL/pic1.jpg,"Hi Hani, I'm interested in the unit rental at V-Residensi 2, Seksyen 22. Price: RM2000. Ref: ADL",17/8/2026,https://t.me/adiblisting/10345,Sep-26,ADL,-,
subsale,-,60,Sepang,Salak Tinggi,Dahlia Impiana Apartment,-,295000,-,-,1256,2,-,-,900,-,Apartment,Freehold,-,-,Salak Tinggi ERL Station | AEON Mall Nilai | Nilai Medical Centre | SK Taman Seroja | ELITE Highway,/images/unitpic/dahliaimpianaapartmentEXP/pic1.jpg,"Hi Hani, I'm interested in the subsale unit at Dahlia Impiana Apartment, Salak Tinggi. Price: RM295000. Ref: EXP",8/8/2026,https://t.me/extremeproperty_listing/20766,-,EXP,-,
rental,-,65,Subang Jaya,USJ 1,Riverdale @ USJ One Park,-,2000,Not Open for COA | Corner Unit | Mid Floor,-,-,2,3,3,1242,Partially Furnished,Condominium,-,-,-,Wawasan LRT Station | Summit USJ | Main Place Mall | Subang Jaya Medical Centre | Taylor's University,/images/unitpic/riverdaleusjoneparkMMN/pic1.jpg,"Hi Hani, I'm interested in the unit rental at Riverdale @ USJ One Park, USJ 1. Price: RM2000. Ref: MMN",25/9/2026,https://t.me/AniListings/4017,End October 2026,MMN,-,-
rental,-,65,Cyberjaya / Putrajaya,Cyberjaya,Lake Point Residence,-,3000,-,-,-,2,4,2,1141,Fully Furnished,Condominium,-,-,-,Cyberjaya City Centre MRT Station | D'Pulze Shopping Centre | Hospital Cyberjaya | Multimedia University (MMU) | MEX Highway,https://haniproperties.com/images/unitpic/lakepointresidenceFPR/pic1.jpg,"Hi Hani, I'm interested in the unit rental at Lake Point Residence, Cyberjaya. Price: RM3000. Ref: FPR",8/8/2026,https://t.me/fathurpropertyrental/28765,Sep-26,FPR,-,
rental,-,65,Ampang,Taman Putra Sulaiman,Ampang Putra Residency,-,2600,-,-,-,1,3,2,1290,Fully Furnished,Condominium,-,-,-,LRT Ampang | Ampang Point Mall | Galaxy Mall | KPJ Ampang Puteri Specialist Hospital | MRR2 Highway,https://haniproperties.com/images/unitpic/ampangputraresidencyEX/pic1.jpg,"Hi Hani, I'm interested in the unit rental at Ampang Putra Residency, Taman Putra Sulaiman. Price: RM2600. Ref: EX",17/8/2026,https://t.me/RumahSewaKLSlgrBelowRM2000/29438,Immediate,EX,-,
subsale,-,50,Semenyih,Taman Semenyih Mewah,Taman Semenyih Mewah,-,430000,-,-,1832,-,4,3,-,-,Terrace,Freehold,-,-,Kajang KTM Station | Mydin Mall | Ecohill Walk | University of Nottingham Malaysia | SILK Highway,https://haniproperties.com/images/unitpic/tamansemenyihmewahEXP/pic1.jpg,"Hi Hani, I'm interested in the subsale unit at Taman Semenyih Mewah, Taman Semenyih Mewah. Price: RM430000. Ref: EXP",17/8/2026,https://t.me/extremeproperty_listing/21046,-,EXP,-,
subsale,-,60,Setapak,Setapak Jaya,MH Platinum 2,-,360000,-,-,1533,1,3,2,692,-,Service Residence,Leasehold,-,-,LRT Wangsa Maju | Wangsa Walk Mall | Columbia Asia Medical Centre | TAR College | DUKE Highway,https://haniproperties.com/images/unitpic/mhplatinum2LSY/pic1.jpg,"Hi Hani, I'm interested in the subsale unit at MH Platinum 2, Setapak Jaya. Price: RM360000. Ref: LSY",17/8/2026,https://t.me/ListingSyazuanProperty/2908,-,LSY,-,
rental,-,45,Seri Kembangan,Taman Serdang Perdana,Shop Lot South City Plaza,-,3300,Intermediate Unit | Renovated Unit | Saloon Setup,-,-,Ground Floor,-,-,560,-,Commercial,-,-,-,MRT Serdang Raya Utara | The Mines Shopping | Universiti Putra Malaysia (UPM) | SEGI University College | PLUS Highway,https://haniproperties.com/images/unitpic/southcityplazaFPR/pic1.jpg,"Hi Hani, I'm interested in the unit rental at South City Plaza, Taman Serdang Perdana. Price: RM3300. Ref: FPR",18/8/2026,https://t.me/fathurpropertyrental/29058,Immediate,FPR,-,
rental,-,50,Selayang,Batu Caves,Apartment Sri Murni Fasa 2,-,1200,Level 16,-,-,-,3,2,827,-,Apartment,-,-,-,Batu Caves KTM Station | Selayang Mall | AEON Mall Metro Prima | Hospital Selayang | MRR2,https://haniproperties.com/images/unitpic/apartmentsrimurnifasa2ADL/pic1.jpg,"Hi Hani, I'm interested in the unit rental at Apartment Sri Murni Fasa 2, Batu Caves. Price: RM1200. Ref: ADL",18/8/2026,https://t.me/adiblisting/10407,Sep-26,ADL,-,
rental,-,65,Shah Alam,Seksyen 7,Kristal View,Students Preferred | Max 6 Pax,2100,High Floor | Covered Parking | Deposit 2+1+0.5,-,-,2,3,2,1100,Fully Furnished,Condominium,-,-,-,Seksyen 7 Shah Alam LRT Station | Central i-City Mall | Hospital Shah Alam | UiTM Shah Alam | Federal Highway,/images/unitpic/kristalviewMMN/pic1.jpg,"Hi Hani, I'm interested in the unit rental at Kristal View, Seksyen 7. Price: RM2100. Ref: MMN",28/9/2026,https://t.me/AniListings/4082,Immediate,MMN,-,-
rental,-,65,Petaling Jaya / Damansara,Kayu Ara,Pangsapuri Sri Ara (Vista Damansara),-,1000,Level 16 | Open Parking (not covered),-,-,-,3,2,750,Partially Furnished,Flat,-,-,-,Atria Shopping Mall | SPRINT Highway | British International School of Kuala Lumpur | Vista Eye Specialist The Curve | Village Grocer,https://haniproperties.com/images/unitpic/pangsapurisriaravistadamansaraADL/pic1.jpg,"Hi Hani, I'm interested in the unit rental at Pangsapuri Sri Ara (Vista Damansara), Kayu Ara. Price: RM1000. Ref: ADL",24/8/2026,https://t.me/adiblisting/10662,Immediate,ADL,-,
rental,-,60,Selayang,Pusat Bandar Utara Selayang,LakePark Residence @ KL North,-,1800,Medium Floor,-,-,2,3,2,975,Partially Furnished,Service Residence,-,-,-,Taman Wahyu KTM Station | Selayang Mall | Pasar Borong Selayang | Hospital Selayang | MRR2 Highway,https://haniproperties.com/images/unitpic/lakeparkresidenceklnorthNS/pic1.jpg,"Hi Hani, I'm interested in the unit rental at LakePark Residence @ KL North, Pusat Bandar Utara Selayang. Price: RM1800. Ref: NS",25/8/2026,https://t.me/rumahsewajualbelikldanselangor/12238,Immediate,NS,-,
subsale,-,40,Cheras,Bandar Damai Perdana,Bandar Damai Perdana 2-Storey Terrace,Non-Bumi Lot,630000,Land 20'x60' | Facing Other Houses | Well Maintained,-,2683,2,4,3,1400,-,Terrace,Freehold,-,-,Cheras LeisureMall | EkoCheras Mall | The Mines Shopping Mall | SMK Bandar Damai Perdana | SJK(C) Connaught 2,https://haniproperties.com/images/unitpic/bandardamaiperdana2storeyterraceEXP/pic1.jpg,"Hi Hani, I'm interested in the subsale unit at Bandar Damai Perdana 2-Storey Terrace, Bandar Damai Perdana. Price: RM630000. Ref: EXP",27/8/2026,https://t.me/extremeproperty_listing/21422,-,EXP,-,
rental,-,20,Kajang,Bangi Avenue,Residensi Adelia 3,-,2000,Price negotiable | Balcony,-,-,2,3,3,-,Fully Furnished,Condominium,-,-,-,KTM Bangi | Bangi Wonderland | Pasaraya CS | UKM | KPTM,https://haniproperties.com/images/unitpic/residensiadelia3-/pic1.jpg,"Hi Hani, I'm interested in the unit rental at Residensi Adelia 3, Bangi Avenue. Price: RM2000. Ref: -",31/8/2026,https://t.me/channellistingsolehah0108/553,-,-,-,
subsale,-,45,Puchong,Bandar Puteri Puchong,The Pulse Residence,,1260000,1260000,,5367,,5,3,1682,-,Condominium,Freehold,-,-,LRT Bandar Puteri Puchong,https://haniproperties.com/images/unitpic/thepulseresidenceDPM/pic1.jpg,"Hi Hani, I'm interested in the subsale unit at The Pulse Residence, Bandar Puteri Puchong. Price: RM1260000. Ref: DPM",3/7/2026,https://telegram.me/DeePropmall/2407,-,DPM,,
subsale,-,50,Seri Kembangan,Persiaran Lestari Perdana,Pangsapuri Sri Indah,,170000,170000,,724,,3,1,650,-,Flat,Leasehold,-,-,MRT Taman Equine | MRT Putra Permai | AEON Mall Taman Equine | Giant Seri Kembangan,https://haniproperties.com/images/unitpic/pangsapurisriindahDPM/pic1.jpg,"Hi Hani, I'm interested in the subsale unit at Pangsapuri Sri Indah, Persiaran Lestari Perdana. Price: RM170000. Ref: DPM",3/7/2026,https://telegram.me/DeePropmall/2491,-,DPM,,
subsale,-,60,Petaling Jaya / Damansara,Damansara Damai,The Zizz,,480000,480000,,2189,,3,2,990,,Condominium,Leasehold,,,"MRT Damansara Damai (~350m, walkable) | SK Desa Aman (~0.5km) | Masjid Damansara Damai (~0.8km) | NSK Trade City (~1km)",https://haniproperties.com/images/unitpic/thezizzEXP/pic1.jpg,"Hi Hani, I'm interested in the subsale unit at The Zizz, Damansara Damai. Price: RM480000. Ref: EXP",17/6/2026,https://telegram.me/extremeproperty_listing/18902,,EXP,,
subsale,-,60,Petaling Jaya / Damansara,Damansara,Pelangi Damansara,,240000,240000,,1094,,3,2,656,,Apartment,Leasehold,,,MRT Mutiara Damansara | Surau An Nur Pelangi Damansara | Pelangi Square / shoplots | SK Bandar Utama,https://haniproperties.com/images/unitpic/pelangidamansaraMMN/pic1.jpg,"Hi Hani, I'm interested in the subsale unit at Pelangi Damansara, Damansara. Price: RM240000. Ref: MMN",20/4/2026,https://telegram.me/HaniMNListingSubsale/498,,MMN,,Y
subsale,-,50,Kepong,Jalan Kepong,Unio Residence,,550000,550000,,2508,,2,2,866,,Condominium,Leasehold,,,"MRT Kepong (~350m, walkable) | SK Taman Kepong (~500m) | AEON Metro Prima (~1km) | Klinik Kesihatan Jinjang (~800m) | Surau (in-building)",https://haniproperties.com/images/unitpic/unioresidenceEXP/pic1.jpg,"Hi Hani, I'm interested in the subsale unit at Unio Residence, Jalan Kepong. Price: RM550000. Ref: EXP",14/6/2026,https://telegram.me/extremeproperty_listing/16594,,EXP,,
subsale,-,30,Puchong,Bandar Nusaputra,Semi-D Nusaputra,,1180000,1180000,,5381,,5,4,3200,,Semi D,Leasehold,,,"SK Putra Perdana 2 (~2km) | Hospital Putrajaya (~5km, short drive) | IOI Puchong Mall (~5km, short drive) | JUSCO/Giant Puchong (~5km) | Masjid in-township",https://haniproperties.com/images/unitpic/semidnusaputraEXP/pic1.jpg,"Hi Hani, I'm interested in the subsale unit at Semi-D Nusaputra, Bandar Nusaputra. Price: RM1180000. Ref: EXP",14/6/2026,https://telegram.me/extremeproperty_listing/16196,,EXP,,
subsale,-,35,Ampang,Taman Ukay Bestari,3 Storey Terrace Nassim Heights,,1250000,1250000,,5700,,4,4,2590,,Terrace,Leasehold,,,"KPJ Ampang Specialist Hospital (~3km, short drive) | Giant Superstore Ulu Kelang (~2km) | SK/SMK Ampang area (~1–2km) | Masjid Ukay Bistari in-township | AEON Wangsa Walk Mall (~5km, short drive)",https://haniproperties.com/images/unitpic/3storeyterracenassimheightsEXP/pic1.jpg,"Hi Hani, I'm interested in the subsale unit at 3 Storey Terrace Nassim Heights, Taman Ukay Bestari. Price: RM1250000. Ref: EXP",14/6/2026,https://telegram.me/extremeproperty_listing/16695,,EXP,,
subsale,-,40,Selayang,Taman Melati,3 Storey Bungalow Anjung Melati,,2300000,2300000,,10488,,4,9,4500,,Terrace,Freehold,,,"SMK Sungai Pusu (~8–12 min jalan kaki) | Columbia Asia Hospital (short drive) | Masjid Salahuddin Al-Ayubi (in-township) | KL East Mall (~5 min drive) | LRT Taman Melati (~2–3km, short drive)",https://haniproperties.com/images/unitpic/3storeybungalowanjungmelatiEXP/pic1.jpg,"Hi Hani, I'm interested in the subsale unit at 3 Storey Bungalow Anjung Melati, Taman Melati. Price: RM2300000. Ref: EXP",14/6/2026,https://telegram.me/extremeproperty_listing/16712,,EXP,,
subsale,-,35,Kuala Lumpur,Gombak,2.5 Storey Terrace Taman Desa Gemilang,,1290000,1290000,,5883,,5,6,6566,,Terrace,Leasehold (Bumi Lot + Rezab Melayu),,,LRT Gombak (~15min drive) | UIA Gombak (~10min drive) | SK Taman Desa Gemilang (~1km) | Surau Taman Desa Gemilang (on-site),https://haniproperties.com/images/unitpic/25storeyterracetamandesagemilangEXP/pic1.jpg,"Hi Hani, I'm interested in the subsale unit at 2.5 Storey Terrace Taman Desa Gemilang, Gombak. Price: RM1290000. Ref: EXP",10/6/2026,https://telegram.me/extremeproperty_listing/18419,,EXP,,
subsale,-,40,Ampang,Taman Putra Sulaiman,Ampang Putra Residency,,1650000,1650000,,7524,,4,5,2490,,Penthouse,Leasehold,,,Ampang Point Mall | Gleneagles Medical Centre / KPJ Ampang Puteri | Embassy Row / KLCC Corridor,https://haniproperties.com/images/unitpic/ampangputraresidencyEXP/pic1.jpg,"Hi Hani, I'm interested in the subsale unit at Ampang Putra Residency, Taman Putra Sulaiman. Price: RM1650000. Ref: EXP",8/6/2026,https://telegram.me/extremeproperty_listing/18218,,EXP,,
subsale,-,30,Klang,Kapar,2 Storey Terrace Taman Perepat Indah,,420000,420000,,1915,,4,3,1440,,Terrace,Leasehold,,,SK Sementa / SMK Kapar Indah | Masjid Kg Perepat | SpeedMart Kapar,https://haniproperties.com/images/unitpic/2storeyterracetamanperepatindahEXP/pic1.jpg,"Hi Hani, I'm interested in the subsale unit at 2 Storey Terrace Taman Perepat Indah, Kapar. Price: RM420000. Ref: EXP",8/6/2026,https://telegram.me/extremeproperty_listing/18129,,EXP,,
subsale,-,55,Nilai,Bukit Rasah,Pr1ma Seremban Sentral @ Seremban,,275000,275000,,1254,,3,2,1033,,Apartment,Freehold,,,KTM Seremban | Hospital Tuanku Jaafar | Seremban Prima Shopping Mall,https://haniproperties.com/images/unitpic/pr1maserembansentralserembanEXP/pic1.jpg,"Hi Hani, I'm interested in the subsale unit at Pr1ma Seremban Sentral @ Seremban, Bukit Rasah. Price: RM275000. Ref: EXP",25/5/2026,https://telegram.me/extremeproperty_listing/17944,,EXP,,
subsale,-,40,Kajang,Serene Heights,2 Storey Terrace Verna Serene Heights,,730000,730000,,3329,,5,4,2185,,Terrace,Freehold,,,UKM | University of Nottingham Malaysia | KTM Komuter UKM,https://haniproperties.com/images/unitpic/2storeyterracevernasereneheightsEXP/pic1.jpg,"Hi Hani, I'm interested in the subsale unit at 2 Storey Terrace Verna Serene Heights, Serene Heights. Price: RM730000. Ref: EXP",25/5/2026,https://telegram.me/extremeproperty_listing/17805,,EXP,,
subsale,-,50,Ampang,Kampung Berembang,Arte Plus,,550000,550000,,2508,,3,2,1056,,Condominium,Leasehold,,,LRT Dato' Keramat (~2km) | Gleneagles KL | KPJ Ampang Puteri | Village Grocer / Ampang Point | Sayfol International School | Great Eastern Mall,https://haniproperties.com/images/unitpic/arteplusEXP/pic1.jpg,"Hi Hani, I'm interested in the subsale unit at Arte Plus, Kampung Berembang. Price: RM550000. Ref: EXP",18/5/2026,https://telegram.me/extremeproperty_listing/17557,,EXP,,
subsale,-,35,Klang,"Kota Bayuemas, Klang South",Ashino @ Gravit8,,590000,590000,,2690,,3,2,1239,,Condominium,Freehold,,,"GM Klang Wholesale City | AEON Mall Bukit Tinggi | LRT3 Bandar Bukit Tinggi Station (SA24, upcoming)",https://haniproperties.com/images/unitpic/ashinogravit8EXP/pic1.jpg,"Hi Hani, I'm interested in the subsale unit at Ashino @ Gravit8, Kota Bayuemas, Klang South. Price: RM590000. Ref: EXP",13/5/2026,https://telegram.me/extremeproperty_listing/17437,,EXP,,
subsale,,35,Sepang,Jenderam Hilir,1 Storey Terrace Taman Jenderam Lestari,,430000,430000,,1961,,3,2,1040,,Terrace,Freehold (Malay Reserved),,,SK Jenderam Hilir | Masjid As-Syakirin | Klinik Kesihatan Dengkil,/images/unitpic/1storeyterracetamanjenderamlestariRSS/pic1.jpg,"Hi Hani, I'm interested in the subsale unit at 1 Storey Terrace Taman Jenderam Lestari, Jenderam Hilir. Price: RM430000. Ref: RSS",13/5/2026,https://telegram.me/rumahsubsaleklselangorbynuruls/1207,,RSS,,
subsale,-,35,Kajang,Taman Impian Putra / Bandar Seri Putra,Vesta View Apartment,,285000,285000,,1300,,3,3,1044,,Apartment,Freehold,,,SMK Bandar Seri Putra | Masjid Bandar Seri Putra | Pusat Perniagaan Bandar Seri Putra (shoplots / retail),https://haniproperties.com/images/unitpic/vestaviewapartmentRSS/pic1.jpg,"Hi Hani, I'm interested in the subsale unit at Vesta View Apartment, Taman Impian Putra / Bandar Seri Putra. Price: RM285000. Ref: RSS",20/4/2026,https://telegram.me/rumahsubsaleklselangorbynuruls/1138,,RSS,,
subsale,-,40,Cyberjaya / Putrajaya,IOI Resort City,Conezion Residence,,600000,600000,,2736,,3,2,997,,Condominium,Leasehold,,,IOI City Mall | Hospital Serdang | UNITEN (Universiti Tenaga Nasional),https://haniproperties.com/images/unitpic/conezionresidenceEXP/pic1.jpg,"Hi Hani, I'm interested in the subsale unit at Conezion Residence, IOI Resort City. Price: RM600000. Ref: EXP",20/4/2026,https://telegram.me/extremeproperty_listing/16581,,EXP,,
subsale,-,40,Puchong,Putra Perdana,Apartment Teratai,,145000,145000,,661,,3,2,751,,Apartment,Leasehold,,,Putra Perdana Shoplots (daily retail + food) | SK Putra Perdana (family demand) | Klinik Kesihatan Putra Perdana (essential service anchor),https://haniproperties.com/images/unitpic/apartmentterataiRSS/pic1.jpg,"Hi Hani, I'm interested in the subsale unit at Apartment Teratai, Putra Perdana. Price: RM145000. Ref: RSS",10/4/2026,https://telegram.me/rumahsubsaleklselangorbynuruls/1067,,RSS,,
subsale,-,35,Cheras,Cheras,Taman Bukit Teratai,,640000,640000,,2919,,4,3,1500,,Townhouse,Leasehold,,,SK Taman Teratai | Klinik Kesihatan Ampang | Paragon Point Shopping Centre | AEON Big Ampang | Bukit Ampang Recreational Area,https://haniproperties.com/images/unitpic/tamanbukitterataiEXP/pic1.jpg,"Hi Hani, I'm interested in the subsale unit at Taman Bukit Teratai, Cheras. Price: RM640000. Ref: EXP",18/3/2026,https://telegram.me/extremeproperty_listing/15745,,EXP,,
subsale,-,35,Rawang,"Peridot Precinct, Kota Emerald East",Residential Land Kota Emerald East,,650000,650000,,2964,,,,5998,,Residential Land,Freehold,,,AEON Rawang (~10 min) | KTM Rawang Station (~5 min drive) | SK/SMK Taman Desa (confirmed nearby) | Straits International School Rawang,https://haniproperties.com/images/unitpic/residentiallandkotaemeraldeastEXP/pic1.jpg,"Hi Hani, I'm interested in the subsale unit at Residential Land Kota Emerald East, Peridot Precinct, Kota Emerald East. Price: RM650000. Ref: EXP",8/5/2025,https://telegram.me/extremeproperty_listing/17371,,EXP,,
subsale,-,45,Seri Kembangan,Seri Kembangan,Villa Pavilion,,299999,299999,,1368,,3,2,937,,Apartment,Freehold,,,"Near MRT Serdang Raya Utara, MRT Bukit Jalil and major KL access",https://haniproperties.com/images/unitpic/villapavilionRSS/pic1.jpg,"Hi Hani, I'm interested in the subsale unit at Villa Pavilion, Seri Kembangan. Price: RM299999. Ref: RSS",,https://telegram.me/rumahsubsaleklselangorbynuruls/530,,RSS,,
subsale,-,45,Ampang,Ampang,Tiara Duta Condominium,,365000,365000,,1664,,3,2,998,,Condominium,Leasehold,,,Leasehold 81 tahun near SUKE/DUKE/MRR2,https://haniproperties.com/images/unitpic/tiaradutacondominiumEXP/pic1.jpg,"Hi Hani, I'm interested in the subsale unit at Tiara Duta Condominium, Ampang. Price: RM365000. Ref: EXP",,https://telegram.me/extremeproperty_listing/11288,,EXP,,
subsale,-,50,Ampang,Ampang,Tiara Duta Condominium,,380000,380000,,1733,,3,2,1001,,Condominium,Leasehold,,,"Ampang Point, KPJ Ampang Puteri, SUKE Highway",https://haniproperties.com/images/unitpic/tiaradutacondominiumEXP/pic1.jpg,"Hi Hani, I'm interested in the subsale unit at Tiara Duta Condominium, Ampang. Price: RM380000. Ref: EXP",,https://telegram.me/extremeproperty_listing/9072,,EXP,,
subsale,-,30,Kajang,Mukim Ulu Langat / Sungai Lui,Tanah Sungai Lui,,2100000,2100000,,9576,,,,,,Agricultural Land,Freehold,,,Freehold Malay Reserve tanah pertanian dengan akses baik,https://haniproperties.com/images/unitpic/tanahsungailuiEXP/pic1.jpg,"Hi Hani, I'm interested in the subsale unit at Tanah Sungai Lui, Mukim Ulu Langat / Sungai Lui. Price: RM2100000. Ref: EXP",,https://telegram.me/extremeproperty_listing/11668,,EXP,,
subsale,-,35,Sungai Buloh,Kuang,Tanah Durian Kuang,,550000,550000,,2508,,,,,,Agricultural Land,Freehold,,,2 km ke KTM Kuang & dekat Gamuda Gardens,https://haniproperties.com/images/unitpic/tanahduriankuangRSS/pic1.jpg,"Hi Hani, I'm interested in the subsale unit at Tanah Durian Kuang, Kuang. Price: RM550000. Ref: RSS",,https://telegram.me/rumahsubsaleklselangorbynuruls/755,,RSS,,
subsale,-,35,Kajang,Bandar Tasik Kesuma,Tanah Banglo Bandar Tasik Kesuma,,360000,360000,,1642,,,,,,Residential Land,Freehold,,,Bandar Tasik Kesuma (kawasan matang),https://haniproperties.com/images/unitpic/tanahbanglobandartasikkesumaRSS/pic1.jpg,"Hi Hani, I'm interested in the subsale unit at Tanah Banglo Bandar Tasik Kesuma, Bandar Tasik Kesuma. Price: RM360000. Ref: RSS",,https://telegram.me/rumahsubsaleklselangorbynuruls/826,,RSS,,
subsale,-,40,Sepang,Taman Ikhlas Jenjarom,Taman Ikhlas,,435000,435000,,1984,,4,2,972,,Terrace,Freehold,,,Freehold MR Jenjarom dekat Lotus Econsave Quayside Mall,/images/unitpic/tamanikhlasEXP/pic1.jpg,"Hi Hani, I'm interested in the subsale unit at Taman Ikhlas, Taman Ikhlas Jenjarom. Price: RM435000. Ref: EXP",,https://telegram.me/extremeproperty_listing/7475,,EXP,,
subsale,-,40,Kajang,Sungai Lui,Sungai Lui,,850000,850000,,3876,,,,65340,,Agricultural Land,Freehold,,,Freehold Malay Reserved river-fronted land Hulu Langat,https://haniproperties.com/images/unitpic/sungailuiEXP/pic1.jpg,"Hi Hani, I'm interested in the subsale unit at Sungai Lui, Sungai Lui. Price: RM850000. Ref: EXP",,https://telegram.me/extremeproperty_listing/11119,,EXP,,
subsale,-,40,Cheras,Bandar Sri Permaisuri,Suasana Lumayan Condominium Penthouse,,1250000,1250000,,5700,,5,3,3542,,Penthouse,Leasehold,,,Near KL City Centre | LRT/MRT/KTM connectivity,https://haniproperties.com/images/unitpic/suasanalumayancondominiumpenthouseEXP/pic1.jpg,"Hi Hani, I'm interested in the subsale unit at Suasana Lumayan Condominium Penthouse, Bandar Sri Permaisuri. Price: RM1250000. Ref: EXP",,https://telegram.me/extremeproperty_listing/7887,,EXP,,
subsale,-,50,Seri Kembangan,Taman Serdang Perdana,South City Apartment,,266000,266000,,1213,,3,2,1046,,Apartment,Leasehold,,,"South City Plaza, MRT Serdang, KTM Serdang",https://haniproperties.com/images/unitpic/southcityapartmentEXP/pic1.jpg,"Hi Hani, I'm interested in the subsale unit at South City Apartment, Taman Serdang Perdana. Price: RM266000. Ref: EXP",,https://telegram.me/extremeproperty_listing/9604,,EXP,,
subsale,-,45,Ampang,Taman Kosas,Shop Apartment Taman Kosas,,190000,190000,,866,,3,2,850,,Shop Apartment,Leasehold,,,"LRT Ampang, Galaxy Ampang Mall",https://haniproperties.com/images/unitpic/shopapartmenttamankosasEXP/pic1.jpg,"Hi Hani, I'm interested in the subsale unit at Shop Apartment Taman Kosas, Taman Kosas. Price: RM190000. Ref: EXP",,https://telegram.me/extremeproperty_listing/9616,,EXP,,
subsale,-,50,Setapak,Seksyen 10 Wangsa Maju,Seasons Garden Residences,,430000,430000,,1961,,3,2,900,,Condominium,Leasehold,,,Near LRT Sri Rampai + RapidKL bus at doorstep,https://haniproperties.com/images/unitpic/seasonsgardenresidencesEXP/pic1.jpg,"Hi Hani, I'm interested in the subsale unit at Seasons Garden Residences, Seksyen 10 Wangsa Maju. Price: RM430000. Ref: EXP",,https://telegram.me/extremeproperty_listing/14061,,EXP,,
subsale,-,40,Ampang,Taman Muda,Riviera Apartment Ampang,,230000,230000,,1049,,3,2,1050,,Apartment,Leasehold,,,Mature Township (Ampang),https://haniproperties.com/images/unitpic/rivieraapartmentampangEXP/pic1.jpg,"Hi Hani, I'm interested in the subsale unit at Riviera Apartment Ampang, Taman Muda. Price: RM230000. Ref: EXP",,https://telegram.me/extremeproperty_listing/13519,,EXP,,
subsale,-,55,Kuala Lumpur,Taman Ikan Emas,Putra Suria Residence,,330000,330000,,1505,,3,2,748,,Apartment,Leasehold,,,"Taman Ikan Emas (Near MRT Taman Midah, LRT Maluri)",https://haniproperties.com/images/unitpic/putrasuriaresidenceEXP/pic1.jpg,"Hi Hani, I'm interested in the subsale unit at Putra Suria Residence, Taman Ikan Emas. Price: RM330000. Ref: EXP",,https://telegram.me/extremeproperty_listing/14846,,EXP,,
subsale,-,45,Ampang,Jalan Taman Putera,Puteri Court Condominium,,380000,380000,,1733,,4,2,1200,,Condominium,Leasehold,,,Near Hospital Ampang; quick access SUKE,https://haniproperties.com/images/unitpic/putericourtcondominiumEXP/pic1.jpg,"Hi Hani, I'm interested in the subsale unit at Puteri Court Condominium, Jalan Taman Putera. Price: RM380000. Ref: EXP",,https://telegram.me/extremeproperty_listing/13624,,EXP,,
subsale,-,55,Cheras,PGRM,Plaza Grand Regency,,350000,350000,,1596,,1,1,566,,Studio,Leasehold,,,Walk to LRT/MRT Maluri,https://haniproperties.com/images/unitpic/plazagrandregencyEXP/pic1.jpg,"Hi Hani, I'm interested in the subsale unit at Plaza Grand Regency, PGRM. Price: RM350000. Ref: EXP",,https://telegram.me/extremeproperty_listing/10050,,EXP,,
subsale,-,45,Setapak,Setapak,Platinum Lake PV 10 Condominium,,470000,470000,,2143,,4,2,1272,,Condominium,Leasehold,,,Leasehold 2106 near AEON Big Setapak Central Columbia Asia,https://haniproperties.com/images/unitpic/platinumlakepv10condominiumEXP/pic1.jpg,"Hi Hani, I'm interested in the subsale unit at Platinum Lake PV 10 Condominium, Setapak. Price: RM470000. Ref: EXP",,https://telegram.me/extremeproperty_listing/10422,,EXP,,
subsale,-,40,Petaling Jaya / Damansara,Damansara Damai,Park Avenue Damansara Damai,,880000,880000,,4013,,,,2715,,Shop Unit,Leasehold,,,Leasehold master title tingkat 1 kawasan high-footfall,https://haniproperties.com/images/unitpic/parkavenuedamansaradamaiEXP/pic1.jpg,"Hi Hani, I'm interested in the subsale unit at Park Avenue Damansara Damai, Damansara Damai. Price: RM880000. Ref: EXP",,https://telegram.me/extremeproperty_listing/10979,,EXP,,
subsale,-,50,Ampang,Ampang,Pangsapuri Berembang Indah,,227000,227000,,1035,,3,2,650,,Apartment,Leasehold,,,"Near Ampang Point, Great Eastern Mall, Gleneagles and KLCC",https://haniproperties.com/images/unitpic/pangsapuriberembangindahRSS/pic1.jpg,"Hi Hani, I'm interested in the subsale unit at Pangsapuri Berembang Indah, Ampang. Price: RM227000. Ref: RSS",,https://telegram.me/rumahsubsaleklselangorbynuruls/553,,RSS,,
subsale,-,60,Kuala Lumpur,Ampang Hilir,Neu Suites @ Ampang,,360000,360000,,1642,,2,1,430,,Apartment,Leasehold,,,"Ampang Hilir (Near LRT Jelatek, Gleneagles KL)",https://haniproperties.com/images/unitpic/neusuitesampangEXP/pic1.jpg,"Hi Hani, I'm interested in the subsale unit at Neu Suites @ Ampang, Ampang Hilir. Price: RM360000. Ref: EXP",,https://telegram.me/extremeproperty_listing/14851,,EXP,,
subsale,-,50,Cheras,Bandar Sri Permaisuri,Laman Tasik Condominium,,480000,480000,,2189,,4,3,1281,,Condominium,Leasehold,,,LRT Salak South | UKM Hospital,https://haniproperties.com/images/unitpic/lamantasikcondominiumEXP/pic1.jpg,"Hi Hani, I'm interested in the subsale unit at Laman Tasik Condominium, Bandar Sri Permaisuri. Price: RM480000. Ref: EXP",,https://telegram.me/extremeproperty_listing/8154,,EXP,,
subsale,-,50,Kuala Lumpur,Setiawangsa,Kaleidoscope Setiawangsa Residensi,,900000,900000,,4104,,3,2,1257,,Condominium,Leasehold,,,Setiawangsa near LRT & KL city fringe,https://haniproperties.com/images/unitpic/kaleidoscopesetiawangsaresidensiEXP/pic1.jpg,"Hi Hani, I'm interested in the subsale unit at Kaleidoscope Setiawangsa Residensi, Setiawangsa. Price: RM900000. Ref: EXP",,https://telegram.me/extremeproperty_listing/14013,,EXP,,
subsale,-,40,Kajang,Eco Majestic,Harmoni Eco Majestic,,280000,280000,,1277,,3,2,900,,Apartment,Freehold,,,"Eco Majestic Township, Ecohill Walk",https://haniproperties.com/images/unitpic/harmoniecomajesticRSS/pic1.jpg,"Hi Hani, I'm interested in the subsale unit at Harmoni Eco Majestic, Eco Majestic. Price: RM280000. Ref: RSS",,https://telegram.me/rumahsubsaleklselangorbynuruls/241,,RSS,,
subsale,-,60,Petaling Jaya / Damansara,Damansara Perdana,Flora Damansara,Bumi Lot,280000,Block E Level 16 | Renovated (3 extra bedrooms added) | Fully Tenanted Room-by-Room RM2090/month | Covered Parking | Market Value RM360k (Bank) / RM380k (LPPSA),-,1193,1,6,2,850,-,Apartment,Leasehold,-,-,MRT Mutiara Damansara | The Curve | IKEA Damansara | Empire City Shopping Mall | LDP Highway,/images/unitpic/floradamansaraZYP/pic1.jpg,"Hi Hani, I'm interested in the subsale unit at Flora Damansara, Damansara Perdana. Price: RM280000. Ref: ZYP",7/10/2026,https://telegram.me/zikriyussofperundinghartanah/1006,-,ZYP,(B),-
subsale,-,55,Ampang,Taman Nirwana,Flat Taman Nirwana,,170000,170000,,775,,2,1,600,,Flat,Leasehold,,,LRT walking distance,https://haniproperties.com/images/unitpic/flattamannirwanaEXP/pic1.jpg,"Hi Hani, I'm interested in the subsale unit at Flat Taman Nirwana, Taman Nirwana. Price: RM170000. Ref: EXP",,https://telegram.me/extremeproperty_listing/11700,,EXP,,
subsale,-,50,Ampang,Taman Dato Ahmad Razali,Flat Taman Dato Ahmad Razali,,160000,160000,,730,,2,1,519,,Flat,Leasehold,,,"Ampang Point, LRT Ampang, KPJ Ampang Puteri",https://haniproperties.com/images/unitpic/flattamandatoahmadrazaliEXP/pic1.jpg,"Hi Hani, I'm interested in the subsale unit at Flat Taman Dato Ahmad Razali, Taman Dato Ahmad Razali. Price: RM160000. Ref: EXP",,https://telegram.me/extremeproperty_listing/10225,,EXP,,
subsale,-,40,Kajang,Semenyih,Emerald Diamond Townhouse,,550000,550000,,2508,,3,2,1390,,Townhouse,Freehold,,,Gated & Guarded; near EcoHill Walk Mall & LEKAS,https://haniproperties.com/images/unitpic/emeralddiamondtownhouseEXP/pic1.jpg,"Hi Hani, I'm interested in the subsale unit at Emerald Diamond Townhouse, Semenyih. Price: RM550000. Ref: EXP",,https://telegram.me/extremeproperty_listing/13499,,EXP,,
subsale,-,65,Cheras,Bandar Tun Hussein Onn,D'Puncak Suasana Apartment,,340000,340000,,1550,,3,2,1000,,Apartment,Freehold,,,Freehold walk-up near MRT BTHO/AEON/C180,https://haniproperties.com/images/unitpic/dpuncaksuasanaapartmentEXP/pic1.jpg,"Hi Hani, I'm interested in the subsale unit at D'Puncak Suasana Apartment, Bandar Tun Hussein Onn. Price: RM340000. Ref: EXP",,https://telegram.me/extremeproperty_listing/4244,,EXP,,
subsale,-,50,Seri Kembangan,Bukit Belimbing,Double Storey Terrace Taman Bukit Belimbing,,475000,475000,,2166,,4,3,1800,,Terrace,Freehold,,,Bukit Belimbing near Balakong commercial hub with SILK SKVE PLUS access,https://haniproperties.com/images/unitpic/doublestoreyterracetamanbukitbelimbingEXP/pic1.jpg,"Hi Hani, I'm interested in the subsale unit at Double Storey Terrace Taman Bukit Belimbing, Bukit Belimbing. Price: RM475000. Ref: EXP",,https://telegram.me/extremeproperty_listing/15394,,EXP,,
subsale,-,55,Cheras,Bandar Tun Hussein Onn,Double Storey Terrace,,750000,750000,,3420,,4,3,1650,,Terrace,Freehold,,,"MRT Bandar Tun Hussein Onn, AEON Mall Cheras Selatan, Columbia Asia Cheras",https://haniproperties.com/images/unitpic/doublestoreyterraceEXP/pic1.jpg,"Hi Hani, I'm interested in the subsale unit at Double Storey Terrace, Bandar Tun Hussein Onn. Price: RM750000. Ref: EXP",,https://telegram.me/extremeproperty_listing/10608,,EXP,,
subsale,-,30,Kajang,Bandar Rinching Seksyen 6,Double Storey Corner Lot Seksyen 6,,620000,620000,,2827,,4,4,2000,,Terrace,Freehold,,,Near Bangi–Kajang growth corridor,https://haniproperties.com/images/unitpic/doublestoreycornerlotseksyen6EXP/pic1.jpg,"Hi Hani, I'm interested in the subsale unit at Double Storey Corner Lot Seksyen 6, Bandar Rinching Seksyen 6. Price: RM620000. Ref: EXP",,https://telegram.me/extremeproperty_listing/11707,,EXP,,
subsale,-,45,Kajang,Bangi,DeCentrum SOHO Duplex,,385000,385000,,1756,,1,2,768,,Service Residence,Freehold,,,"Near DeCentrum Mall, UKM",https://haniproperties.com/images/unitpic/decentrumsohoduplexEXP/pic1.jpg,"Hi Hani, I'm interested in the subsale unit at DeCentrum SOHO Duplex, Bangi. Price: RM385000. Ref: EXP",,https://telegram.me/extremeproperty_listing/7674,,EXP,,
subsale,-,50,Ampang,Taman Bukit Indah,Crystal Tower Condominium,,359000,359000,,1637,,3,2,897,,Condominium,Leasehold,,,"Ampang Point, KPJ Ampang Puteri, Spectrum Mall",https://haniproperties.com/images/unitpic/crystaltowercondominiumEXP/pic1.jpg,"Hi Hani, I'm interested in the subsale unit at Crystal Tower Condominium, Taman Bukit Indah. Price: RM359000. Ref: EXP",,https://telegram.me/extremeproperty_listing/10504,,EXP,,
subsale,-,50,Ampang,Taman Nirwana,City Garden Orchid Court Condominium,,398000,398000,,1815,,3,2,1076,,Condominium,Leasehold,,,Leasehold bumi lot near LRT Cahaya/Cempaka & SUKE/AKLEH,https://haniproperties.com/images/unitpic/citygardenorchidcourtcondominiumEXP/pic1.jpg,"Hi Hani, I'm interested in the subsale unit at City Garden Orchid Court Condominium, Taman Nirwana. Price: RM398000. Ref: EXP",,https://telegram.me/extremeproperty_listing/11362,,EXP,,
subsale,-,45,Bandar Saujana Putra,Bandar Saujana Putra,BSP 21,,265000,265000,,1208,,1,1,610,,Service Residence,Leasehold,,,"BSP Mall, LRT Putra Heights",https://haniproperties.com/images/unitpic/bsp21RSS/pic1.jpg,"Hi Hani, I'm interested in the subsale unit at BSP 21, Bandar Saujana Putra. Price: RM265000. Ref: RSS",,https://telegram.me/rumahsubsaleklselangorbynuruls/269,,RSS,,
subsale,-,45,Cheras,Cheras,Bintang Mas Condominium,,470000,470000,,2143,,4,2,1307,,Condominium,Leasehold,,,"Near AEON Maluri, Velocity, MyTown and NSK",https://haniproperties.com/images/unitpic/bintangmascondominiumEXP/pic1.jpg,"Hi Hani, I'm interested in the subsale unit at Bintang Mas Condominium, Cheras. Price: RM470000. Ref: EXP",,https://telegram.me/extremeproperty_listing/12797,,EXP,,
subsale,-,60,Petaling Jaya / Damansara,Tropicana,Bayu Puteri Apartment,,350000,350000,,1596,,3,2,850,,Apartment,Leasehold,,,Leasehold strata near MRT Surian/BU & major malls,https://haniproperties.com/images/unitpic/bayuputeriapartmentEXP/pic1.jpg,"Hi Hani, I'm interested in the subsale unit at Bayu Puteri Apartment, Tropicana. Price: RM350000. Ref: EXP",,https://telegram.me/extremeproperty_listing/11214,,EXP,,
rental,-,40,Kajang,Bandar Baru Bangi,Bandar Baru Bangi 2-Storey Semi-Detached,,2500,,,,,4,4,3000,Partially Furnished,Semi D,,,,PLUS Highway | SILK Expressway | SKVE Expressway | LEKAS Expressway | MRT Kajang | KTM Kajang,https://haniproperties.com/images/unitpic/bandarbarubangi2storeysemidetachedEX/pic1.jpg,"Hi Hani, I'm interested in the unit rental at Bandar Baru Bangi 2-Storey Semi-Detached, Bandar Baru Bangi. Price: RM2500. Ref: EX",,https://telegram.me/RumahSewaKLSlgrBelowRM2000/26939,Immediate,EX,,
subsale,-,55,Kuala Lumpur,Desa Pandan,Baiduri Apartment,,410000,410000,,1870,,3,2,950,,Apartment,Leasehold,,,"Stesen LRT Jelatek, KLCC, Taman Tasik Ampang Hilir",https://haniproperties.com/images/unitpic/baiduriapartmentEXP/pic1.jpg,"Hi Hani, I'm interested in the subsale unit at Baiduri Apartment, Desa Pandan. Price: RM410000. Ref: EXP",,https://telegram.me/extremeproperty_listing/7840,,EXP,,
subsale,-,50,Puchong,Bandar Puteri 7,Aseana Puteri Condominium,,509000,509000,,2321,,3,2,1185,,Condominium,Freehold,,,Near IOI Mall & LRT,https://haniproperties.com/images/unitpic/aseanaputericondominiumEXP/pic1.jpg,"Hi Hani, I'm interested in the subsale unit at Aseana Puteri Condominium, Bandar Puteri 7. Price: RM509000. Ref: EXP",,https://telegram.me/extremeproperty_listing/8704,,EXP,,
subsale,-,45,Kajang,Kajang,Apartment Kelisa Ria,,160000,160000,,730,,3,1,800,,Apartment,Leasehold,,,"MRT Kajang, KTM UKM, Hentian Kajang and daily amenities",https://haniproperties.com/images/unitpic/apartmentkelisariaRSS/pic1.jpg,"Hi Hani, I'm interested in the subsale unit at Apartment Kelisa Ria, Kajang. Price: RM160000. Ref: RSS",,https://telegram.me/rumahsubsaleklselangorbynuruls/567,,RSS,,
subsale,-,50,Selayang,Batu Caves,Amara Residences,,337000,337000,,1537,,3,2,1100,,Service Residence,Freehold,,,Freehold non-bumi 400m to KTM Batu Caves,https://haniproperties.com/images/unitpic/amararesidencesEXP/pic1.jpg,"Hi Hani, I'm interested in the subsale unit at Amara Residences, Batu Caves. Price: RM337000. Ref: EXP",,https://telegram.me/extremeproperty_listing/11541,,EXP,,
subsale,-,35,Puchong,Bandar Nusaputra Precinct 2,2-Storey Superlink Bandar Nusaputra,,750000,750000,,3420,,4,4,2400,,Terrace,Leasehold,,,"Near Setia Ecoglades, ELITE/LDP/MEX and Putrajaya/Cyberjaya",https://haniproperties.com/images/unitpic/2storeysuperlinkbandarnusaputraEXP/pic1.jpg,"Hi Hani, I'm interested in the subsale unit at 2-Storey Superlink Bandar Nusaputra, Bandar Nusaputra Precinct 2. Price: RM750000. Ref: EXP",,https://telegram.me/extremeproperty_listing/12855,,EXP,,
subsale,-,45,Klang,Bandar Bukit Tinggi,2.5-Storey Semi-D,,1850000,1850000,,8436,,5,4,3200,,Semi D,Freehold,,,"AEON Bukit Tinggi, KPJ Klang, KESAS Highway",https://haniproperties.com/images/unitpic/25storeysemidEXP/pic1.jpg,"Hi Hani, I'm interested in the subsale unit at 2.5-Storey Semi-D, Bandar Bukit Tinggi. Price: RM1850000. Ref: EXP",,https://telegram.me/extremeproperty_listing/10908,,EXP,,
subsale,-,40,Selayang,Bukit Permata,2.5-Storey Landed House Bukit Permata,,990000,990000,,4515,,5,4,2800,,Terrace,Freehold,,,"Landed matured township near Lotus's, AEON, MRT/KTM",https://haniproperties.com/images/unitpic/25storeylandedhousebukitpermataEXP/pic1.jpg,"Hi Hani, I'm interested in the subsale unit at 2.5-Storey Landed House Bukit Permata, Bukit Permata. Price: RM990000. Ref: EXP",,https://telegram.me/extremeproperty_listing/11995,,EXP,,
subsale,-,50,Klang,Bandar Puteri,Bandar Puteri,-,760000,-,-,3237,-,4,4,1860,-,Terrace,Freehold,-,-,LRT Bandar Baru Klang | AEON Bukit Tinggi | KPJ Klang Specialist Hospital | SK Kampung Johan Setia | KESAS Highway,https://haniproperties.com/images/unitpic/bandarputeriEXP/pic1.jpg,"Hi Hani, I'm interested in the subsale unit at Bandar Puteri, Bandar Puteri. Price: RM760000. Ref: EXP",29/7/2026,https://t.me/extremeproperty_listing/19944,-,EXP,-,
rental,-,40,Dengkil,Taman Ruby,Taman Ruby,-,1500,-,-,-,-,5,3,-,Partially Furnished,Terrace,-,-,-,D'Pulze Shopping Mall | Hospital Putrajaya | UiTM Dengkil | ELITE Highway,/images/unitpic/tamanrubyNS/pic1.jpg,"Hi Hani, I'm interested in the unit rental at Taman Ruby, Taman Ruby. Price: RM1500. Ref: NS",5/8/2026,https://t.me/rumahsewajualbelikldanselangor/4169,Januari 2026,NS,-,
rental,-,55,Dengkil,Bandar Sunsuria,Horizon Suites,-,1550,-,-,-,1,2,1,500,Fully Furnished,Service Residence,-,-,-,ERL Salak Tinggi Station | Mitsui Outlet Park | Klinik Kesihatan Dengkil | Xiamen University Malaysia | ELITE Highway,/images/unitpic/horizonsuitesNS2/pic1.jpg,"Hi Hani, I'm interested in the unit rental at Horizon Suites, Bandar Sunsuria. Price: RM1550. Ref: NS",10/8/2026,https://t.me/rumahsewajualbelikldanselangor/11998,Immediate,NS,-,
rental,,35,Dengkil,Jenderam Hilir,Taman Jenderam Lestari 2 (J2 Residence),-,1500,-,-,-,-,3,2,1040,Unfurnished,Terrace,-,-,-,IOI City Mall | Hospital Putrajaya | SK Jenderam Hilir | UITM Dengkil | KLIA,/images/unitpic/tamanjenderamlestari2j2residenceNS/pic1.jpg,"Hi Hani, I'm interested in the unit rental at Taman Jenderam Lestari 2 (J2 Residence), Jenderam Hilir. Price: RM1500. Ref: NS",14/8/2026,https://t.me/rumahsewajualbelikldanselangor/12035,-,NS,-,
rental,,35,Dengkil,Jenderam Hilir,Taman Jenderam Lestari 2 (J2 Residence),-,1500,-,-,-,-,3,2,1040,Unfurnished,Terrace,-,-,-,IOI City Mall | Hospital Putrajaya | SK Jenderam Hilir | UITM Dengkil | KLIA,/images/unitpic/tamanjenderamlestari2j2residenceNS/pic1.jpg,"Hi Hani, I'm interested in the unit rental at Taman Jenderam Lestari 2 (J2 Residence), Jenderam Hilir. Price: RM1500. Ref: NS",14/8/2026,https://t.me/rumahsewajualbelikldanselangor/12035,-,NS,-,
subsale,-,40,Kajang,Prima Saujana,Prima Saujana,-,680000,-,-,2896,-,4,3,2000,-,Terrace,Freehold,-,-,MRT Kajang | Lotus's Kajang | Prima Saujana Commercial Centre | SK & SMK Prima Saujana | SILK Highway,https://haniproperties.com/images/unitpic/primasaujanaEXP/pic1.jpg,"Hi Hani, I'm interested in the subsale unit at Prima Saujana, Prima Saujana. Price: RM680000. Ref: EXP",6/8/2026,https://t.me/extremeproperty_listing/20536,-,EXP,-,
rental,-,50,Bangi/Kajang,Bandar Bukit Mahkota,Crescent Park Town Villa,-,2500,-,-,-,-,4,3,2394,Fully Furnished,Townhouse,-,-,-,KTM Bangi | Lotus's Bandar Puteri Bangi | Universiti Islam Selangor | PLUS Highway | LEKAS Highway,https://haniproperties.com/images/unitpic/crescentparktownvillaFPR/pic1.jpg,"Hi Hani, I'm interested in the unit rental at Crescent Park Town Villa, Bandar Bukit Mahkota. Price: RM2500. Ref: FPR",8/8/2026,https://t.me/fathurpropertyrental/28702,-,FPR,-,
rental,-,45,Sentul,Taman Dato Senu,Sky Awani 5 Residence,Malaysian Only,2350,-,-,-,2,3,2,810,Fully Furnished,Condominium,-,-,-,Sentul LRT Station | Sentul Timur LRT Station | Sentul KTM Station | Sentul Point | DUKE Highway,https://haniproperties.com/images/unitpic/skyawani5residenceADL/pic1.jpg,"Hi Hani, I'm interested in the unit rental at Sky Awani 5 Residence, Taman Dato Senu. Price: RM2350. Ref: ADL",9/8/2026,https://t.me/adiblisting/9746,Oct-26,ADL,-,
rental,-,55,Cheras,Taman Pudu Ulu,Pudu Impian 1,-,1600,-,-,-,-,3,2,700,Partially Furnished,Apartment,-,-,-,MRT Taman Pertama | LRT Maluri | AEON Taman Maluri | 1Shamelin Shopping Mall,https://haniproperties.com/images/unitpic/puduimpian1EX/pic1.jpg,"Hi Hani, I'm interested in the unit rental at Pudu Impian 1, Taman Pudu Ulu. Price: RM1600. Ref: EX",14/8/2026,https://t.me/RumahSewaKLSlgrBelowRM2000/29352,Immediate,EX,-,
subsale,-,60,Ampang,Pandan Indah,Grandeur Tower,-,329000,-,-,1401,1,3,2,962,Partially Furnished,Apartment,Leasehold,-,-,LRT Pandan Indah | Midpoint Mall | Tesco Ampang | Pantai Hospital Ampang | MRR2 Highway,https://haniproperties.com/images/unitpic/grandeurtowerEXP/pic1.jpg,"Hi Hani, I'm interested in the subsale unit at Grandeur Tower, Pandan Indah. Price: RM329000. Ref: EXP",10/8/2026,https://t.me/extremeproperty_listing/20836,-,EXP,-,
subsale,-,60,Seri Kembangan,Taman Equine,Vista Pinggiran Apartment,-,300000,-,-,1278,-,3,2,850,-,Apartment,Leasehold,-,-,Taman Equine MRT Station | AEON Taman Equine | Hospital Serdang | UPM | LDP Highway,https://haniproperties.com/images/unitpic/vistapinggiranapartmentCE/pic1.jpg,"Hi Hani, I'm interested in the subsale unit at Vista Pinggiran Apartment, Taman Equine. Price: RM300000. Ref: CE",10/8/2026,https://t.me/CECextra/378,-,CE,-,
subsale,-,35,Semenyih,Bandar Rinching,Ascotte Boulevard,-,275000,-,-,1171,2,3,2,860,-,Condominium,Freehold,-,-,Ecohill Walk | Tesco Semenyih | University of Nottingham Malaysia | LEKAS Highway | SILK Highway,https://haniproperties.com/images/unitpic/ascotteboulevardCE/pic1.jpg,"Hi Hani, I'm interested in the subsale unit at Ascotte Boulevard, Bandar Rinching. Price: RM275000. Ref: CE",10/8/2026,https://t.me/CECextra/551,-,CE,-,
subsale,-,45,Shah Alam,Denai Alam,Habitus @ City of Elmina,,220000,220000,,1003,,1,1,450,,Condominium,Freehold,,,SK Denai Alam | Masjid Denai Alam | E-Boulevard Denai Alam (commercial hub),https://haniproperties.com/images/unitpic/habituscityofelminaEXP/pic1.jpg,"Hi Hani, I'm interested in the subsale unit at Habitus @ City of Elmina, Denai Alam. Price: RM220000. Ref: EXP",20/4/2026,https://telegram.me/extremeproperty_listing/16603,,EXP,,
rental,,35,Dengkil,Jenderam Hilir,Taman Jenderam Lestari 2 (J2 Residence),-,1500,-,-,-,-,3,2,1040,Unfurnished,Terrace,-,-,-,IOI City Mall | Hospital Putrajaya | SK Jenderam Hilir | UITM Dengkil | KLIA,/images/unitpic/tamanjenderamlestari2j2residenceNS/pic1.jpg,"Hi Hani, I'm interested in the unit rental at Taman Jenderam Lestari 2 (J2 Residence), Jenderam Hilir. Price: RM1500. Ref: NS",14/8/2026,https://t.me/rumahsewajualbelikldanselangor/12035,-,NS,-,
subsale,-,35,Shah Alam,U5 Subang Bestari,2 Storey Terrace Taman Subang Murni,,675000,675000,,3078,,4,3,1650,,Terrace,Leasehold,,,UiTM Puncak Perdana | Subang Bestari Commercial Area | Masjid Subang Bestari,https://haniproperties.com/images/unitpic/2storeyterracetamansubangmurniRSS/pic1.jpg,"Hi Hani, I'm interested in the subsale unit at 2 Storey Terrace Taman Subang Murni, U5 Subang Bestari. Price: RM675000. Ref: RSS",10/4/2026,https://telegram.me/rumahsubsaleklselangorbynuruls/1000,,RSS,,
subsale,-,60,Shah Alam,Seksyen 7,Parisien Tower D,-,450000,-,-,1917,-,2,2,769,-,Service Residence,Freehold,-,-,Seksyen 7 Shah Alam LRT Station | Central i-City Mall | The Academy of Language Studies | Federal Highway | NKVE,https://haniproperties.com/images/unitpic/parisientowerdMMN/pic1.jpg,"Hi Hani, I'm interested in the subsale unit at Parisien Tower D, Seksyen 7. Price: RM450000. Ref: MMN",2/8/2026,https://t.me/HaniMNListingSubsale/638,-,MMN,-,Y
rental,-,60,Kajang,Bandar Sungai Long,Sutera Pines,-,1300,Price Negotiable | Maintenance Included,-,-,-,3,2,-,Partially Furnished,Condominium,-,-,-,BMC Mall | UTAR Sungai Long Campus | Sungai Long Specialist Hospital | Cheras-Kajang Expressway | Grand Saga Expressway,https://haniproperties.com/images/unitpic/suterapinesMMN/pic1.jpg,"Hi Hani, I'm interested in the unit rental at Sutera Pines, Bandar Sungai Long. Price: RM1300. Ref: MMN",31/8/2026,https://t.me/AniListings/3724,Immediate,MMN,-,
rental,-,60,Kepong,Jalan Kepong,Unio Residence,-,2800,-,-,-,2,3,2,950,Fully Furnished,Condominium,-,-,-,MRT Kepong | AEON Mall Metro Prima | Lotus's Kepong | NSK Trade City | MRR2,https://haniproperties.com/images/unitpic/unioresidenceADL/pic1.jpg,"Hi Hani, I'm interested in the unit rental at Unio Residence, Jalan Kepong. Price: RM2800. Ref: ADL",11/8/2026,https://t.me/adiblisting/9901,Immediate,ADL,-,
subsale,-,45,Shah Alam,Seksyen 13,Sri Alam Condominium,,899000,899000,,4100,,6,6,2959,,Penthouse,Leasehold,,,DEMC Specialist Hospital | Malawati @ Stadium LRT | Bandar Anggerik LRT Seksyen 14 | KGSAAS Golf Club | SK Seksyen 13,https://haniproperties.com/images/unitpic/srialamcondominiumDPM/pic1.jpg,"Hi Hani, I'm interested in the subsale unit at Sri Alam Condominium, Seksyen 13. Price: RM899000. Ref: DPM",11/5/2025,https://telegram.me/DeePropmall/1480,,DPM,,
rental,-,60,Petaling Jaya / Damansara,Damansara Damai (PJU10),One Damansara Condo,-,2300,-,-,-,2,3,3,1400,Unfurnished,Condominium,-,-,-,Damansara Damai MRT Station | Sungai Buloh Hospital | NKVE | LDP Highway,https://haniproperties.com/images/unitpic/onedamansaracondoMMN2/pic1.jpg,"Hi Hani, I'm interested in the unit rental at One Damansara Condo, Damansara Damai (PJU10). Price: RM2300. Ref: MMN",17/8/2026,https://t.me/AniListings/3618,Immediate,MMN,-,
rental,-,25,Sentul,Jalan Pelangi 2,Vista Harmoni Residences,-,1959,-,-,-,-,-,-,-,-,Studio,-,-,-,LRT Sentul Timur | KTM Sentul | DUKE Highway | MRR2 | Jalan Duta-Segambut Highway,https://haniproperties.com/images/unitpic/vistaharmoniresidencesDPM2/pic1.jpg,"Hi Hani, I'm interested in the unit rental at Vista Harmoni Residences, Jalan Pelangi 2. Price: RM1959. Ref: DPM",13/8/2026,https://t.me/DeePropmall/3103,-,DPM,-,
rental,-,25,Sentul,Jalan Pelangi 2,Vista Harmoni Residences,-,1959,-,-,-,-,-,-,-,-,Studio,-,-,-,LRT Sentul Timur | KTM Sentul | DUKE Highway | MRR2 | Jalan Duta-Segambut Highway,https://haniproperties.com/images/unitpic/vistaharmoniresidencesDPM2/pic1.jpg,"Hi Hani, I'm interested in the unit rental at Vista Harmoni Residences, Jalan Pelangi 2. Price: RM1959. Ref: DPM",13/8/2026,https://t.me/DeePropmall/3103,-,DPM,-,
rental,-,50,Sentul,Jalan Pelangi 2,Vista Harmoni Residences,-,1959,-,-,-,1,3,1,1049,-,Studio,-,-,-,LRT Sentul Timur | KTM Sentul | DUKE Highway | MRR2 | Jalan Duta-Segambut Highway,https://haniproperties.com/images/unitpic/vistaharmoniresidencesDPM2/pic1.jpg,"Hi Hani, I'm interested in the unit rental at Vista Harmoni Residences, Jalan Pelangi 2. Price: RM1959. Ref: DPM",13/8/2026,https://t.me/DeePropmall/3125,-,DPM,-,
rental,,35,Dengkil,Jenderam Hilir,Taman Jenderam Lestari 2 (J2 Residence),-,1500,-,-,-,-,3,2,1040,Unfurnished,Terrace,-,-,-,IOI City Mall | Hospital Putrajaya | SK Jenderam Hilir | UITM Dengkil | KLIA,/images/unitpic/tamanjenderamlestari2j2residenceNS/pic1.jpg,"Hi Hani, I'm interested in the unit rental at Taman Jenderam Lestari 2 (J2 Residence), Jenderam Hilir. Price: RM1500. Ref: NS",14/8/2026,https://t.me/rumahsewajualbelikldanselangor/12035,-,NS,-,
rental,-,55,Dengkil,Bandar Sunsuria,Horizon Suites,-,1500,-,-,-,1,2,1,500,Fully Furnished,Service Residence,-,-,-,ERL Salak Tinggi Station | Sunsuria City Mall | Xiamen University Malaysia | Klinik Kesihatan Dengkil | ELITE Highway,/images/unitpic/horizonsuitesEX/pic1.jpg,"Hi Hani, I'm interested in the unit rental at Horizon Suites, Bandar Sunsuria. Price: RM1500. Ref: EX",17/8/2026,https://t.me/RumahSewaKLSlgrBelowRM2000/29412,20/8/2026,EX,-,
rental,-,35,Dengkil,Cybersouth,Kita Ria,-,1300,-,-,-,2,2,2,602,Partially Furnished,Service Residence,-,-,-,D'Pulze Shopping Centre | Centrus Mall | SMK Dengkil | Elite Expressway,/images/unitpic/kitariaNS2/pic1.jpg,"Hi Hani, I'm interested in the unit rental at Kita Ria, Cybersouth. Price: RM1300. Ref: NS",18/8/2026,https://t.me/rumahsewajualbelikldanselangor/12145,Nov-26,NS,-,
rental,-,55,Cheras,Taman Suntex,You City III,Muslim Only | Family Preferred,2800,Link Bridge to MRT | Direct Access to You City Retail Mall,-,-,1,3,2,893,Fully Furnished,Apartment,-,-,-,MRT Taman Suntex | You City Retail Mall | MRT Sri Raya | SUKE Highway | Cheras-Kajang Highway,https://haniproperties.com/images/unitpic/youcityiiiADL2/pic1.jpg,"Hi Hani, I'm interested in the unit rental at You City III, Taman Suntex. Price: RM2800. Ref: ADL",19/8/2026,https://t.me/adiblisting/10496,Immediate,ADL,-,
subsale,-,50,Shah Alam,Bukit Jelutong,Suria Residence @ Bukit Jelutong,,395000,395000,,1801,,1,1,600,,Serviced Apartment,Freehold,,,"Masjid Besar Bukit Jelutong, Bukit Jelutong Eco Community, NKVE Highway",https://haniproperties.com/images/unitpic/suriaresidencebukitjelutongHRK/pic1.jpg,"Hi Hani, I'm interested in the subsale unit at Suria Residence @ Bukit Jelutong, Bukit Jelutong. Price: RM395000. Ref: HRK",,https://telegram.me/ListingRumahHurakanShahAlam/171,,HRK,,
subsale,-,35,Shah Alam,Seksyen U17,Elmina Green 3,,840000,840000,,3831,,4,4,2262,,Terrace,Freehold,,,Elmina growth corridor,https://haniproperties.com/images/unitpic/elminagreen3EXP/pic1.jpg,"Hi Hani, I'm interested in the subsale unit at Elmina Green 3, Seksyen U17. Price: RM840000. Ref: EXP",,https://telegram.me/extremeproperty_listing/13932,,EXP,,
subsale,-,50,Shah Alam,Seksyen 24,Divina,Bumiputera Only,1550000,-,-,6602,-,6,5,3200,-,Semi D,Leasehold,-,-,LRT UiTM Shah Alam | AEON Mall Shah Alam | KPJ Shah Alam Specialist Hospital | Sekolah Kebangsaan Seksyen 24 | KESAS Highway,https://haniproperties.com/images/unitpic/divinaEXP/pic1.jpg,"Hi Hani, I'm interested in the subsale unit at Divina, Seksyen 24. Price: RM1550000. Ref: EXP",1/8/2026,https://t.me/extremeproperty_listing/20185,-,EXP,-,
rental,-,60,Shah Alam,Seksyen 16,Ken Rimba Jimbaran,-,2400,2.5-Storey | Freshly Painted | Family-Friendly Layout | Move-in Total RM8400 (excl. TA fee),-,-,-,4,3,2300,Partially Furnished,Terrace,-,-,-,KTM Padang Jawa | KTM Batu Tiga | LRT Glenmarie | AEON Mall Shah Alam | Federal Highway,https://haniproperties.com/images/unitpic/kenrimbajimbaranMMN/pic1.jpg,"Hi Hani, I'm interested in the unit rental at Ken Rimba Jimbaran, Seksyen 16. Price: RM2400. Ref: MMN",23/9/2026,https://t.me/AniListings/3993,Immediate,MMN,-,-
rental,-,65,Shah Alam,Bukit Jelutong,Renai Jelutong Residences,-,2600,-,-,-,2,-,-,1100,Fully Furnished,Service Residence,-,-,-,Malawati LRT Station | AEON Mall Shah Alam | KPJ Shah Alam Specialist Hospital | SMK Bukit Jelutong | NKVE Highway,https://haniproperties.com/images/unitpic/renaijelutongresidencesDPM/pic1.jpg,"Hi Hani, I'm interested in the unit rental at Renai Jelutong Residences, Bukit Jelutong. Price: RM2600. Ref: DPM",13/8/2026,https://t.me/DeePropmall/3084,Immediate,DPM,-,
rental,-,40,Shah Alam,Subang Bestari,3-Storey Terrace Taman Pelangi Subang,Malaysian Only,2500,-,-,-,-,3,4,3780,Fully Furnished,Terrace,-,-,-,Subang Bestari Commercial Centre | Lotus's Subang | Econsave | Guthrie Corridor Expressway | NKVE,https://haniproperties.com/images/unitpic/3storeyterracetamanpelangisubangADL/pic1.jpg,"Hi Hani, I'm interested in the unit rental at 3-Storey Terrace Taman Pelangi Subang, Subang Bestari. Price: RM2500. Ref: ADL",14/8/2026,https://t.me/adiblisting/10099,Immediate,ADL,-,
rental,-,65,Sepang,Sunsuria City,Tangerine Suites,-,1700,High Floor | Cooking Allowed,-,-,2,3,2,936,Fully Furnished,Service Residence,-,-,-,ERL Salak Tinggi Station | Sunsuria City Mall | Xiamen University Malaysia | Mitsui Outlet Park | ELITE Highway,/images/unitpic/tangerinesuitesNS/pic1.jpg,"Hi Hani, I'm interested in the unit rental at Tangerine Suites, Sunsuria City. Price: RM1700. Ref: NS",19/8/2026,https://t.me/rumahsewajualbelikldanselangor/12176,Immediate,NS,-,
rental,-,45,Shah Alam,Seksyen U1,Dian 11 Commercial Hub,-,3500,Newly Completed | Vacant | Mirrored Terrace Layout,-,-,G-01,2,1,1024,Unfurnished,Commercial,-,-,-,Glenmarie LRT Station | Utropolis Marketplace | Management & Science University (MSU) | HICOM-Glenmarie Industrial Park,https://haniproperties.com/images/unitpic/dian11commercialhubDPM/pic1.jpg,"Hi Hani, I'm interested in the unit rental at Dian 11 Commercial Hub, Seksyen U1. Price: RM3500. Ref: DPM",17/8/2026,https://t.me/DeePropmall/3180,Immediate,DPM,-,
rental,-,25,Selayang,Taman Batu,Taman Batu Shoplot,-,6000,Intermediate Lot | 1 Manager Room | 1 Utility Room | 1 Surau | Price Negotiable,-,-,Ground Floor,-,1,1650,Unfurnished,Commercial,-,-,-,Jalan Batu Caves | Batu Caves KTM Station | Selayang Mall | MRR2 Highway,https://haniproperties.com/images/unitpic/tamanbatushoplot-/pic1.jpg,"Hi Hani, I'm interested in the unit rental at Taman Batu Shoplot, Taman Batu. Price: RM6000. Ref: -",19/8/2026,https://t.me/ListingHazimSuccess/6264,-,-,-,
rental,-,35,Klang,Bandar Bukit Raja,Seruling Apartment,-,1400,Swimming Pool | Playground | 24-Hour Security | High Floor,-,-,2,3,2,1000,Partially Furnished,Apartment,-,-,-,LRT3 Bukit Raja Station | AEON Mall Bukit Raja | SK Setia Alam | SMK Bandar Setia Alam,https://haniproperties.com/images/unitpic/serulingapartmentHF/pic1.jpg,"Hi Hani, I'm interested in the unit rental at Seruling Apartment, Bandar Bukit Raja. Price: RM1400. Ref: HF",25/8/2026,https://t.me/iqalisting/3120,26/10/2026,HF,-,
rental,-,40,Selayang,Fasa 7,Taman Seri Gombak,Malaysian Only | Family Preferred | No Pets Owner,2500,Repainted,-,-,1,4,3,1200,Partially Furnished,Terrace,-,-,-,KTM Batu Caves | Hospital Selayang | SMK Hillcrest | MRR2 Highway | DUKE Highway,https://haniproperties.com/images/unitpic/tamanserigombakEX/pic1.jpg,"Hi Hani, I'm interested in the unit rental at Taman Seri Gombak, Fasa 7. Price: RM2500. Ref: EX",25/8/2026,https://t.me/RumahSewaKLSlgrBelowRM2000/29701,-,EX,-,
subsale,-,50,Selayang,Mutiara Gombak,Halamanda @ Gombak,Malay Reserved,1100000,Price Negotiable | Gated & Guarded,-,4685,-,5,5,2287,-,Terrace,Freehold,-,-,Gombak LRT Station | Melawati Mall | Wangsa Walk Mall | IIUM (UIA) | MRR2 Highway,https://haniproperties.com/images/unitpic/halamandagombakEXP/pic1.jpg,"Hi Hani, I'm interested in the subsale unit at Halamanda @ Gombak, Mutiara Gombak. Price: RM1100000. Ref: EXP",25/8/2026,https://t.me/extremeproperty_listing/21300,-,EXP,-,
rental,-,45,Shah Alam,Seksyen U1,Dian 11 Commercial Hub,-,3500,Newly Completed | Vacant | Mirrored Terrace Layout,-,-,G-02,2,1,1024,Unfurnished,Commercial,-,-,-,Glenmarie LRT Station | Utropolis Marketplace | Management & Science University (MSU) | HICOM-Glenmarie Industrial Park,https://haniproperties.com/images/unitpic/dian11commercialhubDPM/pic1.jpg,"Hi Hani, I'm interested in the unit rental at Dian 11 Commercial Hub, Seksyen U1. Price: RM3500. Ref: DPM",17/8/2026,https://t.me/DeePropmall/3180,Immediate,DPM,-,
rental,-,60,Shah Alam,i-City,Liberty Tower @ i-City,-,2200,Duplex Unit | High Floor | Tower C Level 33 | Water Filter | WiFi,-,-,-,2,2,752,Fully Furnished,Service Residence,-,-,-,Seksyen 7 Shah Alam LRT Station | i-Central Shopping Centre | AEON Bukit Raja | Hospital Shah Alam | NKVE Highway,https://haniproperties.com/images/unitpic/libertytowericityFPR/pic1.jpg,"Hi Hani, I'm interested in the unit rental at Liberty Tower @ i-City, i-City. Price: RM2200. Ref: FPR",18/8/2026,https://t.me/fathurpropertyrental/29023,Oct-26,FPR,-,
rental,-,35,Cheras,Jalan Damai Perdana,Bandar Damai Perdana 2-Storey Terrace,Malaysian Only,2700,Auto Gate | Smart Lock,-,-,-,4,3,1700,Partially Furnished,Terrace,-,-,-,Cheras-Kajang Highway | MRR2,https://haniproperties.com/images/unitpic/bandardamaiperdana2storeyterraceADL/pic1.jpg,"Hi Hani, I'm interested in the unit rental at Bandar Damai Perdana 2-Storey Terrace, Jalan Damai Perdana. Price: RM2700. Ref: ADL",27/8/2026,https://t.me/adiblisting/10886,Mid-September 2026,ADL,-,
rental,-,45,Dengkil,Cybersouth,Kita Ria,-,1300,Low Floor | Aircond (Master Bedroom Only),-,-,2,3,2,901,Partially Furnished,Service Residence,-,-,-,D'Pulze Shopping Centre | Hospital Putrajaya | SMK Dengkil | UiTM Dengkil | Elite Expressway,/images/unitpic/kitariaNS3/pic1.jpg,"Hi Hani, I'm interested in the unit rental at Kita Ria, Cybersouth. Price: RM1300. Ref: NS",27/8/2026,https://t.me/rumahsewajualbelikldanselangor/12288,-,NS,-,
rental,-,45,Shah Alam,Taman Bukit Subang,Pangsapuri Kiambang,-,1000,Deposit 2+1+0.5+Agreement | Security 24 Jam | Medium Floor | Ready Move-in,-,-,-,3,2,750,Partially Furnished,Apartment,-,-,-,Elmina City Centre | Denai Alam | Guthrie Corridor Expressway | SR Islam Ar Rahimi,https://haniproperties.com/images/unitpic/pangsapurikiambangNS/pic1.jpg,"Hi Hani, I'm interested in the unit rental at Pangsapuri Kiambang, Taman Bukit Subang. Price: RM1000. Ref: NS",31/8/2026,https://t.me/rumahsewajualbelikldanselangor/12400,Sep-26,NS,-,
subsale,-,45,Puchong,Taman Desiran Bayu,Taman Desiran Bayu Semi D,Malay Reserve Land (Bumiputera Only),850000,Never Occupied | Freshly Repainted (Interior & Exterior) | Land Area 2400 sqft | Balcony at Master Bedroom,-,3621,-,5,4,1846,-,Semi D,Leasehold,-,-,Puchong Prima LRT Station | AEON BiG Puchong Utama | IOI Mall Puchong | LDP (Lebuhraya Damansara-Puchong),https://haniproperties.com/images/unitpic/tamandesiranbayusemidEXP/pic1.jpg,"Hi Hani, I'm interested in the subsale unit at Taman Desiran Bayu Semi D, Taman Desiran Bayu. Price: RM850000. Ref: EXP",31/8/2026,https://t.me/extremeproperty_listing/21456,-,EXP,-,
subsale,-,30,Cheras,Bandar Sri Permaisuri,Q Avenue @ Queensville,,620000,,,2641,,-,-,1560,-,Commercial,Leasehold,-,-,-,https://haniproperties.com/images/unitpic/qavenuequeensvilleDPM/pic1.jpg,"Hi Hani, I'm interested in the subsale unit at Q Avenue @ Queensville, Bandar Sri Permaisuri. Price: RM620000. Ref: DPM",3/7/2026,https://telegram.me/DeePropmall/2497,-,DPM,,
rental,-,60,Kuala Lumpur,Chow Kit,Chambers Residence,-,2100,Level 12,-,-,-,0,-,451,Fully Furnished,Studio,-,-,-,Monorail Chow Kit | LRT PWTC | Sunway Putra Mall | Quill City Mall | Hospital Kuala Lumpur,/images/unitpic/chambersresidenceMMN/pic1.jpg,"Hi Hani, I'm interested in the unit rental at Chambers Residence, Chow Kit. Price: RM2100. Ref: MMN",27/9/2026,https://t.me/AniListings/4061,Immediate,MMN,-,-
subsale,-,45,Cheras,Bandar Sri Permaisuri,Astana Lumayan,,530000,530000,,2417,,4,2,1207,,Condominium,Leasehold,,,LRT Bandar Tun Razak (~1km) | HUKM Hospital UKM (~1km) | SK Seri Tasik Permaisuri (~850m) | Masjid Al-Najihin (~300m) | Danau Lumayan Avenue retail (in-township),https://haniproperties.com/images/unitpic/astanalumayanEXP/pic1.jpg,"Hi Hani, I'm interested in the subsale unit at Astana Lumayan, Bandar Sri Permaisuri. Price: RM530000. Ref: EXP",14/6/2026,https://telegram.me/extremeproperty_listing/16659,,EXP,,
subsale,-,45,Ampang,Taman Nirwana,Hon Residensi CGCC,,650000,650000,,2964,,3,3,1335,,Condominium,Leasehold,,,LRT Ampang (~1.2km short drive) | KPJ Ampang Puteri (~2km) | Lotus Ampang (~2km) | SK Taman Nirwana (~1km),https://haniproperties.com/images/unitpic/honresidensicgccEXP/pic1.jpg,"Hi Hani, I'm interested in the subsale unit at Hon Residensi CGCC, Taman Nirwana. Price: RM650000. Ref: EXP",10/6/2026,https://telegram.me/extremeproperty_listing/18441,,EXP,,
subsale,-,35,Nilai,Seremban 2,Dahlia Apartment @ Seremban 2,,160000,160000,,730,,3,2,642,,Apartment,Freehold,,,Garden Avenue Seremban 2 | Minimart | Playground,https://haniproperties.com/images/unitpic/dahliaapartmentseremban2EXP/pic1.jpg,"Hi Hani, I'm interested in the subsale unit at Dahlia Apartment @ Seremban 2, Seremban 2. Price: RM160000. Ref: EXP",25/5/2026,https://telegram.me/extremeproperty_listing/17923,,EXP,,
subsale,-,55,Cheras,"Lorong Peel, Maluri",UNA Residensi Peel,,1250000,1250000,,5700,,3,3,1356,,Condominium,Leasehold,,,"Maluri MRT (KG22, ~300m walkable) | Maluri LRT (walkable) | Sunway Velocity Mall (opposite) | AEON Taman Maluri | SK Jalan Peel | Sunway Velocity Medical Centre",https://haniproperties.com/images/unitpic/unaresidensipeelEXP/pic1.jpg,"Hi Hani, I'm interested in the subsale unit at UNA Residensi Peel, Lorong Peel, Maluri. Price: RM1250000. Ref: EXP",18/5/2026,https://telegram.me/extremeproperty_listing/17604,,EXP,,
subsale,-,45,Ampang,Taman Ukay Perdana,3 Storey Terrace Taman Ukay Perdana,,1300000,1300000,,5928,,5,4,2772,,Terrace,Leasehold,,,Giant Bukit Antarabangsa (~1km) | AEON AU2 / Wangsa Maju (~5km) | SMK/SRK Lembah Keramat (~1km) | Damai Service Hospital Melawati (~5min) | Zoo Negara (~2km) | LRT Sri Rampai (shuttle bus),https://haniproperties.com/images/unitpic/3storeyterracetamanukayperdanaEXP/pic1.jpg,"Hi Hani, I'm interested in the subsale unit at 3 Storey Terrace Taman Ukay Perdana, Taman Ukay Perdana. Price: RM1300000. Ref: EXP",18/5/2026,https://telegram.me/extremeproperty_listing/17671,,EXP,,
subsale,-,20,Rawang,Bandar Tasik Puteri,Bungalow Taman Bandar Puteri,,850000,850000,,3876,,3,3,4000,,Bungalow,Freehold,,,SMK Bandar Tasik Puteri | SK Tasik Puteri / SK Tasik Puteri 2 | Tasik Puteri Golf & Country Club,https://haniproperties.com/images/unitpic/bungalowtamanbandarputeriEXP/pic1.jpg,"Hi Hani, I'm interested in the subsale unit at Bungalow Taman Bandar Puteri, Bandar Tasik Puteri. Price: RM850000. Ref: EXP",15/5/2026,https://telegram.me/extremeproperty_listing/17512,,EXP,,
subsale,-,35,Kajang,Bandar Puteri Bangi,Almyra Residence,,420000,420000,,1915,,4,3,1207,,Condominium,Freehold,,,Bangi Wonderland | McD / Starbucks BSP (commercial hub) | Klinik Kesihatan Bandar Seri Putra | SK Bandar Seri Putra,https://haniproperties.com/images/unitpic/almyraresidenceEXP/pic1.jpg,"Hi Hani, I'm interested in the subsale unit at Almyra Residence, Bandar Puteri Bangi. Price: RM420000. Ref: EXP",20/4/2026,https://telegram.me/extremeproperty_listing/16653,,EXP,,
subsale,-,30,Seri Kembangan,Taman Lestari Putra,2 Storey Terrace Taman Lestari Putra,,600000,600000,,2736,,4,3,1500,,Terrace,Leasehold,,,Surau Nurul Ikhlas | Pasar Borong Selangor | Klinik Kesihatan Seri Kembangan | Local shops / eateries (Lestari Putra area),https://haniproperties.com/images/unitpic/2storeyterracetamanlestariputraEXP/pic1.jpg,"Hi Hani, I'm interested in the subsale unit at 2 Storey Terrace Taman Lestari Putra, Taman Lestari Putra. Price: RM600000. Ref: EXP",16/4/2026,https://telegram.me/extremeproperty_listing/16560,,EXP,,
subsale,-,40,Puchong,16 Sierra,3 Storey Terrace Dumalis 16 Sierra,,2000000,2000000,,9120,,6,5,1920,,Terrace,Leasehold,,,MRT 16 Sierra (connectivity driver) | Sierra Fresco (retail lifestyle hub) | Rafflesia International School (family premium anchor),https://haniproperties.com/images/unitpic/3storeyterracedumalis16sierraEXP/pic1.jpg,"Hi Hani, I'm interested in the subsale unit at 3 Storey Terrace Dumalis 16 Sierra, 16 Sierra. Price: RM2000000. Ref: EXP",10/4/2026,https://telegram.me/extremeproperty_listing/16271,,EXP,,
subsale,-,50,Seri Kembangan,Taman Serdang Perdana,Cube @ One South,,340000,340000,,1550,,1,1,450,,Service Residence,Leasehold,,,Serdang Raya MRT Station | One South Street Mall | SRJKC Serdang Baru / SMK Seri Kembangan,https://haniproperties.com/images/unitpic/cubeonesouthFRH/pic1.jpg,"Hi Hani, I'm interested in the subsale unit at Cube @ One South, Taman Serdang Perdana. Price: RM340000. Ref: FRH",6/4/2026,https://telegram.me/FirdausRahimHartanahListing/1518,,FRH,,
subsale,-,40,Ampang,Ampang,Laman Oakleaf Bukit Antarabangsa,,1550000,1550000,,7068,,7,6,3730,,Terrace,Leasehold,,,SMK Lembah Keramat | SK Lembah Keramat | Ampang Point Shopping Centre | KPJ Ampang Puteri Specialist Hospital | Bukit Antarabangsa Recreational Area | Masjid Al-Ridhuan Hulu Klang,https://haniproperties.com/images/unitpic/lamanoakleafbukitantarabangsaEXP/pic1.jpg,"Hi Hani, I'm interested in the subsale unit at Laman Oakleaf Bukit Antarabangsa, Ampang. Price: RM1550000. Ref: EXP",18/3/2026,https://telegram.me/extremeproperty_listing/15782,,EXP,,
subsale,-,50,Shah Alam,Seksyen 16 / Padang Jawa,Suria Jaya e-SOFO,,195000,195000,,889,,1,2,430,,Condominium,Leasehold,,,UiTM Shah Alam (walkable) | LRT UiTM/Seksyen 7 I-City (nearby) | Giant Shah Alam Seksyen 7 (~5 min),https://haniproperties.com/images/unitpic/suriajayaesofoEXP/pic1.jpg,"Hi Hani, I'm interested in the subsale unit at Suria Jaya e-SOFO, Seksyen 16 / Padang Jawa. Price: RM195000. Ref: EXP",2/5/2025,https://telegram.me/extremeproperty_listing/13535,,EXP,,
subsale,-,35,Klang,"Meru, Taman Seri Mewah KU10",2 Storey Terrace Taman Seri Mewah,,620000,620000,,2827,,4,3,1320,,Terrace,Freehold,,,SMK Meru (walking distance) | NSK / Giant Meru (~5 min) | Setia City Mall (~15 min),https://haniproperties.com/images/unitpic/2storeyterracetamanserimewahEXP/pic1.jpg,"Hi Hani, I'm interested in the subsale unit at 2 Storey Terrace Taman Seri Mewah, Meru, Taman Seri Mewah KU10. Price: RM620000. Ref: EXP",22/4/2025,https://telegram.me/extremeproperty_listing/16948,,EXP,,
subsale,-,40,Petaling Jaya / Damansara,Petaling Jaya,Verondo Residence,,595000,595000,,2713,,3,2,961,,Condominium,Leasehold,,,Petaling Jaya mature area with access to LDP & SPRINT,https://haniproperties.com/images/unitpic/verondoresidenceEXP/pic1.jpg,"Hi Hani, I'm interested in the subsale unit at Verondo Residence, Petaling Jaya. Price: RM595000. Ref: EXP",,https://telegram.me/extremeproperty_listing/13557,,EXP,,
subsale,-,30,Bangi/Kajang,Alam Sari,Verdale @ Alam Sari,,1990000,1990000,,9075,,5,5,3161,,Terrace,Freehold,,,Low density G&G enclave,https://haniproperties.com/images/unitpic/verdalealamsariEXP/pic1.jpg,"Hi Hani, I'm interested in the subsale unit at Verdale @ Alam Sari, Alam Sari. Price: RM1990000. Ref: EXP",,https://telegram.me/extremeproperty_listing/13802,,EXP,,
subsale,-,40,Cheras,Sunway Velocity,V Residence 3,,1300000,1300000,,5928,,4,3,1577,,Condominium,Freehold,,,Sunway Velocity integrated township,https://haniproperties.com/images/unitpic/vresidence3EXP/pic1.jpg,"Hi Hani, I'm interested in the subsale unit at V Residence 3, Sunway Velocity. Price: RM1300000. Ref: EXP",,https://telegram.me/extremeproperty_listing/13708,,EXP,,
subsale,-,35,Ampang,Ukay Bistari,Ukay Bistari,,1300000,1300000,,5928,,6,3,2400,,Terrace,Freehold,,,Freehold non-bumi Ukay Bistari 10 min ke KLCC,https://haniproperties.com/images/unitpic/ukaybistariEXP/pic1.jpg,"Hi Hani, I'm interested in the subsale unit at Ukay Bistari, Ukay Bistari. Price: RM1300000. Ref: EXP",,https://telegram.me/extremeproperty_listing/9464,,EXP,,
subsale,-,55,Petaling Jaya / Damansara,Damansara Damai,One Damansara Condo,,380000,380000,,1733,,3,2,986,,Condominium,Leasehold,,,MRT Damansara Damai | SK Damansara Damai 1 | Econsave Damansara Damai,https://haniproperties.com/images/unitpic/onedamansaracondoMMN/pic1.jpg,"Hi Hani, I'm interested in the subsale unit at One Damansara Condo, Damansara Damai. Price: RM380000. Ref: MMN",14/4/2026,https://telegram.me/HaniMNListingSubsale/484,,MMN,,
subsale,-,50,Cheras,Cheras Selatan,Traders Garden,,430000,430000,,1961,,4,2,859,,Service Residence,Leasehold,,,Leasehold non-bumi dekat KPJ Damansara IKEA One Utama,https://haniproperties.com/images/unitpic/tradersgardenEXP/pic1.jpg,"Hi Hani, I'm interested in the subsale unit at Traders Garden, Cheras Selatan. Price: RM430000. Ref: EXP",,https://telegram.me/extremeproperty_listing/7847,,EXP,,
subsale,-,35,Kajang,Semenyih,Taman Pelangi Semenyih 2,,570000,570000,,2599,,4,3,1400,,Terrace,Leasehold,,,"Near MRT Kajang, TBS, Cheras Sentral and Columbia Asia",https://haniproperties.com/images/unitpic/tamanpelangisemenyih2EXP/pic1.jpg,"Hi Hani, I'm interested in the subsale unit at Taman Pelangi Semenyih 2, Semenyih. Price: RM570000. Ref: EXP",,https://telegram.me/extremeproperty_listing/12809,,EXP,,
subsale,-,45,Kajang,Taman Jasmin,Taman Jasmin Kajang,,780000,780000,,3557,,5,3,2000,,Terrace,Freehold,,,walking distance to schools bank mosque and MRT feeder with highway access,https://haniproperties.com/images/unitpic/tamanjasminkajangEXP/pic1.jpg,"Hi Hani, I'm interested in the subsale unit at Taman Jasmin Kajang, Taman Jasmin. Price: RM780000. Ref: EXP",,https://telegram.me/extremeproperty_listing/14540,,EXP,,
subsale,-,30,Klang,Meru (Sungai Kapar Indah),Sungai Kapar Indah,,520000,520000,,2371,,4,3,1400,,Terrace,Leasehold,,,"Meru, Klang dekat Setia Alam & Setia City Mall",https://haniproperties.com/images/unitpic/sungaikaparindahRSS/pic1.jpg,"Hi Hani, I'm interested in the subsale unit at Sungai Kapar Indah, Meru (Sungai Kapar Indah). Price: RM520000. Ref: RSS",,https://telegram.me/rumahsubsaleklselangorbynuruls/940,,RSS,,
subsale,-,30,Klang,Pulau Indah,Sri Bayu Apartment,,235000,235000,,1072,,3,2,900,,Apartment,Leasehold,,,Close to Westport,https://haniproperties.com/images/unitpic/sribayuapartmentEXP/pic1.jpg,"Hi Hani, I'm interested in the subsale unit at Sri Bayu Apartment, Pulau Indah. Price: RM235000. Ref: EXP",,https://telegram.me/extremeproperty_listing/10859,,EXP,,
subsale,-,40,Klang,Bandar Putera 2,Single Storey Terrace Felicia,,400000,400000,,1824,,3,2,1400,,Terrace,Leasehold,,,"GM Klang, AEON Kota Kemuning, Columbia Asia Bukit Rimau",https://haniproperties.com/images/unitpic/singlestoreyterracefeliciaEXP/pic1.jpg,"Hi Hani, I'm interested in the subsale unit at Single Storey Terrace Felicia, Bandar Putera 2. Price: RM400000. Ref: EXP",,https://telegram.me/extremeproperty_listing/9946,,EXP,,
subsale,-,40,Ampang,Bandar Baru Ampang,Shop Apartment Bandar Baru Ampang,,200000,200000,,912,,3,1,732,,Shop Apartment,Leasehold,,,"Ampang Point, KPJ Ampang Puteri, Jalan Ampang",https://haniproperties.com/images/unitpic/shopapartmentbandarbaruampangEXP/pic1.jpg,"Hi Hani, I'm interested in the subsale unit at Shop Apartment Bandar Baru Ampang, Bandar Baru Ampang. Price: RM200000. Ref: EXP",,https://telegram.me/extremeproperty_listing/9891,,EXP,,
subsale,-,55,Cheras,Alam Damai,Residensi PR1MA Alam Damai,,325000,325000,,1482,,3,2,995,,Apartment,Leasehold,,,"Cheras Sentral Mall, MRT Cheras, Columbia Asia Hospital Cheras",https://haniproperties.com/images/unitpic/residensipr1maalamdamaiEXP/pic1.jpg,"Hi Hani, I'm interested in the subsale unit at Residensi PR1MA Alam Damai, Alam Damai. Price: RM325000. Ref: EXP",,https://telegram.me/extremeproperty_listing/10799,,EXP,,
subsale,-,45,Kajang,Kajang 2,Residensi Idaman Abadi,,320000,320000,,1459,,3,3,1022,,Apartment,Freehold,,,"Kajang 2 (Tropicana Heights township, near MRT Kajang)",https://haniproperties.com/images/unitpic/residensiidamanabadiEXP/pic1.jpg,"Hi Hani, I'm interested in the subsale unit at Residensi Idaman Abadi, Kajang 2. Price: RM320000. Ref: EXP",,https://telegram.me/extremeproperty_listing/14860,,EXP,,
subsale,-,40,Nilai,Mahkota Hills,Queensbury Mahkota Hills,,490000,,,2326,,4,3,1684,,Terrace,Freehold,,,Near Nottingham & Xiamen Univ,https://haniproperties.com/images/unitpic/queensburymahkotahillsEXP/pic1.jpg,"Hi Hani, I'm interested in the subsale unit at Queensbury Mahkota Hills, Mahkota Hills. Price: RM510000. Ref: EXP",,https://telegram.me/extremeproperty_listing/9045,,EXP,,
subsale,-,30,Puchong,Puchong,Puchong Selangor,,730000,730000,,3329,,,,12800,,Land,Leasehold,,,18,https://haniproperties.com/images/unitpic/puchongselangorRSS/pic1.jpg,"Hi Hani, I'm interested in the subsale unit at Puchong Selangor, Puchong. Price: RM730000. Ref: RSS",,https://telegram.me/rumahsubsaleklselangorbynuruls/821,,RSS,,
subsale,-,45,Seri Kembangan,Seri Kembangan,Pangsapuri Cahaya Permai,,285000,285000,,1300,,3,2,869,,Apartment,Leasehold,,,Leasehold Bumi lot 83 tahun dekat MRT Equine/Putra Permai,https://haniproperties.com/images/unitpic/pangsapuricahayapermaiEXP/pic1.jpg,"Hi Hani, I'm interested in the subsale unit at Pangsapuri Cahaya Permai, Seri Kembangan. Price: RM285000. Ref: EXP",,https://telegram.me/extremeproperty_listing/7442,,EXP,,
subsale,-,40,Seri Kembangan,Seri Kembangan,Pangsapuri Bayu Suria,,285000,285000,,1300,,3,2,1100,,Apartment,Leasehold,,,Leasehold near The Mines/Equine with RM120 fee,https://haniproperties.com/images/unitpic/pangsapuribayusuriaEXP/pic1.jpg,"Hi Hani, I'm interested in the subsale unit at Pangsapuri Bayu Suria, Seri Kembangan. Price: RM285000. Ref: EXP",,https://telegram.me/extremeproperty_listing/9278,,EXP,,
subsale,-,55,Shah Alam,Seksyen 13,Menara U2,,380000,380000,,1733,,2,1,622,,Condominium,Leasehold,,,"AEON Mall Shah Alam, MSU College University, KTM Batu Tiga",https://haniproperties.com/images/unitpic/menarau2HRK/pic1.jpg,"Hi Hani, I'm interested in the subsale unit at Menara U2, Seksyen 13. Price: RM380000. Ref: HRK",,https://telegram.me/ListingRumahHurakanShahAlam/160,,HRK,,
subsale,-,40,Klang,Bandar Bukit Raja,Jalan Rodat Bandar Bukit Raja,,798000,798000,,3639,,4,3,2300,,Terrace,Freehold,,,"Setia City Mall, Columbia Asia Hospital Setia Alam, Tenby International School Setia Alam",https://haniproperties.com/images/unitpic/jalanrodatbandarbukitrajaHRK/pic1.jpg,"Hi Hani, I'm interested in the subsale unit at Jalan Rodat Bandar Bukit Raja, Bandar Bukit Raja. Price: RM798000. Ref: HRK",,https://telegram.me/ListingRumahHurakanShahAlam/8,,HRK,,
subsale,-,30,Shah Alam,Seksyen 23,Jalan Komoditi 23/9B Seksyen 23,,780000,780000,,3557,,4,4,2310,,Terrace,Leasehold,,,Leasehold hingga 2104 lokasi matang Seksyen 23 Shah Alam,https://haniproperties.com/images/unitpic/jalankomoditi239bseksyen23EXP/pic1.jpg,"Hi Hani, I'm interested in the subsale unit at Jalan Komoditi 23/9B Seksyen 23, Seksyen 23. Price: RM780000. Ref: EXP",,https://telegram.me/extremeproperty_listing/10180,,EXP,,
subsale,-,35,Ampang,Taman Sering Ukay,Gaia Taman Sering Ukay,,4500000,4500000,,20521,,7,8,5800,,Bungalow,Freehold,,,15 mins to KLCC premium enclave,https://haniproperties.com/images/unitpic/gaiatamanseringukayEXP/pic1.jpg,"Hi Hani, I'm interested in the subsale unit at Gaia Taman Sering Ukay, Taman Sering Ukay. Price: RM4500000. Ref: EXP",,https://telegram.me/extremeproperty_listing/14619,,EXP,,
subsale,-,45,Seri Kembangan,Seri Kembangan,Fortune Park,,279000,279000,,1272,,3,2,1109,,Apartment,Leasehold,,,High-floor unit near South City Plaza and Serdang Raya bus stops,https://haniproperties.com/images/unitpic/fortuneparkRSS/pic1.jpg,"Hi Hani, I'm interested in the subsale unit at Fortune Park, Seri Kembangan. Price: RM279000. Ref: RSS",,https://telegram.me/rumahsubsaleklselangorbynuruls/789,,RSS,,
subsale,-,55,Shah Alam,Seksyen 17,Flat PKNS,,187000,187000,,853,,2,1,592,,Flat,Leasehold,,,walking distance to INTEC and KTM Padang Jawa,https://haniproperties.com/images/unitpic/flatpknsEXP/pic1.jpg,"Hi Hani, I'm interested in the subsale unit at Flat PKNS, Seksyen 17. Price: RM187000. Ref: EXP",,https://telegram.me/extremeproperty_listing/14478,,EXP,,
subsale,-,55,Puchong,Taman Putra Perdana,LBS Skylake Residence,,390000,390000,,1778,,2,2,883,,Service Residence,Leasehold,,,SMK Putra Perdana | SRA Taman Putra Perdana | LDP Highway | ELITE Highway | Puchong Prima LRT,https://haniproperties.com/images/unitpic/lbsskylakeresidenceMMN/pic1.jpg,"Hi Hani, I'm interested in the subsale unit at LBS Skylake Residence, Taman Putra Perdana. Price: RM390000. Ref: MMN",6/6/2026,https://telegram.me/HaniMNListingSubsale/540,,MMN,,
subsale,-,40,Bangi/Kajang,Southville City,Cerrado @ Southville City,,370000,370000,,1687,,2,1,656,,Service Residence,Freehold,,,Near NSE Bangi Putrajaya growth corridor,https://haniproperties.com/images/unitpic/cerradosouthvillecityEXP/pic1.jpg,"Hi Hani, I'm interested in the subsale unit at Cerrado @ Southville City, Dengkil Southville City. Price: RM370000. Ref: EXP",,https://telegram.me/extremeproperty_listing/14647,,EXP,,
subsale,-,40,Cyberjaya / Putrajaya,Dengkil,Casa Bluebell Townhouse,,455000,455000,,2075,,3,2,1160,,Townhouse,Leasehold,,,Growth corridor near Cyberjaya Putrajaya,https://haniproperties.com/images/unitpic/casabluebelltownhouseZYP/pic1.jpg,"Hi Hani, I'm interested in the subsale unit at Casa Bluebell Townhouse, Dengkil. Price: RM455000. Ref: ZYP",,https://telegram.me/zikriyussofperundinghartanah/1109,,ZYP,,
subsale,-,55,Shah Alam,Seksyen 13,Persanda 3 Apartment,,300000,,,1414,,3,2,928,,Apartment,Leasehold,,,Management & Science University (MSU) | AEON Mall Shah Alam | KTM Batu Tiga | MSU Medical Centre,https://haniproperties.com/images/unitpic/persanda3apartmentMMN/pic1.jpg,"Hi Hani, I'm interested in the subsale unit at Persanda 3 Apartment, Seksyen 13. Price: RM310000. Ref: MMN",2/4/2026,https://telegram.me/HaniMNListingSubsale/449,,MMN,,
subsale,-,30,Bangi/Kajang,Bukit Mahkota,Bukit Mahkota Double Storey Endlot,,690000,690000,,3147,,4,3,1900,,Terrace,Freehold,,,"Gated & Guarded Bukit Mahkota, Bangi",https://haniproperties.com/images/unitpic/bukitmahkotadoublestoreyendlotRSS/pic1.jpg,"Hi Hani, I'm interested in the subsale unit at Bukit Mahkota Double Storey Endlot, Bukit Mahkota. Price: RM690000. Ref: RSS",,https://telegram.me/rumahsubsaleklselangorbynuruls/923,,RSS,,
subsale,-,30,Ampang,Ampang,Astoria Ampang,,690000,690000,,3147,,5,2,888,,Service Residence,Leasehold,,,Ampang mature location,https://haniproperties.com/images/unitpic/astoriaampangEXP/pic1.jpg,"Hi Hani, I'm interested in the subsale unit at Astoria Ampang, Ampang. Price: RM690000. Ref: EXP",,https://telegram.me/extremeproperty_listing/13593,,EXP,,
subsale,-,15,Puchong,Taman Putra Perdana,Apartment Teratai,,168000,168000,,766,,3,2,751,,Apartment,Leasehold,,,Leasehold hingga 2112 near Equine/Puchong/Cyberjaya,https://haniproperties.com/images/unitpic/apartmentterataiEXP/pic1.jpg,"Hi Hani, I'm interested in the subsale unit at Apartment Teratai, Taman Putra Perdana. Price: RM168000. Ref: EXP",,https://telegram.me/extremeproperty_listing/9301,,EXP,,
subsale,-,35,Ampang,Ampang Saujana,Ampang Saujana Semi D Cluster,,1700000,1700000,,7752,,7,5,3800,,Semi D,Leasehold,,,10 min KLCC via SUKE AKLEH,https://haniproperties.com/images/unitpic/ampangsaujanasemidclusterEXP/pic1.jpg,"Hi Hani, I'm interested in the subsale unit at Ampang Saujana Semi D Cluster, Ampang Saujana. Price: RM1700000. Ref: EXP",,https://telegram.me/extremeproperty_listing/14638,,EXP,,
subsale,-,40,Kuala Lumpur,Taman Melawati,16 Quartz Sky Villa,,800000,800000,,3648,,4,4,1430,,Condominium,Leasehold,,,Leasehold non-bumi Melawati low-density 36 unit sahaja,https://haniproperties.com/images/unitpic/16quartzskyvillaEXP/pic1.jpg,"Hi Hani, I'm interested in the subsale unit at 16 Quartz Sky Villa, Taman Melawati. Price: RM800000. Ref: EXP",,https://telegram.me/extremeproperty_listing/10376,,EXP,,
rental,-,45,Selayang,Selayang Heights,Jemerlang Apartment,No Pets Owner,1400,-,-,-,1,3,2,1000,Fully Furnished,Apartment,-,-,-,Selayang Wholesale Market | Hospital Selayang | Rawang Highway,https://haniproperties.com/images/unitpic/jemerlangapartmentEX/pic1.jpg,"Hi Hani, I'm interested in the unit rental at Jemerlang Apartment, Selayang Heights. Price: RM1400. Ref: EX",3/8/2026,https://t.me/RumahSewaKLSlgrBelowRM2000/28937,-,EX,-,
subsale,-,45,Selayang,Taman Pinggiran,Desa Temenggung,-,250000,-,-,1065,1,4,2,930,-,Apartment,Leasehold,-,-,Gombak LRT Station | Giant Hypermarket Batu Caves | Hospital Selayang | SMK Hillcrest | MRR2,https://haniproperties.com/images/unitpic/desatemenggungEXP/pic1.jpg,"Hi Hani, I'm interested in the subsale unit at Desa Temenggung, Taman Pinggiran. Price: RM250000. Ref: EXP",5/8/2026,https://t.me/extremeproperty_listing/20375,-,EXP,-,
rental,-,45,Kajang,Sungai Long,Taman Desa Budiman,Family/Couple Preferred,2500,-,-,-,-,4,3,-,Partially Furnished,Terrace,-,-,-,AEON Mahkota Cheras Shopping Centre | BMC Mall | Sungai Long Specialist Hospital | UTAR Sungai Long | SILK Highway,https://haniproperties.com/images/unitpic/tamandesabudimanDPM/pic1.jpg,"Hi Hani, I'm interested in the unit rental at Taman Desa Budiman, Sungai Long. Price: RM2500. Ref: DPM",7/8/2026,https://t.me/DeePropmall/2374,Immediate,DPM,-,
subsale,-,55,Shah Alam,Jalan Bukit Cherakah,Bukit Cherakah,-,350000,-,-,1491,-,3,3,5025,-,Bungalow,Leasehold,-,-,Setia City Mall | KPJ Selangor Specialist Medical Center | UiTM Puncak Alam | DASH Highway | NKVE Highway,https://haniproperties.com/images/unitpic/bukitcherakahCE/pic1.jpg,"Hi Hani, I'm interested in the subsale unit at Bukit Cherakah, Jalan Bukit Cherakah. Price: RM350000. Ref: CE",10/8/2026,https://t.me/CECextra/28,-,CE,-,
subsale,-,45,Semenyih,Bandar Teknologi Kajang,Simfoni 1,-,285000,-,-,1214,2,3,2,1073,-,Service Residence,Leasehold,-,-,KTM Kajang Station | Mydin Mall Semenyih | Hospital Kajang | UNITEN | SILK Highway,https://haniproperties.com/images/unitpic/simfoni1CE/pic1.jpg,"Hi Hani, I'm interested in the subsale unit at Simfoni 1, Bandar Teknologi Kajang. Price: RM285000. Ref: CE",10/8/2026,https://t.me/CECextra/78,-,CE,-,
rental,-,40,Dengkil,Cybersouth,Kita Impian,-,1500,-,-,-,-,3,2,901,Fully Furnished,Service Residence,-,-,-,D'Pulze Shopping Centre | Alamanda Shopping Centre | Hospital Putrajaya | UiTM Dengkil Campus | Putrajaya-Cyberjaya Expressway,/images/unitpic/kitaimpianEX/pic1.jpg,"Hi Hani, I'm interested in the unit rental at Kita Impian, Cybersouth. Price: RM1500. Ref: EX",5/8/2026,https://t.me/RumahSewaKLSlgrBelowRM2000/29035,Immediate,EX,-,
rental,-,60,Seri Kembangan,Bandar Putra Permai,Sfera Residency,-,2500,-,-,-,2,3,2,966,Fully Furnished,Condominium,-,-,-,MRT Taman Putra Permai | The Mines Shopping Mall | AEON Mall Taman Equine | IOI City Mall | Columbia Asia Hospital Puchong,https://haniproperties.com/images/unitpic/sferaresidencyADL/pic1.jpg,"Hi Hani, I'm interested in the unit rental at Sfera Residency, Bandar Putra Permai. Price: RM2500. Ref: ADL",16/8/2026,https://t.me/adiblisting/10276,Immediate,ADL,-,
rental,-,20,Dengkil,Cybersouth,Casa Embun @ Cybersouth,-,1800,-,-,-,2,3,2,1000,Partially Furnished,Service Residence,-,-,-,D'Pulze Shopping Centre | Centrus Mall | UiTM Dengkil | ELITE Highway | KLIA,/images/unitpic/casaembuncybersouthNS/pic1.jpg,"Hi Hani, I'm interested in the unit rental at Casa Embun @ Cybersouth, Cybersouth. Price: RM1800. Ref: NS",22/8/2026,https://t.me/rumahsewajualbelikldanselangor/12254,-,NS,-,
subsale,-,40,Selayang,Gombak,Pangsapuri Saujana Gombak,Non-Bumi Lot,270000,Leasehold - 77 Yrs Remaining (Exp. Dec 2103) | Strata Title | Maintenance RM130/month | Unfurnished,-,1150,1,3,2,915,-,Apartment,Leasehold,-,-,LRT Gombak Station | Giant | MRR2 | DUKE Expressway | Lebuh Utama Sri Gombak,https://haniproperties.com/images/unitpic/pangsapurisaujanagombakEXP/pic1.jpg,"Hi Hani, I'm interested in the subsale unit at Pangsapuri Saujana Gombak, Gombak. Price: RM270000. Ref: EXP",27/8/2026,https://t.me/extremeproperty_listing/21411,-,EXP,-,
subsale,-,30,Rawang,-,Merpati Apartment,Bumi Lot,190000,Ground Floor | 78 Years Leasehold Remaining | Master Title | Currently Tenanted RM1000/month,-,809,-,3,2,817,-,Apartment,Leasehold,-,-,NSK Trade City Rawang Jaya | AEON Rawang | PLUS Expressway (Rawang Toll),https://haniproperties.com/images/unitpic/merpatiapartmentEXP/pic1.jpg,"Hi Hani, I'm interested in the subsale unit at Merpati Apartment, -. Price: RM190000. Ref: EXP",20/8/2026,https://t.me/extremeproperty_listing/21167,-,EXP,-,
rental,-,55,Shah Alam,Setia Alam ,De Kiara Apartment,-,1400,Low Floor | Covered Parking | 2 Air-Conds,-,-,2,3,2,850,Partially Furnished,Apartment,-,-,-,Setia City Mall | Lotus's Setia Alam | Institut Kesihatan Negara (NIH) | NKVE Highway | GCE Highway,https://haniproperties.com/images/unitpic/dekiaraapartmentMMN/pic1.jpg,"Hi Hani, I'm interested in the unit rental at De Kiara Apartment, Setia Alam. Price: RM1400. Ref: MMN",23/9/2026,https://t.me/AniListings/3973,Immediate,MMN,-,-
subsale,-,35,Klang,Taman Bayu Perdana,Vista Indah Putra,,320000,320000,,1459,,3,2,870,,Apartment,Freehold,,,SMK / SRK Batu Unjur (~1.5km) | Giant Hypermarket BBT Klang (~2.9km) | AEON Bukit Tinggi (~4.9km),https://haniproperties.com/images/unitpic/vistaindahputraEXP/pic1.jpg,"Hi Hani, I'm interested in the subsale unit at Vista Indah Putra, Taman Bayu Perdana. Price: RM320000. Ref: EXP",4/6/2026,https://telegram.me/extremeproperty_listing/18110,,EXP,,
subsale,-,40,Selayang,"Taman Pinggiran Batu Caves, Batu Caves",Apartment Pinggiran Batu Caves,,150000,150000,,684,,2,1,650,,Apartment,Leasehold,,,LRT/KTM Batu Caves | Sekolah Rendah/Menengah Taman Pinggiran | MRR2 / DUKE Highway,https://haniproperties.com/images/unitpic/apartmentpinggiranbatucavesEXP/pic1.jpg,"Hi Hani, I'm interested in the subsale unit at Apartment Pinggiran Batu Caves, Taman Pinggiran Batu Caves, Batu Caves. Price: RM150000. Ref: EXP",3/5/2026,https://telegram.me/extremeproperty_listing/17308,,EXP,,
subsale,-,0,Kajang,Sungai Merab (Desa Putra),2 Storey Terrace M3 Residence,,920000,920000,,4195,,4,3,1890,,Terrace,Leasehold (Malay Reserve),,,SK Sungai Merab Luar | Masjid Kg Sungai Merab | Pasar Tani Sg Merab | Klinik Kesihatan Sg Merab | Bangi Gateway (3km) | KTM Bangi/Kajang (6km),https://haniproperties.com/images/unitpic/2storeyterracem3residenceRSS/pic1.jpg,"Hi Hani, I'm interested in the subsale unit at 2 Storey Terrace M3 Residence, Sungai Merab (Desa Putra). Price: RM920000. Ref: RSS",21/4/2025,https://telegram.me/rumahsubsaleklselangorbynuruls/1167,,RSS,,
subsale,-,40,Klang,Bayu Perdana,Vista Bayu Apartment,,338000,338000,,1541,,3,2,968,,Apartment,Freehold,,,"Near Manipal Hospital, schools and Bayu Perdana amenities",https://haniproperties.com/images/unitpic/vistabayuapartmentRSS/pic1.jpg,"Hi Hani, I'm interested in the subsale unit at Vista Bayu Apartment, Bayu Perdana. Price: RM338000. Ref: RSS",,https://telegram.me/rumahsubsaleklselangorbynuruls/577,,RSS,,
subsale,-,50,Seri Kembangan,Serdang,Univ 360 Place,,429000,429000,,1956,,3,2,982,,Serviced Apartment,Leasehold,,,Leasehold bumi lot near MRT Serdang Jaya/UPM/The Mines,https://haniproperties.com/images/unitpic/univ360placeEXP/pic1.jpg,"Hi Hani, I'm interested in the subsale unit at Univ 360 Place, Serdang. Price: RM429000. Ref: EXP",,https://telegram.me/extremeproperty_listing/11797,,EXP,,
subsale,-,30,Sepang,Sepang,Tanah Pertanian Sepang,,3000000,3000000,,13681,,,,,,Agricultural Land,Freehold,,,Developing Growth Zone,/images/unitpic/tanahpertaniansepangRSS/pic1.jpg,"Hi Hani, I'm interested in the subsale unit at Tanah Pertanian Sepang, Sepang. Price: RM3000000. Ref: RSS",,https://telegram.me/rumahsubsaleklselangorbynuruls/816,,RSS,,
subsale,-,30,Sepang,Kg Salak Tinggi,Tanah Pertanian Kg Salak Tinggi,,750000,750000,,3420,,,,,,Agricultural Land,Freehold,,,Kampung Growth Pocket,/images/unitpic/tanahpertaniankgsalaktinggiRSS/pic1.jpg,"Hi Hani, I'm interested in the subsale unit at Tanah Pertanian Kg Salak Tinggi, Kg Salak Tinggi. Price: RM750000. Ref: RSS",,https://telegram.me/rumahsubsaleklselangorbynuruls/814,,RSS,,
subsale,-,35,Sepang,Kg Giching / Labu Lanjut,Tanah Lot Banglo Kg Giching,,260000,260000,,1186,,,,,,Residential Land,Freehold,,,KLIA Growth Pocket,/images/unitpic/tanahlotbanglokggichingRSS/pic1.jpg,"Hi Hani, I'm interested in the subsale unit at Tanah Lot Banglo Kg Giching, Kg Giching / Labu Lanjut. Price: RM260000. Ref: RSS",,https://telegram.me/rumahsubsaleklselangorbynuruls/810,,RSS,,
subsale,-,45,Klang,Bandar Bukit Raja,Taman Setia Impian 2 Storey Terrace,,620000,620000,,2827,,4,3,1865,,Terrace,Freehold,,,"Bandar Bukit Raja (near Setia City Mall, NKVE)",https://haniproperties.com/images/unitpic/tamansetiaimpian2storeyterraceEXP/pic1.jpg,"Hi Hani, I'm interested in the subsale unit at Taman Setia Impian 2 Storey Terrace, Bandar Bukit Raja. Price: RM620000. Ref: EXP",,https://telegram.me/extremeproperty_listing/14910,,EXP,,
subsale,-,40,Ampang,Taman Permai Jaya,Taman Permai Jaya,,2100000,2100000,,9576,,5,4,4000,,Terrace,Leasehold,,,"Great Eastern Mall, Gleneagles Kuala Lumpur, ISKL",https://haniproperties.com/images/unitpic/tamanpermaijayaEXP/pic1.jpg,"Hi Hani, I'm interested in the subsale unit at Taman Permai Jaya, Taman Permai Jaya. Price: RM2100000. Ref: EXP",,https://telegram.me/extremeproperty_listing/10707,,EXP,,
subsale,-,40,Nilai,Taman Paroi Jaya,Taman Paroi Jaya Corner Terrace,,1350000,1350000,,6156,,7,4,3200,,Terrace,Freehold,,,Near Seremban 2 malls and PLUS highway access,https://haniproperties.com/images/unitpic/tamanparoijayacornerterraceEXP/pic1.jpg,"Hi Hani, I'm interested in the subsale unit at Taman Paroi Jaya Corner Terrace, Taman Paroi Jaya. Price: RM1350000. Ref: EXP",,https://telegram.me/extremeproperty_listing/14671,,EXP,,
subsale,-,35,Sepang,Taman Indah Puteri,Taman Indah Puteri,,455000,455000,,2075,,4,2,1260,,Terrace,Freehold,,,"Freehold Non-Bumi lot dengan tanah 3,305 sqft lokasi Sepang matang",/images/unitpic/tamanindahputeriEXP/pic1.jpg,"Hi Hani, I'm interested in the subsale unit at Taman Indah Puteri, Taman Indah Puteri. Price: RM455000. Ref: EXP",,https://telegram.me/extremeproperty_listing/9718,,EXP,,
subsale,-,35,Shah Alam,Taman Desa Permai,Taman Desa Permai,,870000,870000,,3967,,6,4,2200,,Terrace,Leasehold,,,Leasehold 2092 near NKVE/Federal/Shah Alam,https://haniproperties.com/images/unitpic/tamandesapermaiEXP/pic1.jpg,"Hi Hani, I'm interested in the subsale unit at Taman Desa Permai, Taman Desa Permai. Price: RM870000. Ref: EXP",,https://telegram.me/extremeproperty_listing/11563,,EXP,,
subsale,-,0,Kajang,Sungai Lui,Sungai Lui,,2450000,2450000,,11172,,,,70400,,Agricultural Land,Leasehold,,,"Near Batu 18, schools and Hulu Langat natural attractions",https://haniproperties.com/images/unitpic/sungailuiEXP/pic1.jpg,"Hi Hani, I'm interested in the subsale unit at Sungai Lui, Sungai Lui. Price: RM2450000. Ref: EXP",,https://telegram.me/extremeproperty_listing/12040,,EXP,,
rental,-,55,Klang,Taman Bayu Perdana,Prima Bayu,-,1600,Internet Provided | Level 4,-,-,1,3,2,960,Fully Furnished,Apartment,-,-,-,LRT Bandar Bukit Tinggi | AEON Bukit Tinggi Shopping Centre | Giant Hypermarket BBT Klang | Pantai Hospital Klang,/images/unitpic/primabayuMMN/pic1.jpg,"Hi Hani, I'm interested in the unit rental at Prima Bayu, Taman Bayu Perdana. Price: RM1600. Ref: MMN",25/9/2026,https://t.me/AniListings/4002,Immediate,MMN,-,-
subsale,-,45,Ampang,Taman Cempaka,Sri Pinang Villa Apartment,,460000,460000,,2098,,3,2,1344,,Apartment,Leasehold,,,End-lot leasehold 67 tahun baki dekat LRT Cempaka,https://haniproperties.com/images/unitpic/sripinangvillaapartmentEXP/pic1.jpg,"Hi Hani, I'm interested in the subsale unit at Sri Pinang Villa Apartment, Taman Cempaka. Price: RM460000. Ref: EXP",,https://telegram.me/extremeproperty_listing/10442,,EXP,,
subsale,-,35,Kajang,Bandar Teknologi Kajang,Simfoni 2 Residences,,400000,400000,,1824,,4,3,1038,,Condominium,Leasehold,,,"Near Nottingham, UniKL, TTDI Grove and Kajang public transport",https://haniproperties.com/images/unitpic/simfoni2residencesEXP/pic1.jpg,"Hi Hani, I'm interested in the subsale unit at Simfoni 2 Residences, Bandar Teknologi Kajang. Price: RM400000. Ref: EXP",,https://telegram.me/extremeproperty_listing/12752,,EXP,,
subsale,-,35,Shah Alam,Denai Alam,Serissa Terrace Denai Alam,,1100000,1100000,,5016,,5,5,4314,,Terrace,Freehold,,,Mature township Denai Alam,https://haniproperties.com/images/unitpic/serissaterracedenaialamEXP/pic1.jpg,"Hi Hani, I'm interested in the subsale unit at Serissa Terrace Denai Alam, Denai Alam. Price: RM1100000. Ref: EXP",,https://telegram.me/extremeproperty_listing/13775,,EXP,,
subsale,-,40,Setapak,Wangsa Maju,Seri Riana Residence,,855000,855000,,3899,,3,2,1535,,Condominium,Leasehold,,,Near LRT Sri Rampai,https://haniproperties.com/images/unitpic/seririanaresidenceEXP/pic1.jpg,"Hi Hani, I'm interested in the subsale unit at Seri Riana Residence, Wangsa Maju. Price: RM855000. Ref: EXP",,https://telegram.me/extremeproperty_listing/10997,,EXP,,
rental,-,55,Shah Alam,Seksyen 31,Pangsapuri Sri Kemuning,-,1350,Low Floor | 2 Months Security Deposit + 1 Month Advance + 0.5 Month Utilities Deposit + TA (RM4725 excl. TA),-,-,1,3,2,750,Partially Furnished,Apartment,-,-,-,Gamuda Walk Mall | Columbia Asia Hospital Bukit Rimau | KESAS Highway | LKSA Highway,/images/unitpic/pangsapurisrikemuningMMN/pic1.jpg,"Hi Hani, I'm interested in the unit rental at Pangsapuri Sri Kemuning, Seksyen 31. Price: RM1350. Ref: MMN",29/9/2026,https://t.me/AniListings/3143,1/9/2026,MMN,-,-
subsale,-,35,Nilai,Residensi KLIA,Residensi KLIA,,370000,370000,,1687,,3,2,962,,Serviced Residence,Freehold,,,Near KLIA & Nilai township,https://haniproperties.com/images/unitpic/residensikliaRSS/pic1.jpg,"Hi Hani, I'm interested in the subsale unit at Residensi KLIA, Residensi KLIA. Price: RM370000. Ref: RSS",,https://telegram.me/rumahsubsaleklselangorbynuruls/901,,RSS,,
rental,-,55,Puchong,Taman Puchong Utama,2 Storey Terrace Taman Puchong Utama,Malay Family Preferred,2000,Spacious Front Porch | Well Maintained | Deposit 2+1+0.5,-,-,-,3,3,1100,Partially Furnished,Terrace,-,-,-,LRT Puchong Prima | IOI Mall Puchong | AEON BiG Puchong Utama | Columbia Asia Hospital Puchong | LDP Expressway,/images/unitpic/2storeyterracetamanpuchongutamaMMN/pic1.jpg,"Hi Hani, I'm interested in the unit rental at 2 Storey Terrace Taman Puchong Utama, Taman Puchong Utama. Price: RM2000. Ref: MMN",2/10/2026,https://t.me/AniListings/4095,Dec-26,MMN,-,-
subsale,-,45,Seri Kembangan,Seri Kembangan,Juta Mines Condominium,,350000,350000,,1596,,3,2,901,,Condominium,Leasehold,,,Leasehold hingga 2108 dekat The Mines & MRT Serdang,https://haniproperties.com/images/unitpic/jutaminescondominiumEXP/pic1.jpg,"Hi Hani, I'm interested in the subsale unit at Juta Mines Condominium, Seri Kembangan. Price: RM350000. Ref: EXP",,https://telegram.me/extremeproperty_listing/9861,,EXP,,
subsale,-,30,Sepang,Jenderam Hulu,Jenderam Hulu,,3500000,3500000,,15961,,,,187852,,Land,Freehold,,,"Near UNIKL MIAT, KLIA, Putrajaya and Cyberjaya",/images/unitpic/jenderamhuluEXP/pic1.jpg,"Hi Hani, I'm interested in the subsale unit at Jenderam Hulu, Jenderam Hulu. Price: RM3500000. Ref: EXP",,https://telegram.me/extremeproperty_listing/12879,,EXP,,
subsale,-,50,Shah Alam,I-City Shah Alam,Hyde Tower,,400000,400000,,1824,,1,1,464,,Service Apartment,Leasehold,,,Near i-City Mall & UITM,https://haniproperties.com/images/unitpic/hydetowerEXP/pic1.jpg,"Hi Hani, I'm interested in the subsale unit at Hyde Tower, I-City Shah Alam. Price: RM400000. Ref: EXP",,https://telegram.me/extremeproperty_listing/9855,,EXP,,
subsale,-,45,Ampang,Pandan Indah,Grandeur Tower Apartment,,350000,350000,,1596,,3,2,962,,Apartment,Leasehold,,,"Near Aeon Big, LRT Cempaka/Pandan Indah and major KL access",https://haniproperties.com/images/unitpic/grandeurtowerapartmentEXP/pic1.jpg,"Hi Hani, I'm interested in the subsale unit at Grandeur Tower Apartment, Pandan Indah. Price: RM350000. Ref: EXP",,https://telegram.me/extremeproperty_listing/12214,,EXP,,
subsale,-,30,Kajang,Taman Bukit Ria,Double Storey Taman Bukit Ria,,688000,688000,,3137,,4,3,1800,,Terrace,Freehold,,,Near Kajang town + SILK Highway,https://haniproperties.com/images/unitpic/doublestoreytamanbukitriaEXP/pic1.jpg,"Hi Hani, I'm interested in the subsale unit at Double Storey Taman Bukit Ria, Taman Bukit Ria. Price: RM688000. Ref: EXP",,https://telegram.me/extremeproperty_listing/13997,,EXP,,
subsale,-,45,Kajang,Setia EcoHill,D'Cassia Apartment,,300000,300000,,1368,,3,2,850,,Apartment,Freehold,,,Freehold Non-Bumi dekat EcoHill Mall & LEKAS,https://haniproperties.com/images/unitpic/dcassiaapartmentEXP/pic1.jpg,"Hi Hani, I'm interested in the subsale unit at D'Cassia Apartment, Setia EcoHill. Price: RM300000. Ref: EXP",,https://telegram.me/extremeproperty_listing/9988,,EXP,,
subsale,-,35,Sepang,KLIA / Bandar Baru Salak Tinggi,Casa Dahlia Apartment,,300000,300000,,1368,,3,2,853,,Apartment,Freehold,,,Salak Tinggi (near KLIA/KLIA2),/images/unitpic/casadahliaapartmentZYP/pic1.jpg,"Hi Hani, I'm interested in the subsale unit at Casa Dahlia Apartment, KLIA / Bandar Baru Salak Tinggi. Price: RM300000. Ref: ZYP",,https://telegram.me/zikriyussofperundinghartanah/1051,,ZYP,,
subsale,-,40,Ampang,Ampang,Brezza Hill Condominium,,710000,710000,,3238,,3,3,1073,,Condominium,Leasehold,,,"Ampang Point, AEON Big Ampang, LRT Cempaka",https://haniproperties.com/images/unitpic/brezzahillcondominiumEXP/pic1.jpg,"Hi Hani, I'm interested in the subsale unit at Brezza Hill Condominium, Ampang. Price: RM710000. Ref: EXP",,https://telegram.me/extremeproperty_listing/8981,,EXP,,
rental,-,55,Kajang,Jalan Reko,Vista Bangi,-,2400,High Floor | Deposit 2+1+0.5,-,-,2,3,2,1000,Fully Furnished,Service Residence,-,-,-,KTM UKM | Bangi Gateway | Hospital Kajang | Universiti Kebangsaan Malaysia (UKM) | SILK Highway,/images/unitpic/vistabangiMMN/pic1.jpg,"Hi Hani, I'm interested in the unit rental at Vista Bangi, Jalan Reko. Price: RM2400. Ref: MMN",2/10/2026,https://t.me/AniListings/4101,Immediate,MMN,-,-
subsale,-,30,Rawang,Bandar Sri Putra,Apartment Seri Melati,,190000,190000,,866,,3,2,789,,Apartment,Freehold,,,"Strong accessibility to PLUS, Nilai, Bangi and Putrajaya",https://haniproperties.com/images/unitpic/apartmentserimelatiEXP/pic1.jpg,"Hi Hani, I'm interested in the subsale unit at Apartment Seri Melati, Bandar Sri Putra. Price: RM190000. Ref: EXP",,https://telegram.me/extremeproperty_listing/13035,,EXP,,
subsale,-,35,Klang,Amber Residence Gamuda,Amber Residence Gamuda,,680000,680000,,3101,,3,2,1001,,Serviced Residence,Leasehold,,,"Retail convenience beside Quayside Mall, Kota Kemuning",https://haniproperties.com/images/unitpic/amberresidencegamudaEXP/pic1.jpg,"Hi Hani, I'm interested in the subsale unit at Amber Residence Gamuda, Amber Residence Gamuda. Price: RM680000. Ref: EXP",,https://telegram.me/extremeproperty_listing/13576,,EXP,,
subsale,-,40,Shah Alam,Kota Kemuning,3-Storey Semi-D Broadleaf Residences,,1900000,1900000,,8664,,7,9,4654,,Semi D,Leasehold,,,"Gamuda Walk Mall, Columbia Asia Hospital Bukit Rimau",https://haniproperties.com/images/unitpic/3storeysemidbroadleafresidencesEXP/pic1.jpg,"Hi Hani, I'm interested in the subsale unit at 3-Storey Semi-D Broadleaf Residences, Kota Kemuning. Price: RM1900000. Ref: EXP",,https://telegram.me/extremeproperty_listing/13242,,EXP,,
subsale,-,45,Selayang,Taman Wilayah,Taman Wilayah Selayang Flat,-,120000,-,-,511,-,2,1,560,-,Flat,Leasehold,-,-,Selayang Mall | Hospital Selayang | MRR2 | LATAR Expressway,https://haniproperties.com/images/unitpic/tamanwilayahselayangflatEXP/pic1.jpg,"Hi Hani, I'm interested in the subsale unit at Taman Wilayah Selayang Flat, Taman Wilayah. Price: RM120000. Ref: EXP",2/8/2026,https://t.me/extremeproperty_listing/20253,-,EXP,-,
rental,-,30,Rawang,Batang Kali,Selindung Daun,-,1300,-,-,-,-,4,3,1271,Unfurnished,Terrace,-,-,-,KTM Batang Kali | Pekan Batang Kali | Sek Men Sains Hulu Selangor | Sek Keb Antara Gapi | PLUS Highway Sungai Buaya Exit,https://haniproperties.com/images/unitpic/selindungdaunNLH/pic1.jpg,"Hi Hani, I'm interested in the unit rental at Selindung Daun, Batang Kali. Price: RM1300. Ref: NLH",5/8/2026,https://t.me/nourladyhartanah/1060,1/9/2026,NLH,-,
subsale,-,30,Puncak Alam,Bandar Hillpark,Bandar Hillpark,-,890000,-,-,3791,-,4,3,1500,-,Terrace,Leasehold,-,-,Lotus's Puncak Alam | Pusat Perdagangan Hillpark | Hospital Al-Sultan Abdullah UiTM | UiTM Puncak Alam | LATAR Expressway,https://haniproperties.com/images/unitpic/bandarhillparkEXP/pic1.jpg,"Hi Hani, I'm interested in the subsale unit at Bandar Hillpark, Bandar Hillpark. Price: RM890000. Ref: EXP",11/8/2026,https://t.me/extremeproperty_listing/20955,-,EXP,-,
rental,-,55,Sepang,Kota Warisan,Core SoHo Suites,Muslim Only,1300,-,-,-,1,-,-,450,Fully Furnished,Studio,-,-,-,Mitsui Outlet Park KLIA | KLIA | KLIA2 | Sepang International Circuit | Xiamen University Malaysia,/images/unitpic/coresohosuitesADL/pic1.jpg,"Hi Hani, I'm interested in the unit rental at Core SoHo Suites, Kota Warisan. Price: RM1300. Ref: ADL",14/8/2026,https://t.me/adiblisting/10137,Immediate,ADL,-,
subsale,-,40,Kajang,Sungai Merab (Desa Putra),2 Storey Terrace M3 Residence,Malay Reserve Land,705000,Basic Unit | Individual Title | Land Area 1780 sqft (20x87) | Built ~2 Years Ago | Tenanted (RM2000/month),-,3003,-,5,3,1890,-,Terrace,Leasehold,-,-,KTM Bangi/Kajang | Bangi Gateway | SK Desa Putra | SRA Desa Putra | Klinik Kesihatan Sg Merab,https://haniproperties.com/images/unitpic/2storeyterracem3residenceEXP/pic1.jpg,"Hi Hani, I'm interested in the subsale unit at 2 Storey Terrace M3 Residence, Sungai Merab (Desa Putra). Price: RM705000. Ref: EXP",18/8/2026,https://t.me/extremeproperty_listing/21094,-,EXP,-,
rental,-,40,Sepang,Kota Warisan,Core SoHo Suites,-,1450,Level 12 | Negotiable,-,-,1,-,-,450,Fully Furnished,Studio,-,-,-,Mitsui Outlet Park KLIA | KLIA | KLIA2 | Sepang International Circuit | Xiamen University Malaysia,/images/unitpic/coresohosuitesADL2/pic1.jpg,"Hi Hani, I'm interested in the unit rental at Core SoHo Suites, Kota Warisan. Price: RM1450. Ref: ADL",18/8/2026,https://t.me/adiblisting/10433,Immediate,ADL,-,
rental,-,30,Semenyih,Diamond City,Acacia Semenyih Apartment,-,850,High Floor (Level 13) | Maintenance Fee Included,-,-,2,3,2,1000,-,Apartment,-,-,-,Ecohill Walk | Lotus's Semenyih | LEKAS Highway,https://haniproperties.com/images/unitpic/acaciasemenyihapartmentNS2/pic1.jpg,"Hi Hani, I'm interested in the unit rental at Acacia Semenyih Apartment, Diamond City. Price: RM850. Ref: NS",18/8/2026,https://t.me/rumahsewajualbelikldanselangor/12155,Immediate,NS,-,
subsale,-,45,Klang,Bandar Tropicana Aman,Tropicana Aman Bayan,-,850000,850000,,3621,,4,4,1760,-,Terrace,Leasehold,-,-,Sanctuary Mall | KSL Esplanade Mall | Pantai Hospital Klang | SKVE Highway,https://haniproperties.com/images/unitpic/tropicanaamanbayanEXP/pic1.jpg,"Hi Hani, I'm interested in the subsale unit at Tropicana Aman Bayan, Bandar Tropicana Aman. Price: RM850000. Ref: EXP",13/7/2026,https://telegram.me/extremeproperty_listing/19683,-,EXP,-,
subsale,-,35,Selayang,Kampung Sungai Pusu,Taman Desa Gemilang,Malay Reserved,1290000,1290000,,5495,,5,5,3500,-,Terrace,Leasehold,-,-,Terminal Bersepadu Gombak (TBG) | KL East Mall | UIAM | KUIS | Karak Highway,https://haniproperties.com/images/unitpic/tamandesagemilangEXP/pic1.jpg,"Hi Hani, I'm interested in the subsale unit at Taman Desa Gemilang, Kampung Sungai Pusu. Price: RM1290000. Ref: EXP",10/7/2026,https://telegram.me/extremeproperty_listing/19626,-,EXP,-,
subsale,-,25,Dengkil,Cybersouth,Pangsapuri Kita Ria,Malay Reserve | Bumi Lot,298000,298000,,1269,,3,2,901,-,Service Residence,Leasehold,-,-,MEX Highway | ELITE Highway | UiTM Dengkil | SMK Dengkil,/images/unitpic/pangsapurikitariaEXP/pic1.jpg,"Hi Hani, I'm interested in the subsale unit at Pangsapuri Kita Ria, Cybersouth. Price: RM298000. Ref: EXP",10/7/2026,https://telegram.me/extremeproperty_listing/19610,-,EXP,-,
subsale,-,35,Puncak Alam,LBS Alam Perdana,2 Storey Terrace Irama Perdana,,480000,480000,,2189,,4,4,1209,,Terrace,Leasehold,,,SK Puncak Alam 3 (~1–2km) | UITM Puncak Alam (~2km) | Econsave Puncak Alam (~1km) | Masjid in-township | Klinik Kesihatan Puncak Alam (~2km),https://haniproperties.com/images/unitpic/2storeyterraceiramaperdanaEXP/pic1.jpg,"Hi Hani, I'm interested in the subsale unit at 2 Storey Terrace Irama Perdana, LBS Alam Perdana. Price: RM480000. Ref: EXP",14/6/2026,https://telegram.me/extremeproperty_listing/16781,,EXP,,
subsale,-,40,Shah Alam,Seksyen 33,2 Storey Terrace Taman Alam Indah,,1200000,1200000,,5472,,5,5,2500,,Terrace,Leasehold,,,SK/SMK Taman Alam Megah | LRT Alam Megah (Kelana Jaya Line),https://haniproperties.com/images/unitpic/2storeyterracetamanalamindahEXP/pic1.jpg,"Hi Hani, I'm interested in the subsale unit at 2 Storey Terrace Taman Alam Indah, Seksyen 33. Price: RM1200000. Ref: EXP",3/5/2026,https://telegram.me/extremeproperty_listing/17258,,EXP,,
subsale,-,35,Sepang,Dengkil,Residential Land Dengkil,,335000,335000,,1528,,,,8563,,Residential Land,Leasehold (exp. 2094),,,UiTM Cawangan Selangor Kampus Dengkil | PKNS Selangor Cyber Valley Science Park | Bandar Gamuda Cove,/images/unitpic/residentiallanddengkilRSS/pic1.jpg,"Hi Hani, I'm interested in the subsale unit at Residential Land Dengkil, Dengkil. Price: RM335000. Ref: RSS",23/4/2026,https://telegram.me/rumahsubsaleklselangorbynuruls/1184,,RSS,,
subsale,-,35,Puncak Alam,Puncak Alam,Sentrovue Service Apartment,,255000,255000,,1163,,3,2,842,,Service Apartment,Leasehold,,,UiTM Puncak Alam (primary rental driver) | Econsave Puncak Alam (daily retail anchor) | Puncak Alam Town Centre (commercial hub),https://haniproperties.com/images/unitpic/sentrovueserviceapartmentRSS/pic1.jpg,"Hi Hani, I'm interested in the subsale unit at Sentrovue Service Apartment, Puncak Alam. Price: RM255000. Ref: RSS",10/4/2026,https://telegram.me/rumahsubsaleklselangorbynuruls/1026,,RSS,,
subsale,-,30,Sepang,Dengkil,1 Storey Townhouse Platinum Residence Dengkil,,380000,380000,,1733,,3,2,1421,,Townhouse,Leasehold,,,Dengkil Town Centre (daily retail + food) | SK Dengkil (family demand driver) | Masjid Dengkil (community anchor),/images/unitpic/1storeytownhouseplatinumresidencedengkilRSS/pic1.jpg,"Hi Hani, I'm interested in the subsale unit at 1 Storey Townhouse Platinum Residence Dengkil, Dengkil. Price: RM380000. Ref: RSS",10/4/2026,https://telegram.me/rumahsubsaleklselangorbynuruls/1015,,RSS,,
rental,-,55,Shah Alam,Setia Alam,Edusentral,-,1250,High Floor | WiFi Ready | Deposit 2+1+0.5,-,-,-,0,1,550,Fully Furnished,Studio,-,-,-,Setia City Mall | Setia City Convention Centre (SCCC) | National Institutes of Health (NIH) | NKVE | GCE (Guthrie Corridor Expressway),/images/unitpic/edusentralMMN/pic1.jpg,"Hi Hani, I'm interested in the unit rental at Edusentral, Setia Alam. Price: RM1250. Ref: MMN",2/10/2026,https://t.me/AniListings/4108,Immediate,MMN,-,-
subsale,-,40,Shah Alam,"Seksyen U9, Cahaya SPK",2 Storey Terrace Cahaya SPK,,3250000,3250000,,14821,,5,5,4500,,Terrace,Leasehold,,,"Cahaya SPK Resort Club (Olympic pool, sports complex, clubhouse) | SK Seri Cahaya / UiTM Puncak Perdana (~nearby) | NKVE / Guthrie Corridor / DASH Highway access",https://haniproperties.com/images/unitpic/2storeyterracecahayaspkEXP/pic1.jpg,"Hi Hani, I'm interested in the subsale unit at 2 Storey Terrace Cahaya SPK, Seksyen U9, Cahaya SPK. Price: RM3250000. Ref: EXP",8/5/2025,https://telegram.me/extremeproperty_listing/17336,,EXP,,
subsale,-,15,Langkawi,Kuah,Homestay + Motel Complex Kuah Langkawi,,3300000,3300000,,15049,,,,,,Commercial,-,,,Pasar Awam Kuah (~0.7 km) | Langkawi Parade (~1.0 km) | Pekan Kuah (~1.1 km) | Jeti Kuah (~3.4 km),https://haniproperties.com/images/unitpic/homestaymotelcomplexkuahlangkawiRSS/pic1.jpg,"Hi Hani, I'm interested in the subsale unit at Homestay + Motel Complex Kuah Langkawi, Kuah. Price: RM3300000. Ref: RSS",23/4/2025,https://telegram.me/rumahsubsaleklselangorbynuruls/1202,,RSS,,
subsale,-,35,Bangi/Kajang,Bangi,Tiara Imperio,,360000,360000,,1642,,2,1,700,,Serviced Residence,Leasehold,,,Dekat GMI (walking) + akses UKM/UNITEN/UPM/Putrajaya,https://haniproperties.com/images/unitpic/tiaraimperioRSS/pic1.jpg,"Hi Hani, I'm interested in the subsale unit at Tiara Imperio, Bangi. Price: RM360000. Ref: RSS",,https://telegram.me/rumahsubsaleklselangorbynuruls/950,,RSS,,
subsale,-,25,Selangor,Tanah Tepi Highway PLUS,Tanah Tepi Highway PLUS,,7900000,7900000,,36025,,,,426288,,Land,Freehold,,,Beside PLUS with high traffic flow year-round,https://haniproperties.com/images/unitpic/tanahtepihighwayplusEXP/pic1.jpg,"Hi Hani, I'm interested in the subsale unit at Tanah Tepi Highway PLUS, Tanah Tepi Highway PLUS. Price: RM7900000. Ref: EXP",,https://telegram.me/extremeproperty_listing/12913,,EXP,,
subsale,-,35,Sepang,Bandar Baru Salak Tinggi,Taman Mawar 2,,495000,495000,,2257,,5,3,1650,,Terrace,Leasehold,,,"KLIA, Mitsui Outlet Park, Hospital KLIA",/images/unitpic/tamanmawar2EXP/pic1.jpg,"Hi Hani, I'm interested in the subsale unit at Taman Mawar 2, Bandar Baru Salak Tinggi. Price: RM495000. Ref: EXP",,https://telegram.me/extremeproperty_listing/10669,,EXP,,
subsale,-,30,Sepang,Taman Indah KLIA,Taman Indah KLIA,,450000,450000,,2052,,4,3,2060,,Terrace,Leasehold,,,Leasehold bumi lot KLIA/Salak Tinggi/Nilai corridor,/images/unitpic/tamanindahkliaEXP/pic1.jpg,"Hi Hani, I'm interested in the subsale unit at Taman Indah KLIA, Taman Indah KLIA. Price: RM450000. Ref: EXP",,https://telegram.me/extremeproperty_listing/11520,,EXP,,
subsale,-,35,Puchong,Putra Perdana,Skylake Residence,,630000,630000,,2873,,3,2,1050,,Condominium,Leasehold,,,"Lakefront condo in Puchong Putra Perdana with easy access to LDP, SKVE, ELITE and MEX",https://haniproperties.com/images/unitpic/skylakeresidenceEXP/pic1.jpg,"Hi Hani, I'm interested in the subsale unit at Skylake Residence, Putra Perdana. Price: RM630000. Ref: EXP",,https://telegram.me/extremeproperty_listing/12020,,EXP,,
subsale,-,40,Sepang,Serenia City,Serenia Aqila,,1750000,1750000,,7980,,6,5,3030,,Terrace,Freehold,,,Freehold non-bumi Serenia City near Xiamen/Kipmall/KLIA,/images/unitpic/sereniaaqilaEXP/pic1.jpg,"Hi Hani, I'm interested in the subsale unit at Serenia Aqila, Serenia City. Price: RM1750000. Ref: EXP",,https://telegram.me/extremeproperty_listing/11385,,EXP,,
subsale,-,40,Cheras,Cegal Cheras,Pangsapuri Cengal Cheras,,340000,340000,,1550,,3,1,880,,Apartment,Leasehold,,,Leasehold non-bumi GF Cheras near amenities,https://haniproperties.com/images/unitpic/pangsapuricengalcherasRSS/pic1.jpg,"Hi Hani, I'm interested in the subsale unit at Pangsapuri Cengal Cheras, Cegal Cheras. Price: RM340000. Ref: RSS",,https://telegram.me/rumahsubsaleklselangorbynuruls/317,,RSS,,
subsale,-,40,Selayang,Selayang,One Sierra Apartment,,230000,230000,,1049,,3,2,767,,Apartment,Leasehold,,,"Near NSK, Mall, UiTM, Hospital Selayang",https://haniproperties.com/images/unitpic/onesierraapartmentEXP/pic1.jpg,"Hi Hani, I'm interested in the subsale unit at One Sierra Apartment, Selayang. Price: RM230000. Ref: EXP",,https://telegram.me/extremeproperty_listing/11953,,EXP,,
subsale,-,30,Nilai,Bandar Sri Sendayan,Nusari Aman 2,,600000,600000,,2736,,4,3,2316,,Terrace,Freehold,,,Established Sendayan township + near schools/shops + highways,https://haniproperties.com/images/unitpic/nusariaman2ZYP/pic1.jpg,"Hi Hani, I'm interested in the subsale unit at Nusari Aman 2, Bandar Sri Sendayan. Price: RM600000. Ref: ZYP",,https://telegram.me/zikriyussofperundinghartanah/1065,,ZYP,,
subsale,-,35,Selayang,Selayang,Magna Ville Condominium,,289000,289000,,1318,,2,2,1001,,Condominium,Leasehold,,,Walkable schools and strong medical hub proximity,https://haniproperties.com/images/unitpic/magnavillecondominiumEXP/pic1.jpg,"Hi Hani, I'm interested in the subsale unit at Magna Ville Condominium, Selayang. Price: RM289000. Ref: EXP",,https://telegram.me/extremeproperty_listing/13859,,EXP,,
subsale,-,30,Sepang,Cybersouth,Kita Impian Apartment @ Cybersouth,,310000,310000,,1414,,3,2,901,,Apartment,Leasehold,,,Near Putrajaya | Cyberjaya,/images/unitpic/kitaimpianapartmentcybersouthEXP/pic1.jpg,"Hi Hani, I'm interested in the subsale unit at Kita Impian Apartment @ Cybersouth, Cybersouth. Price: RM310000. Ref: EXP",,https://telegram.me/extremeproperty_listing/10530,,EXP,,
subsale,-,20,Perak,Teluk Intan,Jalan Kapar–Teluk Intan,,2000000,2000000,,9120,,,,47916,,Agricultural Land,Freehold,,,Main road frontage,https://haniproperties.com/images/unitpic/jalankapartelukintanRSS/pic1.jpg,"Hi Hani, I'm interested in the subsale unit at Jalan Kapar–Teluk Intan, PJ-Subang-ShahAlam-Klang. Price: RM2000000. Ref: RSS",,https://telegram.me/rumahsubsaleklselangorbynuruls/828,,RSS,,
subsale,-,20,Selayang,Taman Bukit Permata Seri,Dusun Durian Musang King,,700000,700000,,3192,,,,,,Agricultural Land,Leasehold,,,Eco-tourism Gombak,https://haniproperties.com/images/unitpic/dusundurianmusangkingRSS/pic1.jpg,"Hi Hani, I'm interested in the subsale unit at Dusun Durian Musang King, Taman Bukit Permata Seri. Price: RM700000. Ref: RSS",,https://telegram.me/rumahsubsaleklselangorbynuruls/881,,RSS,,
subsale,-,30,Nilai,Nilai Impian,Double Storey Davina Nilai Impian,,545000,545000,,2485,,4,3,1650,,Terrace,Freehold,,,NILAI–KLIA growth corridor near township amenities,https://haniproperties.com/images/unitpic/doublestoreydavinanilaiimpianRSS/pic1.jpg,"Hi Hani, I'm interested in the subsale unit at Double Storey Davina Nilai Impian, Nilai Impian. Price: RM545000. Ref: RSS",,https://telegram.me/rumahsubsaleklselangorbynuruls/414,,RSS,,
rental,-,55,Shah Alam,Setia Alam,Princeton Suites @ Edusentral,-,1500,Price Negotiable | Level 31 | Parking at Basement B2,-,-,1,2,1,502,Fully Furnished,Service Residence,-,-,-,Setia City Mall | Setia City Convention Centre (SCCC) | National Institutes of Health (NIH) | NKVE | GCE (Guthrie Corridor Expressway),/images/unitpic/princetonsuitesedusentralMMN/pic1.jpg,"Hi Hani, I'm interested in the unit rental at Princeton Suites @ Edusentral, Setia Alam. Price: RM1500. Ref: MMN",4/10/2026,https://t.me/AniListings/4178,Immediate,MMN,-,-
subsale,-,30,Sungai Buloh,Bukit Rahman Putra,Bukit Rahman Putra,,8500000,8500000,,38761,,,,235224,,Land,Leasehold,,,"Near mature BRP township, schools, malls and existing access roads",https://haniproperties.com/images/unitpic/bukitrahmanputraEXP/pic1.jpg,"Hi Hani, I'm interested in the subsale unit at Bukit Rahman Putra, Bukit Rahman Putra. Price: RM8500000. Ref: EXP",,https://telegram.me/extremeproperty_listing/12889,,EXP,,
subsale,-,20,Rawang,Taman Tun Teja,Blok Dahlia,,145000,145000,,661,,3,1,650,,Apartment,Leasehold,,,Sekolah Kebangsaan Taman Tun Teja | Sekolah Menengah Kebangsaan Taman Tun Teja | Masjid Al-Falah Taman Tun Teja | Pasar Segar / Pasaraya Tun Teja,https://haniproperties.com/images/unitpic/blokdahliaLNS/pic1.jpg,"Hi Hani, I'm interested in the subsale unit at Blok Dahlia, Taman Tun Teja. Price: RM145000. Ref: LNS",,https://telegram.me/ListingNikkSyafiq/174,,LNS,,
subsale,-,30,Sepang,Bandar Serenia,Bandar Serenia,,1150000,1150000,,5244,,4,3,2087,,Terrace,Freehold,,,Freehold Bandar Serenia dengan akses ELITE KLIA Putrajaya,/images/unitpic/bandarsereniaEXP/pic1.jpg,"Hi Hani, I'm interested in the subsale unit at Bandar Serenia, Bandar Serenia. Price: RM1150000. Ref: EXP",,https://telegram.me/extremeproperty_listing/9496,,EXP,,
subsale,-,35,Rawang,Taman Bunga Raya / Bukit Beruntung,Apartment Teratai,,130000,130000,,593,,3,1,650,,Apartment,Leasehold,,,Sekolah Kebangsaan Taman Bunga Raya (2) | Sekolah Menengah Kebangsaan Taman Bunga Raya 1 | Surau Taman Bunga Raya,https://haniproperties.com/images/unitpic/apartmentterataiLNS/pic1.jpg,"Hi Hani, I'm interested in the subsale unit at Apartment Teratai, Taman Bunga Raya / Bukit Beruntung. Price: RM130000. Ref: LNS",,https://telegram.me/ListingNikkSyafiq/184,,LNS,,
subsale,-,40,Selayang,Sri Selayang,Apartment Sri Selayang,,290000,290000,,1322,,3,2,900,,Apartment,Leasehold,,,Near UITM Selayang | 168 Mall,https://haniproperties.com/images/unitpic/apartmentsriselayangEXP/pic1.jpg,"Hi Hani, I'm interested in the subsale unit at Apartment Sri Selayang, Sri Selayang. Price: RM290000. Ref: EXP",,https://telegram.me/extremeproperty_listing/7959,,EXP,,
subsale,-,30,Puncak Alam,Alam Suria,Apartment Duta Perintis,,330000,330000,,1505,,3,2,850,,Apartment,Leasehold,,,Leasehold bumi lot near Alam Suria Central Park,https://haniproperties.com/images/unitpic/apartmentdutaperintisCND/pic1.jpg,"Hi Hani, I'm interested in the subsale unit at Apartment Duta Perintis, Alam Suria. Price: RM330000. Ref: CND",,https://telegram.me/ciknadhartanahmurahlisting/514,,CND,,
subsale,-,40,Ampang,Taman Putra Sulaiman,Ampang Putra Residensi,,499000,499000,,2276,,3,2,1290,,Condominium,Leasehold,,,Established Ampang enclave near KL fringe,https://haniproperties.com/images/unitpic/ampangputraresidensiEXP/pic1.jpg,"Hi Hani, I'm interested in the subsale unit at Ampang Putra Residensi, Taman Putra Sulaiman. Price: RM499000. Ref: EXP",,https://telegram.me/extremeproperty_listing/13960,,EXP,,
subsale,-,40,Selayang,Selayang,Amansiara Townhouse,,450000,450000,,2052,,3,2,1245,,Townhouse,Leasehold,,,"Near Hospital Selayang, MPS, Tesco/NSK and major highways",https://haniproperties.com/images/unitpic/amansiaratownhouseEXP/pic1.jpg,"Hi Hani, I'm interested in the subsale unit at Amansiara Townhouse, Selayang. Price: RM450000. Ref: EXP",,https://telegram.me/extremeproperty_listing/12763,,EXP,,
subsale,-,30,Ampang,Taman TAR Ampang,2 Storey Bungalow Taman TAR Ampang,,4200000,4200000,,19153,,8,6,5836,,Bungalow,Leasehold,,,"Masjid Taman TAR, Taman TAR Golf & Country Club",https://haniproperties.com/images/unitpic/2storeybungalowtamantarampangEXP/pic1.jpg,"Hi Hani, I'm interested in the subsale unit at 2 Storey Bungalow Taman TAR Ampang, Taman TAR Ampang. Price: RM4200000. Ref: EXP",,https://telegram.me/extremeproperty_listing/13146,,EXP,,
subsale,-,25,-,Taman Bernam Jaya,Taman Bernam Jaya,-,475000,"Price Reduced from RM499,000 | Corner Lot | Single Storey | Land Area: 3294 sqft | Individual Title | Non-Bumi Lot | Vacant - Needs Renovation | Leasehold until 28/5/2113",-,2023,-,3,3,1000,-,Terrace,Leasehold,-,-,Bernam Jaya Town Centre | Federal Route 1 | North-South Expressway (PLUS),/images/unitpic/tamanbernamjayaEXP/pic1.jpg,"Hi Hani, I'm interested in the subsale unit at Taman Bernam Jaya, Taman Bernam Jaya. Price: RM475000. Ref: EXP",2/8/2026,https://t.me/extremeproperty_listing/20259,-,EXP,-,-
subsale,-,20,Sepang,Taman Langat Utama,2 Storey Terrace Taman Langat Utama,,540000,540000,,2462,,4,3,2000,,Terrace,Leasehold (Bumi Lot),,,SK Banting / nearby primary school cluster | Masjid nearby (local surau / mosque within taman) | 99 Speedmart (neighbourhood retail) | Klinik Kesihatan Banting / nearby clinics,/images/unitpic/2storeyterracetamanlangatutamaEXP/pic1.jpg,"Hi Hani, I'm interested in the subsale unit at 2 Storey Terrace Taman Langat Utama, Taman Langat Utama. Price: RM540000. Ref: EXP",28/3/2026,https://telegram.me/extremeproperty_listing/15976,,EXP,,
subsale,-,40,Klang,Bandar Rimbayu,The Starling Bandar Rimbayu,,710000,710000,,3238,,4,3,1769,,Terrace,Leasehold,,,Leasehold dalam township Rimbayu dekat KESAS/LKSA/ELITE/SKVE,https://haniproperties.com/images/unitpic/thestarlingbandarrimbayuEXP/pic1.jpg,"Hi Hani, I'm interested in the subsale unit at The Starling Bandar Rimbayu, Bandar Rimbayu. Price: RM710000. Ref: EXP",,https://telegram.me/extremeproperty_listing/11091,,EXP,,
subsale,-,30,Nilai,Kg Ulu Rokan Gemencheh,Tanah Pertanian Kg Ulu Rokan,,135000,135000,,616,,,,,,Agricultural Land,Leasehold,,,Rural land near Tampin,https://haniproperties.com/images/unitpic/tanahpertaniankgulurokanEXP/pic1.jpg,"Hi Hani, I'm interested in the subsale unit at Tanah Pertanian Kg Ulu Rokan, Kg Ulu Rokan Gemencheh. Price: RM135000. Ref: EXP",,https://telegram.me/extremeproperty_listing/11728,,EXP,,
subsale,-,30,Shah Alam,Taman Cahaya Alam U12,Taman Cahaya Alam U12,,1700000,1700000,,7752,,6,5,3800,,Terrace,Leasehold,,,Leasehold Bumi lot Shah Alam U12 facing lake & jogging track,https://haniproperties.com/images/unitpic/tamancahayaalamu12EXP/pic1.jpg,"Hi Hani, I'm interested in the subsale unit at Taman Cahaya Alam U12, Taman Cahaya Alam U12. Price: RM1700000. Ref: EXP",,https://telegram.me/extremeproperty_listing/10239,,EXP,,
subsale,-,30,Kajang,Bandar Baru Sungai Long,Green Acre Park Condominium,,490000,490000,,2234,,3,2,1020,,Condominium,Leasehold,,,Established Sungai Long township with steady owner-occupier demand,https://haniproperties.com/images/unitpic/greenacreparkcondominiumEXP/pic1.jpg,"Hi Hani, I'm interested in the subsale unit at Green Acre Park Condominium, Bandar Baru Sungai Long. Price: RM490000. Ref: EXP",,https://telegram.me/extremeproperty_listing/13834,,EXP,,
subsale,-,25,Puncak Alam,Puncak Alam,Aquila Taman Alam Sutera,,585000,585000,,2668,,4,3,1996,,Terrace,Leasehold,,,Near UiTM Puncak Alam,https://haniproperties.com/images/unitpic/aquilatamanalamsuteraHRK/pic1.jpg,"Hi Hani, I'm interested in the subsale unit at Aquila Taman Alam Sutera, Puncak Alam. Price: RM585000. Ref: HRK",,https://telegram.me/ListingRumahHurakanShahAlam/112,,HRK,,
subsale,-,20,Pahang,Raub,Private Ranch & Durian Farm,-,2900000,"3.369 acres | International Lot | 90 Musang King Durian Trees (~5,000-6,000kg/season) | Automated IoT Irrigation | Cabin House + Villa/Office | Natural Stream & Mineral Water Source",-,12352,-,-,-,146754,-,Agricultural Land with Bungalow,Freehold,-,-,Private Ranch & Orchard | International Lot | 1hr 30min from Kuala Lumpur,https://haniproperties.com/images/unitpic/privateranchdurianfarmEXP/pic1.jpg,"Hi Hani, I'm interested in the subsale unit at Private Ranch & Durian Farm, Raub. Price: RM2900000. Ref: EXP",25/8/2026,https://t.me/extremeproperty_listing/21330,-,EXP,-,
subsale,-,30,Sepang,Kota Warisan Saujana,Kota Warisan Saujana KLIA,,850000,850000,,3876,,4,4,2130,,Terrace,Leasehold,,,Leasehold non-bumi near KLIA/Mitsui/KipMall,/images/unitpic/kotawarisansaujanakliaRSS/pic1.jpg,"Hi Hani, I'm interested in the subsale unit at Kota Warisan Saujana KLIA, Kota Warisan Saujana. Price: RM850000. Ref: RSS",,https://telegram.me/rumahsubsaleklselangorbynuruls/339,,RSS,,
subsale,-,25,Selayang,Bandar Baru Selayang Dataran Templer,Dataran Templer,,1250000,1250000,,5700,,5,6,2800,,Terrace,Leasehold,,,"Strong Selayang demand near Pasar Borong, hospitals, schools",https://haniproperties.com/images/unitpic/datarantemplerEXP/pic1.jpg,"Hi Hani, I'm interested in the subsale unit at Dataran Templer, Bandar Baru Selayang Dataran Templer. Price: RM1250000. Ref: EXP",,https://telegram.me/extremeproperty_listing/11909,,EXP,,
subsale,-,20,Sepang,Sunsuria City,Monet Springtime,-,1000000,Fully Renovated | Extended Kitchen | Solar Panel Installed | Land Size 20' x 70' | Maintenance Fee ~RM2xx/month,-,4259,-,4,4,-,-,Terrace,Freehold,-,-,Salak Tinggi ERL Station | KLIA | Xiamen University Malaysia | SJK(C) Sunsuria | Putrajaya / Cyberjaya,/images/unitpic/monetspringtimeEXP/pic1.jpg,"Hi Hani, I'm interested in the subsale unit at Monet Springtime, Sunsuria City. Price: RM1000000. Ref: EXP",1/9/2026,https://t.me/extremeproperty_listing/21486,-,EXP,-,
subsale,-,55,Sepang,Sunsuria City,Monet Springtime,Non-Bumi Lot,695000,Intermediate Unit | Strata Title | Land Size 20' x 70' | Maintenance Fee ~RM2xx/month | Gated & Guarded,-,2960,-,4,4,2092,-,Terrace,Freehold,-,-,Salak Tinggi ERL Station | KLIA | Xiamen University Malaysia | SJK(C) Sunsuria | Putrajaya / Cyberjaya,/images/unitpic/monetspringtimeEXP2/pic1.jpg,"Hi Hani, I'm interested in the subsale unit at Monet Springtime, Sunsuria City. Price: RM695000. Ref: EXP",1/9/2026,https://t.me/extremeproperty_listing/21498,-,EXP,-,
rental,-,60,Kuala Lumpur,Wangsa Maju,Lexa Residence @ The Quartz,Malaysian Only,2500,Negotiable,-,-,1,3,2,688,Fully Furnished,Service Residence,-,-,-,LRT Wangsa Maju | LRT Sri Rampai | Wangsa Walk Mall | AEON Mall Wangsa Maju,https://haniproperties.com/images/unitpic/lexaresidencethequartzADL/pic1.jpg,"Hi Hani, I'm interested in the unit rental at Lexa Residence @ The Quartz, Wangsa Maju. Price: RM2500. Ref: ADL",2/9/2026,https://t.me/adiblisting/10904,Immediate,ADL,-,
rental,-,50,Cheras,Bandar Tun Razak,The Holmes,-,2100,-,-,-,2,3,2,943,Partially Furnished,Condominium,-,-,-,LRT Bandar Tun Razak Station | AEON Big Bandar Tun Razak | MRR2 | Kuala Lumpur-Kajang Expressway,https://haniproperties.com/images/unitpic/theholmesADL2/pic1.jpg,"Hi Hani, I'm interested in the unit rental at The Holmes, Bandar Tun Razak. Price: RM2100. Ref: ADL",2/9/2026,https://t.me/adiblisting/10923,Immediate,ADL,-,
rental,-,65,Kajang,Kajang 2,Residensi Zamrud,Malay Only,1200,Negotiable,-,-,1,3,2,890,Partially Furnished,Condominium,-,-,-,KTM Kajang 2 | MRT Kajang Station | AEON Mall Cheras Selatan | Hospital Kajang | SILK Highway,https://haniproperties.com/images/unitpic/residensizamrudADL2/pic1.jpg,"Hi Hani, I'm interested in the unit rental at Residensi Zamrud, Kajang 2. Price: RM1200. Ref: ADL",2/9/2026,https://t.me/adiblisting/10938,Oct-26,ADL,-,
rental,-,50,Kuala Lumpur,Bandar Tasik Selatan,Residensi Sateria,Family Preferred,1500,Cooking Allowed,-,-,1,4,2,1100,Unfurnished,Condominium,-,-,-,Bandar Tasik Selatan LRT/KTM/KLIA Transit Station | Terminal Bersepadu Selatan (TBS) | Mid Valley Megamall | Hospital Kuala Lumpur | BESRAYA Highway,https://haniproperties.com/images/unitpic/residensisateriaNS2/pic1.jpg,"Hi Hani, I'm interested in the unit rental at Residensi Sateria, Bandar Tasik Selatan. Price: RM1500. Ref: NS",2/9/2026,https://t.me/rumahsewajualbelikldanselangor/12464,Immediate,NS,-,
rental,-,60,Ampang,Ampang Hilir,3 Towers,-,1900,Suitable for Residential / Office / Commercial Use | Service Residence-style Duplex,-,-,-,-,2,832,Unfurnished,Duplex,-,-,-,LRT Ampang Park | LRT Jelatek | Suria KLCC | Great Eastern Mall | Gleneagles Kuala Lumpur,https://haniproperties.com/images/unitpic/3towersEX/pic1.jpg,"Hi Hani, I'm interested in the unit rental at 3 Towers, Ampang Hilir. Price: RM1900. Ref: EX",2/9/2026,https://t.me/RumahSewaKLSlgrBelowRM2000/29928,-,EX,-,
rental,-,80,Puchong,Taman Putra Perdana,LBS Skylake Residence,-,1700,"Partially furnished (aircond in master bedroom, water heater in master bath, kitchen cabinet, sofa, TV cabinet, wet kitchen with stove, washing machine, fridge) | Facilities: pool, playground, security, gym | Low floor",-,-,1,3,2,1000,Partially Furnished,Service Residence,-,-,-,LRT Puchong Prima | IOI Mall Puchong | Columbia Asia Hospital Puchong | MAHSA University | LDP Highway,https://haniproperties.com/images/unitpic/lbsskylakeresidenceHF/pic1.jpg,"Hi Hani, I'm interested in the unit rental at LBS Skylake Residence, Taman Putra Perdana. Price: RM1700. Ref: HF",2/9/2026,https://t.me/iqalisting/3173,1/9/2026,HF,-,
rental,-,65,Bangi/Kajang,Jalan Ilmiah,Tiara Imperio,-,1150,Deposit: 2+1+0.5+agreement | Cooking allowed,-,-,1,1,1,466,Fully Furnished,Service Residence,-,-,-,KTM UKM | Bangi Gateway Mall | UKM | GMI Campus | PLUS Highway,https://haniproperties.com/images/unitpic/tiaraimperioNS2/pic1.jpg,"Hi Hani, I'm interested in the unit rental at Tiara Imperio, Jalan Ilmiah. Price: RM1150. Ref: NS",2/9/2026,https://t.me/rumahsewajualbelikldanselangor/12518,Immediate,NS,-,
subsale,-,50,Shah Alam,Seksyen 14,Vista Alam Serviced Apartment,,390000,390000,,1778,,2,2,911,,Service Residence,Freehold,,,Avisena Specialist Hospital | Dwi Emas International School,https://haniproperties.com/images/unitpic/vistaalamservicedapartmentMMN/pic1.jpg,"Hi Hani, I'm interested in the subsale unit at Vista Alam Serviced Apartment, Seksyen 14. Price: RM390000. Ref: MMN",,https://telegram.me/HaniMNListingSubsale/312,,MMN,,
subsale,-,50,Seri Kembangan,Putra Permai,Cahaya Permai Apartments,,310000,310000,,1414,,3,2,868,,Apartment,Leasehold,,,MRT Putra Permai | AEON Mall Taman Equine | SK Taman Putra Permai,https://haniproperties.com/images/unitpic/cahayapermaiapartmentsMMN/pic1.jpg,"Hi Hani, I'm interested in the subsale unit at Cahaya Permai Apartments, Putra Permai. Price: RM310000. Ref: MMN",,https://telegram.me/HaniMNListingSubsale/41,,MMN,,
rental,-,55,Puchong,Bandar Kinrara,Apartment Seri Ceria 2,-,950,Medium Floor | Nice View,-,-,1,3,2,650,Unfurnished,Apartment,-,-,-,Kinrara BK5 LRT Station | Giant Bandar Kinrara | IOI Mall Puchong | KESAS Highway,https://haniproperties.com/images/unitpic/apartmentsericeria2NS/pic1.jpg,"Hi Hani, I'm interested in the unit rental at Apartment Seri Ceria 2, Bandar Kinrara. Price: RM950. Ref: NS",3/9/2026,https://t.me/rumahsewajualbelikldanselangor/12555,-,NS,-,
rental,-,65,Sepang,Sunsuria City,Tangerine Suites,-,1600,High Floor | Cooking Allowed,-,-,2,3,2,700,Fully Furnished,Service Residence,-,-,-,ERL Salak Tinggi Station | KIP Mall Kota Warisan | Xiamen University Malaysia | Sunsuria City Mall | ELITE Highway,/images/unitpic/tangerinesuitesNS2/pic1.jpg,"Hi Hani, I'm interested in the unit rental at Tangerine Suites, Sunsuria City. Price: RM1600. Ref: NS",3/9/2026,https://t.me/rumahsewajualbelikldanselangor/12570,Immediate,NS,-,
rental,-,45,Dengkil,Cybersouth,Kita Impian,-,1400,Medium Floor | Nice View,-,-,2,3,2,901,Partially Furnished,Service Residence,-,-,-,D'Pulze Shopping Centre | Alamanda Shopping Centre | Hospital Putrajaya | UiTM Dengkil Campus | Putrajaya-Cyberjaya Expressway,/images/unitpic/kitaimpianAA/pic1.jpg,"Hi Hani, I'm interested in the unit rental at Kita Impian, Cybersouth. Price: RM1400. Ref: AA",3/9/2026,https://t.me/RumahSewaKLSlgrBelowRM2000/30002,Oct-26,AA,-,
rental,-,50,Bandar Saujana Putra,Saujana Putra,Iris Garden,-,1200,Single Storey | Intermediate Unit,-,-,-,4,2,1000,-,Terrace,-,-,-,Putra Heights LRT Station | MAHSA University & Hospital | SK & SMK Bandar Saujana Putra | ELITE Highway | SKVE Highway,https://haniproperties.com/images/unitpic/irisgardenMMN2/pic1.jpg,"Hi Hani, I'm interested in the unit rental at Iris Garden, Saujana Putra. Price: RM1200. Ref: MMN",20/8/2026,https://t.me/AniListings/3641,Jan-27,MMN,-,
rental,-,50,Shah Alam,Seksyen 32,Pangsapuri Rimau Perdana,Malay Only | Muslim Only,1200,Price Negotiable | Walk-Up Level 4 of 5 (No Lift) | Maintenance Included | 1 Covered Motorcycle Bay | 2 Months Security Deposit + 1 Month Advance + 0.5 Month Utilities Deposit + TA (RM4200 excl. TA),-,-,1,3,2,850,Fully Furnished,Apartment,-,-,-,AEON Big Bukit Rimau | Gamuda Walk | Columbia Asia Hospital Bukit Rimau | KESAS Highway,/images/unitpic/pangsapuririmauperdanaMMN/pic1.jpg,"Hi Hani, I'm interested in the unit rental at Pangsapuri Rimau Perdana, Seksyen 32. Price: RM1200. Ref: MMN",29/9/2026,https://t.me/AniListings/3128,Immediate,MMN,-,-
rental,-,50,Shah Alam,Desa Alam U12,Pangsapuri Serai Wangi,Malaysian Only | Female Students Preferred,2100,Level 3,-,-,2,3,2,854,Fully Furnished,Apartment,-,-,-,Setia City Mall | Central i-City Mall | Hospital Shah Alam | UiTM Shah Alam | AEON Bukit Raja,https://haniproperties.com/images/unitpic/pangsapuriseraiwangi-/pic1.jpg,"Hi Hani, I'm interested in the unit rental at Pangsapuri Serai Wangi, Desa Alam U12. Price: RM2100. Ref: -",4/9/2026,https://t.me/adiblisting/11050,Immediate,ADL,-,
subsale,-,60,Subang Jaya,USJ 1,Riverdale @ USJ One Park,-,480000,Dual Key Layout | Renovated & Extended Kitchen | Non-Bumi Lot | Price Negotiable,-,2044,2,4,3,1323,-,Condominium,Leasehold,-,-,Summit USJ | Main Place Mall | Taylor's University | Subang Jaya Medical Centre | LDP Expressway,https://haniproperties.com/images/unitpic/riverdaleusjoneparkEXP/pic1.jpg,"Hi Hani, I'm interested in the subsale unit at Riverdale @ USJ One Park, USJ 1. Price: RM480000. Ref: EXP",4/9/2026,https://t.me/extremeproperty_listing/21563,-,EXP,-,
subsale,-,60,Setapak,Jalan Genting Kelang,Sri Pelangi,-,340000,Fully Furnished | KLCC View | Level 6 | Tandem Parking | Gated & Guarded,-,1448,2,3,2,927,-,Condominium,Freehold,-,-,Taman Melati LRT Station | Sentul Timur LRT Station | Setapak Central Mall | TAR UMT | SMK Danau Kota,https://haniproperties.com/images/unitpic/sripelangiLSY/pic1.jpg,"Hi Hani, I'm interested in the subsale unit at Sri Pelangi, Jalan Genting Kelang. Price: RM340000. Ref: LSY",4/9/2026,https://t.me/ListingSyazuanProperty/2406,-,LSY,-,
rental,-,50,Setapak,Taman Melati,Vista Wirajaya,-,3000,High Floor (Level 31) | 600 Mbps Internet Included,-,-,1,3,2,900,Fully Furnished,Apartment,-,-,-,LRT Taman Melati | TAR UMT | MRR2 | SPE | DUKE,https://haniproperties.com/images/unitpic/vistawirajayaFZR/pic1.jpg,"Hi Hani, I'm interested in the unit rental at Vista Wirajaya, Taman Melati. Price: RM3000. Ref: -",6/9/2026,https://t.me/yanzrealty/310,Immediate,FZR,-,
rental,-,35,Kajang,Bandar Sungai Long,Sutera Pines,-,1600,Level 3,-,-,3,4,3,1538,Partially Furnished,Condominium,-,-,-,MRT Kajang Line | AEON Mall Cheras Selatan | Hospital Kajang | UNITEN | SILK Highway,https://haniproperties.com/images/unitpic/suterapinesADL/pic1.jpg,"Hi Hani, I'm interested in the unit rental at Sutera Pines, Bandar Sungai Long. Price: RM1600. Ref: ADL",6/9/2026,https://t.me/adiblisting/11154,Immediate,ADL,-,
rental,-,50,Kajang,Sungai Ramal Dalam,Vista Sungai Ramal,Malaysian Only,1500,Level 6,-,-,2,3,2,1000,Partially Furnished,Apartment,-,-,-,EVO Mall Bangi | Hospital Kajang | UKM Medical Centre | SILK Highway | LEKAS Highway,https://haniproperties.com/images/unitpic/vistasungairamalADL/pic1.jpg,"Hi Hani, I'm interested in the unit rental at Vista Sungai Ramal, Sungai Ramal Dalam. Price: RM1500. Ref: ADL",6/9/2026,https://t.me/adiblisting/11102,Oct-26,ADL,-,
rental,-,80,Petaling Jaya / Damansara,Damansara Damai,Residensi Suasana @ Damai,Malaysian Only,1500,Level 7,-,-,2,3,2,1076,Partially Furnished,Condominium,-,-,-,MRT Damansara Damai | Hospital Sungai Buloh | Selayang Mall | Selayang Hospital | Guthrie Corridor Expressway (GCE),https://haniproperties.com/images/unitpic/residensisuasanadamaiADL/pic1.jpg,"Hi Hani, I'm interested in the unit rental at Residensi Suasana @ Damai, Damansara Damai. Price: RM1500. Ref: ADL",6/9/2026,https://t.me/adiblisting/11111,15/11/2026,ADL,-,
rental,-,40,Puncak Alam,Alam Perdana,Simfoni Perdana,Malaysian Only,1200,-,-,-,-,3,2,1100,Unfurnished,Townhouse,-,-,-,Lotus's Puncak Alam | Eco Grandeur Commercial Area | UiTM Puncak Alam | LATAR Expressway | NKVE Highway,https://haniproperties.com/images/unitpic/simfoniperdanaADL2/pic1.jpg,"Hi Hani, I'm interested in the unit rental at Simfoni Perdana, Alam Perdana. Price: RM1200. Ref: ADL",6/9/2026,https://t.me/adiblisting/11170,Immediate,ADL,-,
rental,-,60,Kuala Lumpur,Brickfields,Menara Pelangi,-,2300,-,-,-,1,3,2,920,Fully Furnished,Condominium,-,-,-,KL Sentral | NU Sentral | Mid Valley City | Brickfields Commercial Area | Federal Highway,https://haniproperties.com/images/unitpic/menarapelangiADL/pic1.jpg,"Hi Hani, I'm interested in the unit rental at Menara Pelangi, Brickfields. Price: RM2300. Ref: ADL",6/9/2026,https://t.me/adiblisting/11179,Immediate,ADL,-,
rental,-,70,Puchong,Puchong Perdana,Apartment Puchong Permata 1,-,1600,Medium Floor | Fully Refurbished | Additional Parking RM100,-,-,-,3,2,853,Fully Furnished,Apartment,-,-,-,LRT Puchong Perdana | IOI Mall Puchong | SetiaWalk | Columbia Asia Hospital Puchong | LDP Highway,https://haniproperties.com/images/unitpic/apartmentpuchongpermata1NS/pic1.jpg,"Hi Hani, I'm interested in the unit rental at Apartment Puchong Permata 1, Puchong Perdana. Price: RM1600. Ref: NS",6/9/2026,https://t.me/rumahsewajualbelikldanselangor/12620,Immediate,NS,-,
rental,-,30,Sepang,Bandar Mahkota Banting,Bandar Mahkota Banting Jalan Orbit Terrace,Malaysian Only | Muslim Only,1300,Table Top Kitchen Cabinet,-,-,-,4,3,1500,Unfurnished,Terrace,-,-,-,Banting Hospital | Econsave Banting | Petronas Banting | West Coast Expressway (WCE),/images/unitpic/bandarmahkotabantingjalanorbitterraceNS/pic1.jpg,"Hi Hani, I'm interested in the unit rental at Bandar Mahkota Banting Jalan Orbit Terrace, Bandar Mahkota Banting. Price: RM1300. Ref: NS",6/9/2026,https://t.me/rumahsewajualbelikldanselangor/12650,Oct-26,NS,-,
rental,-,35,Sepang,Bandar Mahkota Banting,Bandar Mahkota Banting Jalan Angkasa 1B/6 Terrace,Malaysian Only | Muslim Only,1500,-,-,-,-,4,3,1500,Unfurnished,Terrace,-,-,-,Banting Hospital | Econsave Banting | Petronas Banting | West Coast Expressway (WCE),/images/unitpic/bandarmahkotabantingjalanangkasa1b6terraceNS/pic1.jpg,"Hi Hani, I'm interested in the unit rental at Bandar Mahkota Banting Jalan Angkasa 1B/6 Terrace, Bandar Mahkota Banting. Price: RM1300. Ref: NS",6/9/2026,https://t.me/rumahsewajualbelikldanselangor/12661,Immediate,NS,-,
subsale,-,45,Petaling Jaya / Damansara,Kampung Sungai Kayu Ara,Shoplot Lot 13484,,1380000,1380000,,6293,,,,2838,,Shop Lot,Leasehold,,,MRT Bandar Utama | Masjid Al-Makmuriah Kayu Ara | SRA Kampung Sungai Kayu Ara,https://haniproperties.com/images/unitpic/shoplotlot13484MMN/pic1.jpg,"Hi Hani, I'm interested in the subsale unit at Shoplot Lot 13484, Kampung Sungai Kayu Ara. Price: RM1380000. Ref: MMN",,https://telegram.me/HaniMNListingSubsale/287,,MMN,,
rental,-,65,Shah Alam,Subang Bestari,Apartment Orkid,Malay Preferred | Muslim Preferred | Family Preferred,1000,Cooking Allowed,-,-,-,3,2,856,Partially Furnished,Apartment,-,-,-,Sungai Buloh MRT Station | Star Avenue Lifestyle Mall | Columbia Asia Hospital Ara Damansara | HELP University Subang 2 | Guthrie Corridor Expressway,https://haniproperties.com/images/unitpic/apartmentorkidNS/pic1.jpg,"Hi Hani, I'm interested in the unit rental at Apartment Orkid, Subang Bestari. Price: RM1000. Ref: NS",7/9/2026,https://t.me/rumahsewajualbelikldanselangor/12676,-,NS,-,
rental,-,70,Subang Jaya,USJ 1,USJ One Park Condominium,Malaysian Only,2200,Corner Unit | Level 8,-,-,2,3+1,2,1242,Fully Furnished,Condominium,-,-,-,Wawasan LRT Station | Summit USJ | Main Place Mall | Subang Jaya Medical Centre | Federal Highway,https://haniproperties.com/images/unitpic/usjoneparkcondominiumADL/pic1.jpg,"Hi Hani, I'm interested in the unit rental at USJ One Park Condominium, USJ 1. Price: RM2200. Ref: ADL",7/9/2026,https://t.me/adiblisting/11196,Immediate,,,
rental,-,75,Bukit Jalil,Bukit Jalil,PPA1M Bukit Jalil,Muslim Only,1700,High Floor (Level 31),-,-,1,3,2,1200,Fully Furnished,Apartment,-,-,-,Bukit Jalil LRT Station | Pavilion Bukit Jalil | Bukit Jalil National Stadium | APU & APIIT | Bukit Jalil Highway,https://haniproperties.com/images/unitpic/ppa1mbukitjalilADL2/pic1.jpg,"Hi Hani, I'm interested in the unit rental at PPA1M Bukit Jalil, Bukit Jalil. Price: RM1700. Ref: ADL",7/9/2026,https://t.me/adiblisting/11242,Dec-26,ADL,-,
rental,-,50,Kajang,Kajang 2,Mirai Residences,-,1800,High Floor (Level 15),-,-,-,2,1,573,Fully Furnished,Service Residence,-,-,-,Kajang MRT Station | Metro Point Kajang | Kajang Hospital | Universiti Kebangsaan Malaysia (UKM) | SILK Highway,https://haniproperties.com/images/unitpic/mirairesidencesADL4/pic1.jpg,"Hi Hani, I'm interested in the unit rental at Mirai Residences, Kajang 2. Price: RM1800. Ref: ADL",7/9/2026,https://t.me/adiblisting/11253,Immediate,ADL,-,
rental,-,55,Kajang,Bangi Avenue,Residensi Adelia 2,Malay Only,1700,High Floor (Level 16) | Price Negotiable,-,-,2,3,3,1045,Fully Furnished,Service Residence,-,-,-,Bangi KTM Station | Lotus's Bandar Puteri Bangi | UKM Bangi,https://haniproperties.com/images/unitpic/residensiadelia2ADL/pic1.jpg,"Hi Hani, I'm interested in the unit rental at Residensi Adelia 2, Bangi Avenue. Price: RM1700. Ref: ADL",7/9/2026,https://t.me/adiblisting/11267,Immediate,ADL,-,
subsale,-,50,Bangi/Kajang,Southville City,Savanna Executive Suites @ Southville City,-,350000,Tower A2 | Partially Renovated | Facing Landed Houses (East Balcony) | Ready to Move In,-,1491,2,3,2,956,-,Service Residence,Freehold,-,-,KTMB Bangi Station | IOI City Mall | Universiti Kebangsaan Malaysia (UKM) | UniKL | PLUS Highway,https://haniproperties.com/images/unitpic/savannaexecutivesuitessouthvillecityEXP/pic1.jpg,"Hi Hani, I'm interested in the subsale unit at Savanna Executive Suites @ Southville City, Southville City. Price: RM350000. Ref: EXP",7/9/2026,https://t.me/extremeproperty_listing/21649,-,EXP,-,
subsale,-,45,Petaling Jaya / Damansara,Damansara Jaya,Lot 13484 Jalan Dedap Damansara Jaya,,16000000,16000000,,72963,,,,,,Residential Land,Leasehold,,,Atria Shopping Gallery | SMK Damansara Jaya | Masjid Tun Abdul Aziz | 1 Utama Shopping Centre,https://haniproperties.com/images/unitpic/lot13484jalandedapdamansarajayaMMN/pic1.jpg,"Hi Hani, I'm interested in the subsale unit at Lot 13484 Jalan Dedap Damansara Jaya, Damansara Jaya. Price: RM16000000. Ref: MMN",,https://telegram.me/HaniMNListingSubsale/296,,MMN,,
rental,-,50,Kajang,Kajang 2,Residensi Emas @ Kajang 2,-,1700,Level 38,-,-,1,4,3,930,Partially Furnished,Condominium,-,-,-,MRT Kajang | MRT Sungai Jernih | MRT Stadium Kajang | KTM Kajang | IOI City Mall,https://haniproperties.com/images/unitpic/residensiemaskajang2ADL/pic1.jpg,"Hi Hani, I'm interested in the unit rental at Residensi Emas @ Kajang 2, Kajang 2. Price: RM1700. Ref: ADL",8/9/2026,https://t.me/adiblisting/11312,Immediate,ADL,-,
rental,-,40,Kajang,Mutiara Heights,Residensi Topaz,Malaysian Only | Muslim Only,1500,Negotiable,-,-,2,4,2,1290,Partially Furnished,Condominium,-,-,-,MRT Kajang | MRT Sungai Jernih | MRT Stadium Kajang | KTM Kajang | AEON Mall Cheras Selatan,https://haniproperties.com/images/unitpic/residensitopazADL/pic1.jpg,"Hi Hani, I'm interested in the unit rental at Residensi Topaz, Mutiara Heights. Price: RM1500. Ref: ADL",8/9/2026,https://t.me/adiblisting/11327,Nov-26,ADL,-,
rental,-,40,Petaling Jaya / Damansara,Damansara Damai,Residensi Suasana @ Damai,-,2300,-,-,-,2,3,2,1076,Fully Furnished,Condominium,-,-,-,MRT Damansara Damai | MRT Sri Damansara Barat | MRT Sri Damansara Sentral | MRT Sungai Buloh | Tropicana Gardens Mall,https://haniproperties.com/images/unitpic/residensisuasanadamaiADL/pic1.jpg,"Hi Hani, I'm interested in the unit rental at Residensi Suasana @ Damai, Damansara Damai. Price: RM2300. Ref: ADL",8/9/2026,https://t.me/adiblisting/11335,Oct-26,ADL,-,
rental,-,5,Rawang,Bukit Sentosa,Bukit Sentosa,Family/Couple Preferred | Working Adults Only,1500,20' x 70' Lot | Renovated & Fully Extended | Dry & Wet Kitchen | Company Rental/Staff Accommodation Considered,-,-,-,4,3,-,Partially Furnished,Terrace,-,-,-,UMW High Value Manufacturing Park | Sungai Choh Industrial Area | Bukit Beruntung Industrial Park | PLUS Highway | Mydin,https://haniproperties.com/images/unitpic/bukitsentosaNS/pic1.jpg,"Hi Hani, I'm interested in the unit rental at Bukit Sentosa, Bukit Sentosa. Price: RM1500. Ref: NS",8/9/2026,https://t.me/rumahsewajualbelikldanselangor/12718,-,NS,-,
rental,-,50,Kepong,Desa Aman Puri,Desa Satu Apartment,Muslim Only | Family/Couple Preferred | Working Adults Only,900,"Low Cost | Block 7, Level 8 | Medium Floor",-,-,1,3,2,655,Partially Furnished,Apartment,-,-,-,MRT Kepong | AEON Metro Prima | Lotus's Kepong | MRR2 Highway,https://haniproperties.com/images/unitpic/desasatuapartmentNS/pic1.jpg,"Hi Hani, I'm interested in the unit rental at Desa Satu Apartment, Desa Aman Puri. Price: RM900. Ref: NS",8/9/2026,https://t.me/rumahsewajualbelikldanselangor/12738,Oct-26,NS,-,
rental,-,55,Puncak Alam,Eco Grandeur,Regent Garden,-,2200,Intermediate unit | Garden Living concept | Deposit 2+1+0.5+TA,-,-,-,-,-,-,-,Terrace,-,-,-,Elmina Lakeside Mall | Jaya Grocer | UiTM Puncak Alam | Hospital Al-Sultan Abdullah | LATAR & DASH Highway,https://haniproperties.com/images/unitpic/regentgardenZAH/pic1.jpg,"Hi Hani, I'm interested in the unit rental at Regent Garden, Eco Grandeur. Price: RM2200. Ref: ZAH",9/9/2026,https://t.me/zulariefhartanahlisting/49,-,ZAH,-,
rental,-,35,Puncak Alam,Eco Grandeur,Regent Garden,-,2500,End lot unit | Extra privacy | Garden Living concept | Deposit 2+1+0.5+TA,-,-,-,-,-,-,-,Terrace,-,-,-,Elmina Lakeside Mall | Jaya Grocer | UiTM Puncak Alam | Hospital Al-Sultan Abdullah | LATAR & DASH Highway,https://haniproperties.com/images/unitpic/regentgardenZAH/pic1.jpg,"Hi Hani, I'm interested in the unit rental at Regent Garden, Eco Grandeur. Price: RM2500. Ref: ZAH",9/9/2026,https://t.me/zulariefhartanahlisting/49,-,ZAH,-,
rental,-,55,Kuala Lumpur,Segambut,Taman Sri Bintang,-,2200,Intermediate unit | 2.5-Storey | Move-in condition | Deposit: 2+1+0.5+TA,-,-,-,3,3,1763,Fully Furnished,Terrace,-,-,-,United Point Mall | Lotus's Kepong | Plaza Arkadia | SMK Sinar Bintang KL | NKVE Highway,https://haniproperties.com/images/unitpic/tamansribintangFPR/pic1.jpg,"Hi Hani, I'm interested in the unit rental at Taman Sri Bintang, Segambut. Price: RM2200. Ref: FPR",9/9/2026,https://t.me/fathurpropertyrental/29661,-,FPR,-,
rental,-,55,Sepang,Kota Warisan,Ayden Residence,No Pets Owner,2500,Lower floor unit | Gated & Guarded | Deposit: 2+1+0.5+TA,-,-,-,3,3,1890,Fully Furnished,Townhouse,-,-,-,Salak Tinggi ERL Station | KIP Mall Kota Warisan | Mitsui Outlet Park | Xiamen University | ELITE Highway,/images/unitpic/aydenresidenceFPR/pic1.jpg,"Hi Hani, I'm interested in the unit rental at Ayden Residence, Kota Warisan. Price: RM2500. Ref: FPR",9/9/2026,https://t.me/fathurpropertyrental/29672,Dec-26,FPR,-,
rental,-,65,Cyberjaya / Putrajaya,Cyber 11,Sanderling @ LakeFront Cyberjaya,Muslim Preferred | Working Professionals Preferred,2750,"Tower 05, Level 14 (Medium floor) | Balcony | Deposit: 2+1+0.5+TA",-,-,2,3,3,1011,Fully Furnished,Condominium,-,-,-,Cyberjaya City Centre MRT | D'Pulze Shopping Centre | Multimedia University (MMU) | Hospital Cyberjaya | MEX Highway,https://haniproperties.com/images/unitpic/sanderlinglakefrontcyberjayaFPR/pic1.jpg,"Hi Hani, I'm interested in the unit rental at Sanderling @ LakeFront Cyberjaya, Cyber 11. Price: RM2750. Ref: FPR",9/9/2026,https://t.me/fathurpropertyrental/29689,Oct-26,FPR,-,
rental,-,70,Cyberjaya / Putrajaya,Cyber 11,Lakefront Homes,-,1900,"Tower 03, Level 02 (Low floor) | Balcony | Deposit: 2+1+0.5+TA",-,-,2,3,2,1010,Fully Furnished,Condominium,-,-,-,Cyberjaya City Centre MRT | D'Pulze Shopping Centre | Multimedia University (MMU) | Hospital Cyberjaya | MEX Highway,https://haniproperties.com/images/unitpic/lakefronthomesFPR/pic1.jpg,"Hi Hani, I'm interested in the unit rental at Lakefront Homes, Cyber 11. Price: RM1900. Ref: FPR",9/9/2026,https://t.me/fathurpropertyrental/29711,Jan-27,FPR,-,
rental,-,55,Sentul,Sentul,Minest Residence,-,2100,"Block A, Level 39 (High floor) | Balcony | Built-in kitchen cabinet | Built-in shoe wardrobe | Deposit: 2+1+0.5+TA",-,-,2,3,2,822,Partially Furnished,Service Residence,-,-,-,Sentul Timur LRT Station | Jalan Ipoh MRT Station | Sunway Putra Mall | KPJ Tawakal Specialist Hospital | DUKE Highway,https://haniproperties.com/images/unitpic/minestresidenceFPR/pic1.jpg,"Hi Hani, I'm interested in the unit rental at Minest Residence, Sentul. Price: RM2100. Ref: FPR",9/9/2026,https://t.me/fathurpropertyrental/29725,Jan-27,FPR,-,
rental,-,70,Bangi/Kajang,Southville City,Savanna Executive Suites @ Southville City,Family/Couple Preferred,1600,"Block A2, Level 18 (Medium floor) | Kitchen cabinet | Air conditioner | Deposit: 2+1+0.5+TA",-,-,2,3,2,956,Partially Furnished,Service Residence,-,-,-,Bangi KTM Station | IOI City Mall Putrajaya | Universiti Kebangsaan Malaysia (UKM) | Universiti Putra Malaysia (UPM) | PLUS Highway,https://haniproperties.com/images/unitpic/savannaexecutivesuitessouthvillecityFPR/pic1.jpg,"Hi Hani, I'm interested in the unit rental at Savanna Executive Suites @ Southville City, Southville City. Price: RM1600. Ref: FPR",9/9/2026,https://t.me/fathurpropertyrental/29744,-,FPR,-,
rental,-,65,Petaling Jaya / Damansara,Damansara Damai,Saujana Apartment,Malay Preferred,1200,"Block O, Level G (Ground floor) | Basic unit | Deposit: 2+1+0.5+TA",-,-,-,3,2,850,Unfurnished,Apartment,-,-,-,Damansara Damai MRT Station | One Utama Shopping Centre | IKEA Damansara | Hospital Sungai Buloh | LDP Highway,https://haniproperties.com/images/unitpic/saujanaapartmentFPR/pic1.jpg,"Hi Hani, I'm interested in the unit rental at Saujana Apartment, Damansara Damai. Price: RM1200. Ref: FPR",9/9/2026,https://t.me/fathurpropertyrental/29759,-,FPR,-,
rental,-,50,Kepong,Desa ParkCity,Sofiya Residence,-,2800,Level 10 (Low floor) | Deposit: 2+1+0.5+TA,-,-,2,3,2,862,Fully Furnished,Condominium,-,-,-,The Central Park | Plaza Arkadia | Desa Park City Medical Centre | Lotus's Kepong | LDP Highway,https://haniproperties.com/images/unitpic/sofiyaresidenceFPR/pic1.jpg,"Hi Hani, I'm interested in the unit rental at Sofiya Residence, Desa ParkCity. Price: RM2800. Ref: FPR",9/9/2026,https://t.me/fathurpropertyrental/29766,Oct-26,FPR,-,
rental,-,25,Bangi/Kajang,Southville City,Savanna Executive Suites @ Southville City,-,2500,"Block C1, Level 19 (Medium floor) | Balcony | Deposit: 2+1+0.5+TA",-,-,2,3,2,956,Fully Furnished,Service Residence,-,-,-,IOI City Mall Putrajaya | Universiti Kebangsaan Malaysia (UKM) | Universiti Putra Malaysia (UPM) | Infrastructure University of Kuala Lumpur (IUKL) | ELITE Highway,https://haniproperties.com/images/unitpic/savannaexecutivesuitessouthvillecityFPR2/pic1.jpg,"Hi Hani, I'm interested in the unit rental at Savanna Executive Suites @ Southville City, Southville City. Price: RM2500. Ref: FPR",9/9/2026,https://t.me/fathurpropertyrental/29788,-,FPR,-,
rental,-,45,Kajang,Kajang 2,Parkland Residence @ Kajang 2,Malaysian Only,1700,"Block B, Level 21 (High floor) | Deposit: 2+1+0.5+TA",-,-,1,1,1,550,Partially Furnished,Service Residence,-,-,-,Kajang 2 KTM Station | Plaza Metro Kajang | Pasaraya ECONSAVE | Universiti Kebangsaan Malaysia (UKM) | SILK Highway,https://haniproperties.com/images/unitpic/parklandresidencekajang2FPR/pic1.jpg,"Hi Hani, I'm interested in the unit rental at Parkland Residence @ Kajang 2, Kajang 2. Price: RM1700. Ref: FPR",9/9/2026,https://t.me/fathurpropertyrental/29799,-,FPR,-,
rental,-,65,Kuala Lumpur,KL Sentral,Sentral Suites,Expatriate Preferred | Company Tenant Preferred,5500,"Tower 03, Level 38 (High floor) | Balcony | Big unit | Strategic location | Deposit: 2+1+0.5+TA",-,-,2,3,3,1138,Fully Furnished,Service Residence,-,-,-,KL Sentral Station | Sambanthan Monorail Station | NU Sentral Shopping Mall | Cardiac Vascular Sentral Kuala Lumpur (CVSKL) | SPE Highway,https://haniproperties.com/images/unitpic/sentralsuitesFPR/pic1.jpg,"Hi Hani, I'm interested in the unit rental at Sentral Suites, KL Sentral. Price: RM5500. Ref: FPR",9/9/2026,https://t.me/fathurpropertyrental/29807,-,FPR,-,
rental,-,65,Kuala Lumpur,KL Sentral,Sentral Suites,-,3600,"Tower 03, Level 27 (Medium floor) | Balcony | Strategic location | Deposit: 2+1+0.5+TA",-,-,2,1,1,650,Fully Furnished,Service Residence,-,-,-,KL Sentral Station | Sambanthan Monorail Station | NU Sentral Shopping Mall | Cardiac Vascular Sentral Kuala Lumpur (CVSKL) | SPE Highway,https://haniproperties.com/images/unitpic/sentralsuitesFPR2/pic1.jpg,"Hi Hani, I'm interested in the unit rental at Sentral Suites, KL Sentral. Price: RM3600. Ref: FPR",9/9/2026,https://t.me/fathurpropertyrental/29823,Nov-26,FPR,-,
rental,-,40,Cheras,Batu 9,Emerald 9,-,10000,End lot unit | Brand new unit | Bare unit | Deposit: 2+1+1+TA,-,-,Ground Floor,-,-,1242,Unfurnished,Commercial,-,-,-,Taman Suntex MRT Station | Cheras Sentral | EcoCheras Shopping Mall | Cheras Leisure Mall | NSK Grocer Batu 9,https://haniproperties.com/images/unitpic/emerald9FPR/pic1.jpg,"Hi Hani, I'm interested in the unit rental at Emerald 9, Batu 9. Price: RM10000. Ref: FPR",9/9/2026,https://t.me/fathurpropertyrental/29835,-,FPR,-,
rental,-,35,Sungai Buloh,Bukit Rahman Putra,Taman Masgenuine,Muslim Only,3300,Land size: 8664 sqft | Renovated | Company Tenant Allowed | Deposit: 2+1+0.5+TA,-,-,-,4,4,3000,Partially Furnished,Bungalow,-,-,-,SB Mall | TSB Commercial Centre | Hospital Sungai Buloh | SMK Bukit Rahman Putra | NKVE Highway,https://haniproperties.com/images/unitpic/tamanmasgenuineFPR/pic1.jpg,"Hi Hani, I'm interested in the unit rental at Taman Masgenuine, Bukit Rahman Putra. Price: RM3300. Ref: FPR",9/9/2026,https://t.me/fathurpropertyrental/29842,-,FPR,-,
rental,-,50,Kuala Lumpur,Sungai Besi,Trinity Aquata,-,2800,Level 09 (Medium floor) | Big unit | Deposit: 2+1+0.5+TA,-,-,2,3,2,1154,Partially Furnished,Condominium,-,-,-,Terminal Bersepadu Selatan (TBS) | Plaza Salak Park | SMK Desa Petaling | SK Salak South | BESRAYA Highway,https://haniproperties.com/images/unitpic/trinityaquataFPR/pic1.jpg,"Hi Hani, I'm interested in the unit rental at Trinity Aquata, Sungai Besi. Price: RM2800. Ref: FPR",9/9/2026,https://t.me/fathurpropertyrental/29859,-,FPR,-,
rental,-,45,Klang,Kota Bayuemas,Adria Residences,No Pets Owner | Non-Smoker,2300,"Block A2, Level 17 (Medium floor) | Big unit | Deposit: 2+1+1+TA",-,-,3,3,2,1100,Fully Furnished,Service Residence,-,-,-,AEON Bukit Tinggi Shopping Mall | KSL Esplanade Mall | Hospital Besar Klang | Australia International School | KESAS Highway,https://haniproperties.com/images/unitpic/adriaresidencesFPR/pic1.jpg,"Hi Hani, I'm interested in the unit rental at Adria Residences, Kota Bayuemas. Price: RM2300. Ref: FPR",9/9/2026,https://t.me/fathurpropertyrental/29867,-,FPR,-,
rental,-,45,Bangi/Kajang,Southville City,Cerrado Suites,-,2200,"Corner unit | Block A, Level 25 (High floor) | Balcony | Deposit: 2+1+0.5+TA",-,-,2,3,2,825,Fully Furnished,Service Residence,-,-,-,IOI City Mall Putrajaya | Universiti Kebangsaan Malaysia (UKM) | Universiti Putra Malaysia (UPM) | Infrastructure University of Kuala Lumpur (IUKL) | ELITE Highway,https://haniproperties.com/images/unitpic/cerradosuitesFPR2/pic1.jpg,"Hi Hani, I'm interested in the unit rental at Cerrado Suites, Southville City. Price: RM2200. Ref: FPR",9/9/2026,https://t.me/fathurpropertyrental/29880,Oct-26,FPR,-,
rental,-,35,Semenyih,Semenyih,Taman Semenyih Ria,Malaysian Only | Muslim Preferred,2000,Intermediate unit | Renovated | Deposit: 2+1+1+TA,-,-,-,4,3,1180,Partially Furnished,Terrace,-,-,-,Ecohill Walk Mall | Jaya Grocer Semenyih | Nottingham University of Malaysia | Tenby International School | SILK Highway,https://haniproperties.com/images/unitpic/tamansemenyihriaFPR/pic1.jpg,"Hi Hani, I'm interested in the unit rental at Taman Semenyih Ria, Semenyih. Price: RM2000. Ref: FPR",9/9/2026,https://t.me/fathurpropertyrental/29896,-,FPR,-,
rental,-,65,Kajang,Bandar Kajang,Jernih Residence,-,1450,"Block B, Level 07 (Low floor) | Brand new unit | Bare unit | Deposit: 2+1+0.5+TA",-,-,1,2,1,650,Unfurnished,Service Residence,-,-,-,Sungai Jernih MRT Station | KPJ Kajang Specialist Hospital | Lotus's Kajang | Plaza Metro Kajang | SILK Highway,https://haniproperties.com/images/unitpic/jernihresidenceFPR/pic1.jpg,"Hi Hani, I'm interested in the unit rental at Jernih Residence, Bandar Kajang. Price: RM1450. Ref: FPR",9/9/2026,https://t.me/fathurpropertyrental/29930,-,FPR,-,
rental,-,65,Petaling Jaya / Damansara,Kota Damansara,Casa Indah 1,Family/Couple Preferred,2500,"Block B, Level 3A (Low floor) | Balcony | Big unit | Deposit: 2+1+0.5+TA",-,-,1,3,2,1050,Fully Furnished,Condominium,-,-,-,Surian MRT Station | Tropicana Garden Mall | Sunway Giza Mall | Thomson Medical Centre | LDP Highway,https://haniproperties.com/images/unitpic/casaindah1FPR/pic1.jpg,"Hi Hani, I'm interested in the unit rental at Casa Indah 1, Kota Damansara. Price: RM2500. Ref: FPR",9/9/2026,https://t.me/fathurpropertyrental/29937,-,FPR,-,
rental,-,70,Kuala Lumpur,Bangsar South,Residensi Suria Pantai,-,2000,High Floor (Level 25) | Cooking Allowed,-,-,1,3,2,810,Fully Furnished,Apartment,-,-,-,LRT Kerinchi Station | Mid Valley Megamall | Pantai Hospital Kuala Lumpur | University of Malaya | NPE Highway,https://haniproperties.com/images/unitpic/residensisuriapantaiEX/pic1.jpg,"Hi Hani, I'm interested in the unit rental at Residensi Suria Pantai, Bangsar South. Price: RM2000. Ref: EX",11/9/2026,https://t.me/RumahSewaKLSlgrBelowRM2000/30213,Oct-26,EX,-,
rental,-,60,Sentul,Sentul,Bayu Andaman,Malaysian Only | No Pets Owner,1900,Level 14,-,-,1,3,2,1000,Fully Furnished,Apartment,-,-,-,KTM Sentul | LRT Sentul Timur | Hospital Kuala Lumpur | DUKE Highway | UTC Sentul,https://haniproperties.com/images/unitpic/bayuandamanADL/pic1.jpg,"Hi Hani, I'm interested in the unit rental at Bayu Andaman, Sentul. Price: RM1900. Ref: ADL",11/9/2026,https://t.me/RumahSewaKLSlgrBelowRM2000/30221,Oct-26,ADL,-,
rental,-,55,Setapak,Taman Melawati,Desa View Towers,-,1400,Corner Unit | Low Floor,-,-,1,3,2,-,-,Apartment,-,-,-,Wangsa Maju LRT Station | Melawati Mall | KL East Mall | Setapak Central | MRR2 Highway,https://haniproperties.com/images/unitpic/desaviewtowersEX/pic1.jpg,"Hi Hani, I'm interested in the unit rental at Desa View Towers, Taman Melawati. Price: RM1400. Ref: EX",11/9/2026,https://t.me/RumahSewaKLSlgrBelowRM2000/30234,16/9/2026,EX,-,
rental,-,65,Setapak,Danau Kota,Platinum Lake PV 21,No Pets Owner,1600,-,-,-,1,2,2,900,Fully Furnished,Condominium,-,-,-,LRT Wangsa Maju | Setapak Central Mall | Columbia Asia Hospital | TAR UMT | MRR2,https://haniproperties.com/images/unitpic/platinumlakepv21EX/pic1.jpg,"Hi Hani, I'm interested in the unit rental at Platinum Lake PV 21, Danau Kota. Price: RM1600. Ref: EX",11/9/2026,https://t.me/RumahSewaKLSlgrBelowRM2000/30256,Nov-26,EX,-,
rental,-,60,Setapak,Setapak,M Astra Setapak,-,2400,Medium Floor,-,-,2,3,2,850,Fully Furnished,Service Residence,-,-,-,LRT Wangsa Maju | Setapak Central Mall | AEON Alpha Angle | KL East Mall | DUKE Highway,https://haniproperties.com/images/unitpic/mastrasetapakEX2/pic1.jpg,"Hi Hani, I'm interested in the unit rental at M Astra Setapak, Setapak. Price: RM2400. Ref: EX",11/9/2026,https://t.me/RumahSewaKLSlgrBelowRM2000/30269,Immediate,EX,-,
rental,-,55,Ampang,Ukay Perdana,Liberty Arc @ Ampang Ukay,-,1500,High Floor | Corner Unit | Balcony,-,-,1,1,1,450,Fully Furnished,Studio,-,-,-,Ampang Point Shopping Centre | Great Eastern Mall | AEON AU2 Shopping Centre | KPJ Ampang Puteri Specialist Hospital | Gleneagles Hospital Kuala Lumpur,https://haniproperties.com/images/unitpic/libertyarcampangukayEX2/pic1.jpg,"Hi Hani, I'm interested in the unit rental at Liberty Arc @ Ampang Ukay, Ukay Perdana. Price: RM1500. Ref: EX",11/9/2026,https://t.me/RumahSewaKLSlgrBelowRM2000/30291,7/10/2026,EX,-,
rental,-,70,Petaling Jaya / Damansara,Damansara Perdana,D'Vine Residence,Muslim Malaysian Only | No Pets Owner,1600,33rd Floor,-,-,1,2,1,550,Partially Furnished,Service Residence,-,-,-,MRT Mutiara Damansara | IPC Shopping Centre | Damansara Specialist Hospital | Giant Damansara Jaya | LDP,https://haniproperties.com/images/unitpic/dvineresidenceEX/pic1.jpg,"Hi Hani, I'm interested in the unit rental at D'Vine Residence, Damansara Perdana. Price: RM1600. Ref: EX",11/9/2026,https://t.me/RumahSewaKLSlgrBelowRM2000/30297,Immediate,EX,-,
rental,-,60,Cheras,Taman Koperasi Cuepacs,Pangsapuri Mewah Cheras,-,1000,Medium Floor | Cooking Allowed,-,-,1,3,2,1100,Partially Furnished,Apartment,-,-,-,Stadium Kajang MRT Station | Phoenix Plaza | Tesco Kajang | Leisure Mall | Hospital Kajang,https://haniproperties.com/images/unitpic/pangsapurimewahcherasEX/pic1.jpg,"Hi Hani, I'm interested in the unit rental at Pangsapuri Mewah Cheras, Taman Koperasi Cuepacs. Price: RM1000. Ref: EX",11/9/2026,https://t.me/RumahSewaKLSlgrBelowRM2000/30312,Immediate,EX,-,
rental,-,60,Cheras,Batu 9 Cheras,Venice Hill,-,1600,Tower 10 | Ground Floor | Parking on Same Level | 2 Open Balconies,-,-,1,4,3,1667,Partially Furnished,Condominium,-,-,-,Taman Suntex MRT Station | EkoCheras Mall | Leisure Mall Cheras | Columbia Asia Hospital Cheras | MRR2 Highway,https://haniproperties.com/images/unitpic/venicehillEX/pic1.jpg,"Hi Hani, I'm interested in the unit rental at Venice Hill, Batu 9 Cheras. Price: RM1600. Ref: EX",11/9/2026,https://t.me/RumahSewaKLSlgrBelowRM2000/30321,Oct-26,EX,-,
rental,-,40,Ampang,Jalan Ampang,Arte Plus,-,2700,-,-,-,1,1,1,623,Fully Furnished,Service Residence,-,-,-,LRT Ampang Park Station | Great Eastern Mall | Ampang Point Shopping Centre | Gleneagles Hospital Kuala Lumpur | AKLEH Highway,https://haniproperties.com/images/unitpic/arteplusEX3/pic1.jpg,"Hi Hani, I'm interested in the unit rental at Arte Plus, Jalan Ampang. Price: RM2700. Ref: EX",11/9/2026,https://t.me/RumahSewaKLSlgrBelowRM2000/30334,Immediate,EX,-,
rental,-,50,Kajang,Sungai Chua,Taman Kejora,-,1300,Upper Floor Unit (2-Storey Townhouse) | High Floor,-,-,-,3,2,700,Partially Furnished,Townhouse,-,-,-,MRT/KTM Kajang | Giant Supermarket Kajang | Hospital Kajang | SILK Highway,https://haniproperties.com/images/unitpic/tamankejoraNS/pic1.jpg,"Hi Hani, I'm interested in the unit rental at Taman Kejora, Sungai Chua. Price: RM1300. Ref: NS",11/9/2026,https://t.me/rumahsewajualbelikldanselangor/12763,-,NS,-,
rental,-,30,Klang,Kapar,Kapar,-,1600,Renovated | Company Rental RM2000/month,-,-,-,3,3,1350,Unfurnished,Terrace,-,-,-,SK Sementa / SMK Kapar Indah | Masjid Kg Perepat | SpeedMart Kapar,https://haniproperties.com/images/unitpic/kaparNS/pic1.jpg,"Hi Hani, I'm interested in the unit rental at Kapar, Kapar. Price: RM1600. Ref: NS",11/9/2026,https://t.me/rumahsewajualbelikldanselangor/12786,-,NS,-,
rental,-,40,Rawang,Bukit Sentosa,Bukit Sentosa,-,950,Telipot Azura | Viewing After 8pm,-,-,-,4,3,1195,Unfurnished,Terrace,-,-,-,UMW High Value Manufacturing Park | Sungai Choh Industrial Area | Bukit Beruntung Industrial Park | PLUS Highway | Mydin,https://haniproperties.com/images/unitpic/bukitsentosaNS2/pic1.jpg,"Hi Hani, I'm interested in the unit rental at Bukit Sentosa, Bukit Sentosa. Price: RM950. Ref: NS",11/9/2026,https://t.me/rumahsewajualbelikldanselangor/12800,Oct-26,NS,-,
rental,-,35,Rawang,Serendah,Antara Gapi,-,1600,Direct Owner,-,-,-,4,3,1540,Partially Furnished,Terrace,-,-,-,Serendah KTM Station | Econsave Hypermarket Batang Kali | SRK Antara Gapi | PLUS Highway,https://haniproperties.com/images/unitpic/antaragapiNS/pic1.jpg,"Hi Hani, I'm interested in the unit rental at Antara Gapi, Serendah. Price: RM1600. Ref: NS",11/9/2026,https://t.me/rumahsewajualbelikldanselangor/12814,Oct-26,NS,-,
subsale,-,50,Puchong,"Seksyen 10, Saujana Puchong",Saujana Puchong,-,700000,Leasehold - 79 Years Remaining (Until 2105) | 22' x 75' Lot | Master Title | Extended & Renovated | Attic (Extra Living Space) | Maintenance RM150/month,-,2982,1,4,3,3000,-,Terrace,Leasehold,-,-,IOI Puchong Jaya LRT Station | AEON Big Puchong Utama | Lotus Bandar Bukit Puchong | IOI Mall Puchong | LDP Expressway,https://haniproperties.com/images/unitpic/saujanapuchongEXP/pic1.jpg,"Hi Hani, I'm interested in the subsale unit at Saujana Puchong, Seksyen 10, Saujana Puchong. Price: RM700000. Ref: EXP",11/9/2026,https://t.me/extremeproperty_listing/21791,-,EXP,-,
subsale,-,40,Kajang,Bandar Seri Putra,Bandar Seri Putra,-,550000,Facing SMK Bandar Seri Putra | Extra Land 15 Kaki (Back) | Bumi Lot (Open to All Races) | Gated & Guarded | Land 22' x 85',-,2343,-,4,3,1588,-,Terrace,Freehold,-,-,Lotus's Bandar Puteri Bangi | Hospital Serdang | KUIS | PLUS Highway | LEKAS Highway,https://haniproperties.com/images/unitpic/bandarseriputraEXP2/pic1.jpg,"Hi Hani, I'm interested in the subsale unit at Bandar Seri Putra, Bandar Seri Putra. Price: RM550000. Ref: EXP",11/9/2026,https://t.me/extremeproperty_listing/21814,-,EXP,-,
rental,-,65,Kuala Lumpur,Segambut,Duta Park Residence,-,3600,High Floor (Level 18),-,-,2,2,2,857,Fully Furnished,Condominium,-,-,-,MRT Sentul West Station | LRT PWTC Station | Sunway Putra Mall | Quill City Mall | DUKE Highway,https://haniproperties.com/images/unitpic/dutaparkresidenceADL/pic1.jpg,"Hi Hani, I'm interested in the unit rental at Duta Park Residence, Segambut. Price: RM3600. Ref: ADL",11/9/2026,https://t.me/adiblisting/11460,Immediate,ADL,-,
rental,-,65,Kuala Lumpur,Mont Kiara,Arte @ Mont Kiara,-,2800,High Floor (Level 28),-,-,1,2,2,726,Partially Furnished,Service Residence,-,-,-,Segambut KTM Station | 1 Mont Kiara | Publika Shopping Gallery | Global Doctors Centre | Sprint Highway,https://haniproperties.com/images/unitpic/artemontkiaraADL/pic1.jpg,"Hi Hani, I'm interested in the unit rental at Arte @ Mont Kiara, Mont Kiara. Price: RM2800. Ref: ADL",11/9/2026,https://t.me/adiblisting/11495,Immediate,ADL,-,
rental,-,70,Shah Alam,Seksyen 14,Vista Alam Serviced Apartment,-,1500,Level 5,-,-,-,0,1,500,Fully Furnished,Service Residence,-,-,-,KTM Shah Alam | Plaza Alam Sentral | SACC Mall | Anggerik Mall | UiTM Shah Alam,https://haniproperties.com/images/unitpic/vistaalamservicedapartmentADL2/pic1.jpg,"Hi Hani, I'm interested in the unit rental at Vista Alam Serviced Apartment, Seksyen 14. Price: RM1500. Ref: ADL",11/9/2026,https://t.me/adiblisting/11523,Immediate,ADL,-,
rental,-,70,Kuala Lumpur,Keramat,Platinum Splendor Residensi Semarak,-,3500,Negotiable | Fully Renovated | KLCC View | Mid-High Floor | Deposit: 2+1+0.5+TA,-,-,-,4,2,1184,Partially Furnished,Condominium,-,-,-,Dato' Keramat LRT Station | KLCC | Pavilion KL | Hospital Kuala Lumpur (HKL) | UTM Jalan Semarak,https://haniproperties.com/images/unitpic/platinumsplendorresidensisemarakFZR/pic1.jpg,"Hi Hani, I'm interested in the unit rental at Platinum Splendor Residensi Semarak, Keramat. Price: RM3500. Ref: FZR",15/9/2026,https://t.me/yanzrealty/410,Immediate,FZR,-,
rental,-,70,Petaling Jaya / Damansara,Taman Medan,Flat Taman Medan,-,1000,Low Cost | Deposit: 2+1+0.5+TA,-,-,-,3,2,700,Fully Furnished,Flat,-,-,-,Kg Dato Harun KTM Station | Jaya Shopping Centre | Taman Medan Schools | Federal Highway | LDP Expressway,https://haniproperties.com/images/unitpic/flattamanmedanEX/pic1.jpg,"Hi Hani, I'm interested in the unit rental at Flat Taman Medan, Taman Medan. Price: RM1000. Ref: EX",15/9/2026,https://t.me/RumahSewaKLSlgrBelowRM2000/30400,-,EX,-,
rental,-,60,Ampang,Ampang Hilir,Reizz Residence,-,2200,-,-,-,1,2,1,750,Fully Furnished,Service Residence,-,-,-,Ampang Park LRT/MRT Station | Great Eastern Mall | Suria KLCC | Ampang Point Shopping Centre | Gleneagles Hospital Kuala Lumpur,https://haniproperties.com/images/unitpic/reizzresidenceEX/pic1.jpg,"Hi Hani, I'm interested in the unit rental at Reizz Residence, Ampang Hilir. Price: RM2200. Ref: EX",15/9/2026,https://t.me/RumahSewaKLSlgrBelowRM2000/30478,Mid October 2026,EX,-,
rental,-,65,Sentul,Sentul,Mutiara Sentul,-,2000,Medium Floor | Corner Unit | Deposit: 2+1+0.5+TA,-,-,1,3,2,960,Fully Furnished,Condominium,-,-,-,LRT Sentul Timur | KTM Sentul | Sunway Putra Mall | Hospital Kuala Lumpur | DUKE Highway,https://haniproperties.com/images/unitpic/mutiarasentulEX/pic1.jpg,"Hi Hani, I'm interested in the unit rental at Mutiara Sentul, Sentul. Price: RM2000. Ref: EX",15/9/2026,https://t.me/RumahSewaKLSlgrBelowRM2000/30531,Immediate,EX,-,
rental,-,60,Seri Kembangan,Taman Equine,Mount Karunmas,Malay Only,1200,Level 6,-,-,1,3,2,1100,Partially Furnished,Condominium,-,-,-,Taman Equine MRT Station | AEON Mall Cheras Selatan | The Mines Shopping Mall | SMK Cheras Jaya | SILK Highway,https://haniproperties.com/images/unitpic/mountkarunmasADL2/pic1.jpg,"Hi Hani, I'm interested in the unit rental at Mount Karunmas, Taman Equine. Price: RM1200. Ref: ADL",15/9/2026,https://t.me/adiblisting/11613,Immediate,ADL,-,
rental,-,55,Selayang,Selayang,Magna Ville Condominium,Malaysian Only,1250,Basic Unit | Level 9,-,-,1,3,2,962,Partially Furnished,Condominium,-,-,-,Kampung Batu MRT Station | Selayang Mall | Hospital Selayang | IIUM Gombak | MRR2 Highway,https://haniproperties.com/images/unitpic/magnavillecondominiumADL/pic1.jpg,"Hi Hani, I'm interested in the unit rental at Magna Ville Condominium, Selayang. Price: RM1250. Ref: ADL",15/9/2026,https://t.me/adiblisting/11625,Nov-26,ADL,-,
rental,-,65,Setapak,Taman Danau Kota,The Nest Residence @ Genting Klang,Malaysian Only,1850,Level 20,-,-,1,3,2,855,Partially Furnished,Condominium,-,-,-,LRT Wangsa Maju Station | Setapak Central | Wangsa Walk Mall | International Islamic University Malaysia (IIUM) | DUKE Highway,https://haniproperties.com/images/unitpic/thenestresidencegentingklangADL/pic1.jpg,"Hi Hani, I'm interested in the unit rental at The Nest Residence @ Genting Klang, Taman Danau Kota. Price: RM1850. Ref: ADL",15/9/2026,https://t.me/adiblisting/11664,Nov-26,ADL,-,
rental,-,70,Petaling Jaya / Damansara,Damansara Perdana,Empire City Halo Sunday,-,1300,Negotiable,-,-,-,0,1,500,Fully Furnished,Studio,-,-,-,MRT Bandar Utama | Empire City Shopping Mall | The Curve | IKEA Damansara | LDP Highway,https://haniproperties.com/images/unitpic/empirecityhalosundayADL/pic1.jpg,"Hi Hani, I'm interested in the unit rental at Empire City Halo Sunday, Damansara Perdana. Price: RM1300. Ref: ADL",15/9/2026,https://t.me/adiblisting/11700,Immediate,ADL,-,
rental,-,50,Kajang,Sungai Ramal Dalam,Vista Sungai Ramal,Malaysian Only,1500,Level 6,-,-,2,3,2,1000,Partially Furnished,Apartment,-,-,-,EVO Mall Bangi | Hospital Kajang | UKM Medical Centre | SILK Highway | LEKAS Highway,https://haniproperties.com/images/unitpic/vistasungairamalADL/pic1.jpg,"Hi Hani, I'm interested in the unit rental at Vista Sungai Ramal, Sungai Ramal Dalam. Price: RM1500. Ref: ADL",15/9/2026,https://t.me/adiblisting/11740,Oct-26,ADL,-,
rental,-,55,Kajang,Taman Universiti,Residensi Vista Hijauan,Female Only | Students Welcome,1800,Level 3 (Lower Floor) | 2 Parking - Same Level | New Condition,-,-,2,3,2,1007,Fully Furnished,Apartment,-,-,-,MRT Kajang Station | UKM (Universiti Kebangsaan Malaysia) | UKM Medical Centre | Tesco Kajang | SILK Highway,https://haniproperties.com/images/unitpic/residensivistahijauanADL/pic1.jpg,"Hi Hani, I'm interested in the unit rental at Residensi Vista Hijauan, Taman Universiti. Price: RM1800. Ref: ADL",15/9/2026,https://t.me/adiblisting/11749,Immediate,ADL,-,
subsale,-,60,Kuala Lumpur,Kampung Padang Tembak Semarak,Platinum Splendor Residensi Semarak,-,570000,"Currently Tenanted Until March 2027 | Agent-Stated Market Value: RM650,000 | Strata Title | Renovated | Remaining Tenure 93 Years",-,2428,2,4,2,1184,-,Condominium,Leasehold,-,-,Dato' Keramat LRT Station | KLCC | Pavilion KL | Hospital Kuala Lumpur (HKL) | UTM Jalan Semarak,https://haniproperties.com/images/unitpic/platinumsplendorresidensisemarakEXP2/pic1.jpg,"Hi Hani, I'm interested in the subsale unit at Platinum Splendor Residensi Semarak, Kampung Padang Tembak Semarak. Price: RM570000. Ref: EXP",15/9/2026,https://t.me/extremeproperty_listing/21842,-,EXP,-,
subsale,-,25,Rawang,Serendah,Tanah Pertanian Serendah,-,880000,Negotiable | 1.73 Ekar | Agricultural Land - Suitable for Livestock/Fish Pond | Open Title | Complete Infrastructure - Tar Road Access | River Nearby | Non-Flood Zone | ~6km to Selangor Fruit Valley,-,3748,-,-,-,75359,-,Land,Leasehold,-,-,Serendah KTM Station | PLUS Highway | Selangor Fruit Valley (~6km),https://haniproperties.com/images/unitpic/tanahpertanianserendahEXP/pic1.jpg,"Hi Hani, I'm interested in the subsale unit at Tanah Pertanian Serendah, Serendah. Price: RM880000. Ref: EXP",15/9/2026,https://t.me/extremeproperty_listing/21857,-,EXP,-,
subsale,-,60,Kuala Lumpur,Mont Kiara,Kiaramas Sutera @ Mont Kiara,-,930000,"Market Value RM1,000,000 (agent-stated) | Strata Title | Non-Bumi Lot | Renovated & Well-Maintained | Fully Furnished",-,3961.16,-,4,3,1672,-,Condominium,Freehold,-,-,Segambut KTM Station | Publika Shopping Gallery | Global Doctors Centre | Mont Kiara International School | Sprint Highway,https://haniproperties.com/images/unitpic/kiaramassuteraEXP/pic1.jpg,"Hi Hani, I'm interested in the subsale unit at Kiaramas Sutera @ Mont Kiara, Mont Kiara. Price: RM930000. Ref: EXP",15/9/2026,https://t.me/extremeproperty_listing/21871,-,EXP,-,
subsale,-,75,Kuala Lumpur,Old Klang Road,OUG Parklane Phase 3 @ Old Klang Road,-,380000,Level 26th | Strata Title | Non-Bumi Lot | Maintenance RM193/month | Partially Furnished,-,1618.54,1,3,2,950,-,Condominium,Freehold,-,-,Awan Besar LRT Station | AEON | NSK Grocer | Sunway Medical Centre | KESAS Expressway,https://haniproperties.com/images/unitpic/ougparklanephase3EXP/pic1.jpg,"Hi Hani, I'm interested in the subsale unit at OUG Parklane Phase 3 @ Old Klang Road, Old Klang Road. Price: RM380000. Ref: EXP",15/9/2026,https://t.me/extremeproperty_listing/21889,-,EXP,-,
subsale,-,55,Petaling Jaya / Damansara,Damansara Perdana,Emerald Perdana,-,1000000,"5+1 Bedrooms | Rare Large Built-up 2300 sqft | Rental Comps: RM3,200 (2500sf) - RM4,300 (2400sf, 6+1)",-,4259.31,-,6,3,2300,-,Condominium,Leasehold,-,-,MRT Mutiara Damansara | The Curve | IKEA Damansara | 1 Utama Shopping Centre | LDP Highway,https://haniproperties.com/images/unitpic/emeraldperdanaDPM/pic1.jpg,"Hi Hani, I'm interested in the subsale unit at Emerald Perdana, Damansara Perdana. Price: RM1000000. Ref: DPM",15/9/2026,https://t.me/DeePropmall/3313,-,DPM,-,
rental,-,50,Semenyih,Bandar Teknologi Kajang,Residensi Damai @ Bandar Teknologi Kajang,Malay & Family Preferred,1400,Level 03 (Low Floor) | 2 Months Security Deposit + 1 Month Advance + 0.5 Month Utilities Deposit + TA,-,-,2,3,2,860,Fully Furnished,Apartment,-,-,-,KTM Kajang Station | Billion Shopping Centre | Hospital Kajang | SK Bandar Teknologi Kajang | SILK Highway,https://haniproperties.com/images/unitpic/residensidamaibandarteknologikajangFPR/pic1.jpg,"Hi Hani, I'm interested in the unit rental at Residensi Damai @ Bandar Teknologi Kajang, Bandar Teknologi Kajang. Price: RM1400. Ref: FPR",15/9/2026,https://t.me/fathurpropertyrental/30038,-,FPR,-,
rental,-,25,TPG/Rimbayu,Telok Panglima Garang,Tropicana Umara,-,7000,Ground Floor | Intermediate Unit | Brand New Unit | Bare Unit | 2 Months Security Deposit + 1 Month Advance + 1 Month Utilities Deposit + TA,-,-,Ground Floor,-,2,3360,Unfurnished,Commercial,-,-,-,Quayside Mall | Sanctuary Mall | Columbia Asia Hospital Bukit Rimau | TENBY International School Tropicana Aman | ELITE Highway,https://haniproperties.com/images/unitpic/shoplottropicanaumaraFPR/pic1.jpg,"Hi Hani, I'm interested in the unit rental at Tropicana Umara, Telok Panglima Garang. Price: RM7000. Ref: FPR",15/9/2026,https://t.me/fathurpropertyrental/30065,-,FPR,-,
rental,-,50,Petaling Jaya / Damansara,Kota Damansara,Taman Teknologi Sains 1,-,2200,"First Floor | Renovated Unit | Partially Furnished (5x Air-Conditioners, Workstation Table, Meeting Table) | 2 Months Security Deposit + 1 Month Advance + 1 Month Utilities Deposit + TA",-,-,First Floor,-,-,1062,Partially Furnished,Commercial,-,-,-,MRT Kota Damansara | Sunway Giza Mall | Thomson Hospital Kota Damansara | SEGi University | NKVE Highway,https://haniproperties.com/images/unitpic/tamanteknologisains1FPR/pic1.jpg,"Hi Hani, I'm interested in the unit rental at Taman Teknologi Sains 1, Kota Damansara. Price: RM2200. Ref: FPR",15/9/2026,https://t.me/fathurpropertyrental/30099,Oct-26,FPR,-,
rental,-,65,Kuala Lumpur,KLCC,Binjai 8 Premium SOHO,-,6000,Level 23A (High Floor) | 2 Rooms + 1 Meeting Room | Prime Area | 2 Months Security Deposit + 1 Month Advance + 1 Month Utilities Deposit + TA,-,-,-,2,2,1347,Fully Furnished,Service Residence,-,-,-,KLCC LRT Station | Ampang Park LRT Station | Suria KLCC | The Intermark Mall | AKLEH Highway,https://haniproperties.com/images/unitpic/binjai8premiumsohoFPR/pic1.jpg,"Hi Hani, I'm interested in the unit rental at Binjai 8 Premium SOHO, KLCC. Price: RM6000. Ref: FPR",15/9/2026,https://t.me/fathurpropertyrental/30117,-,FPR,-,
rental,-,50,Shah Alam,Seksyen 33,Elite 33 Signature Business Park,-,6500,Double Storey | Intermediate Unit | Facing Highway | Well Maintained | Basic Unit | 2 Months Security Deposit + 1 Month Advance + 1 Month Utilities Deposit + TA,-,-,-,-,-,4000,Unfurnished,Commercial,-,-,-,Gamuda Walk Mall | Aeon Big Bukit Rimau | Columbia Asia Hospital Bukit Rimau | KESAS Highway | LKSA Highway,https://haniproperties.com/images/unitpic/elite33signaturebusinessparkFPR/pic1.jpg,"Hi Hani, I'm interested in the unit rental at Elite 33 Signature Business Park, Seksyen 33. Price: RM6500. Ref: FPR",15/9/2026,https://t.me/fathurpropertyrental/30131,-,FPR,-,
rental,-,50,Kajang,Jalan Reko,Pusat Hentian Kajang,-,1200,High Floor,-,-,-,4,1,721,Partially Furnished,Apartment,-,-,-,UKM KTM Station | Pasaraya Econsave | Universiti Kebangsaan Malaysia (UKM) | UniKL Germany Malaysia Institute (GMI) | SILK Highway,https://haniproperties.com/images/unitpic/pusathentiankajangFPR/pic1.jpg,"Hi Hani, I'm interested in the unit rental at Pusat Hentian Kajang, Jalan Reko. Price: RM1200. Ref: FPR",15/9/2026,https://t.me/fathurpropertyrental/30174,-,FPR,-,
rental,-,55,Cyberjaya / Putrajaya,Presint 11,Flora Rosa,Malay & Muslim Preferred,2800,"Block C, Level 06 (Medium Floor) | Balcony | Big Unit | Low Density | 2 Months Security Deposit + 1 Month Advance + 0.5 Month Utilities Deposit + TA",-,-,2,3,2,1184,Partially Furnished,Condominium,-,-,-,Putrajaya MRT Station | Cyberjaya MRT Station | IOI City Mall Putrajaya | Abedeen International School | MEX Highway,https://haniproperties.com/images/unitpic/florarosaFPR/pic1.jpg,"Hi Hani, I'm interested in the unit rental at Flora Rosa, Presint 11. Price: RM2800. Ref: FPR",15/9/2026,https://t.me/fathurpropertyrental/30186,Dec-26,FPR,-,
rental,-,65,Kuala Lumpur,Bangsar,Menara Alfa Bangsar,-,4000,Level 30 (High Floor) | Prime Location | WiFi Included | 2 Months Security Deposit + 1 Month Advance + 0.5 Month Utilities Deposit + TA,-,-,1,1,1,570,Fully Furnished,Service Residence,-,-,-,Bangsar LRT Station | Bangsar Shopping Centre | Bangsar Village | Pantai Hospital Kuala Lumpur | Federal Highway,https://haniproperties.com/images/unitpic/menaraalfabangsarFPR/pic1.jpg,"Hi Hani, I'm interested in the unit rental at Menara Alfa Bangsar, Bangsar. Price: RM4000. Ref: FPR",15/9/2026,https://t.me/fathurpropertyrental/30202,-,FPR,-,
rental,-,55,Kajang,Bangi Avenue,Residensi Adelia 2,Malay Only,1700,High Floor (Level 16) | Price Negotiable,-,-,2,3,3,1045,Fully Furnished,Service Residence,-,-,-,Bangi KTM Station | Lotus's Bandar Puteri Bangi | UKM Bangi,https://haniproperties.com/images/unitpic/residensiadelia2ADL/pic1.jpg,"Hi Hani, I'm interested in the unit rental at Residensi Adelia 2, Bangi Avenue. Price: RM1700. Ref: ADL",7/9/2026,https://t.me/adiblisting/11267,Immediate,ADL,-,
subsale,-,60,Puchong,Taman Kinrara 5,1 Storey Terrace Taman Kinrara 5,-,449000,Leasehold | Non-Bumi Lot | Extended | Extra Land at the Back | Land Area 1100 sqft (20x55) | Full Loan / Zero Deposit | Nego,-,1912.43,-,3,1,900,-,Terrace,Leasehold,-,-,Kinrara BK5 LRT Station | IOI Mall Puchong | KPJ Kinrara Puchong | SMK Seksyen 4 Bandar Kinrara | Lebuhraya Damansara-Puchong (LDP),https://haniproperties.com/images/unitpic/1storeyterracetamankinrara5EXP/pic1.jpg,"Hi Hani, I'm interested in the subsale unit at 1 Storey Terrace Taman Kinrara 5, Taman Kinrara 5. Price: RM449000. Ref: EXP",15/9/2026,https://t.me/extremeproperty_listing/21901,-,EXP,-,
rental,-,85,Bukit Jalil,Bukit Jalil,PPA1M Bukit Jalil,-,1400,"Level 39 (High Floor) | Basic fittings: lights, fans & full grille",-,-,1,3,2,1000,Unfurnished,Apartment,-,-,-,Bukit Jalil LRT Station | Pavilion Bukit Jalil | APU | IMU | MEX & KESAS Highways,https://haniproperties.com/images/unitpic/ppa1mbukitjalilEX/pic1.jpg,"Hi Hani, I'm interested in the unit rental at PPA1M Bukit Jalil, Bukit Jalil. Price: RM1400. Ref: EX",17/9/2026,https://t.me/RumahSewaKLSlgrBelowRM2000/30565,Immediate,EX,-,
rental,-,80,Kuala Lumpur,Taman Desa,Residensi Desamas,-,1550,"Level 28 (High Floor) | Comes with kitchen top, stove, water heater, aircond & ceiling fans",-,-,1,3,2,900,Partially Furnished,Apartment,-,-,-,Awan Besar LRT Station | Mid Valley Megamall | The Gardens Mall | University of Malaya (UM) | Federal Highway,https://haniproperties.com/images/unitpic/residensidesamasADL/pic1.jpg,"Hi Hani, I'm interested in the unit rental at Residensi Desamas, Taman Desa. Price: RM1550. Ref: ADL",17/9/2026,https://t.me/adiblisting/11833,Immediate,ADL,-,
rental,-,60,Puchong,Pulau Meranti,Desaria Villa,-,1450,Basic Unit | Fully Renovated,-,-,1,4,2,1100,Unfurnished,Condominium,-,-,-,IOI Mall Puchong | SetiaWalk Puchong | INTI International University | Taylor's University Lakeside Campus | LDP Highway,https://haniproperties.com/images/unitpic/desariavillaADL/pic1.jpg,"Hi Hani, I'm interested in the unit rental at Desaria Villa, Pulau Meranti. Price: RM1450. Ref: ADL",17/9/2026,https://t.me/adiblisting/11843,Immediate,ADL,-,
rental,-,65,Petaling Jaya / Damansara,Damansara Perdana,Metropolitan Square,-,3500,Level 21 (High Floor),-,-,1,3,2,1094,Fully Furnished,Condominium,-,-,-,Mutiara Damansara MRT Station | 1 Utama Shopping Centre | The Curve | IKEA Damansara | SEGi University Kota Damansara,https://haniproperties.com/images/unitpic/metropolitansquareADL/pic1.jpg,"Hi Hani, I'm interested in the unit rental at Metropolitan Square, Damansara Perdana. Price: RM3500. Ref: ADL",17/9/2026,https://t.me/adiblisting/11853,8/11/2026,ADL,-,
subsale,-,40,Sungai Buloh,Bukit Rahman Putra,Putra Residence,-,3300000,"Corner Lot | Individual Title | Fully Renovated & Furnished | Private Lift | Gated & Guarded, Low Density | Maintenance RM300/month | Agent-stated Market Value: RM4,500,000",-,14056,-,8,8,13000,-,Bungalow,Freehold,-,-,MRT Sungai Buloh | KTM Sungai Buloh | Hospital Sungai Buloh | Bukit Rahman Putra Golf Club | SMK Bukit Rahman Putra,https://haniproperties.com/images/unitpic/putraresidenceEXP/pic1.jpg,"Hi Hani, I'm interested in the subsale unit at Putra Residence, Bukit Rahman Putra. Price: RM3300000. Ref: EXP",17/9/2026,https://t.me/extremeproperty_listing/21914,-,EXP,-,
rental,-,60,Kuala Lumpur,Taman Melawati,Serini Melawati,-,2000,1+1 Layout | Price Negotiable,-,-,1,2,1,633,Partially Furnished,Service Residence,-,-,-,LRT Wangsa Maju | Melawati Mall | KL East Mall | Wangsa Walk Mall | MRR2 Highway,https://haniproperties.com/images/unitpic/serinimelawatiEX/pic1.jpg,"Hi Hani, I'm interested in the unit rental at Serini Melawati, Taman Melawati. Price: RM2000. Ref: EX",18/9/2026,https://t.me/RumahSewaKLSlgrBelowRM2000/30612,-,EX,-,
subsale,-,55,Seri Kembangan,Balakong,Symphony Tower (Menara Simfoni),-,420000,Non-Bumi Lot | Price Negotiable | Completed 2018,-,1789,2,3,2,951,-,Service Residence,Freehold,-,-,Amerin Mall | C180 | AEON Mall Cheras Selatan | SILK Highway,https://haniproperties.com/images/unitpic/symphonytowermenarasimfoniEXP/pic1.jpg,"Hi Hani, I'm interested in the subsale unit at Symphony Tower (Menara Simfoni), Balakong. Price: RM420000. Ref: EXP",18/9/2026,https://t.me/extremeproperty_listing/21967,-,EXP,-,
rental,-,60,Shah Alam,Subang Bestari,Pangsapuri Seri Galaksi,-,1250,-,-,-,1,3,2,840,Partially Furnished,Apartment,-,-,-,Subang Alam LRT Station | Star Avenue Lifestyle Mall | Guthrie Corridor Expressway,https://haniproperties.com/images/unitpic/pangsapuriserigalaksiNS/pic1.jpg,"Hi Hani, I'm interested in the unit rental at Pangsapuri Seri Galaksi, Subang Bestari. Price: RM1250. Ref: NS",18/9/2026,https://t.me/rumahsewajualbelikldanselangor/12833,Immediate,NS,-,
rental,-,70,Bukit Jalil,Bukit Jalil, Bukit Jalil,Malaysian Only | Family/Couple Preferred | Working Adults Only,1400,Basic Unit | Agreement Required Until Dec 2027,-,-,1,3,2,1000,Unfurnished,Apartment,-,-,-,LRT Bukit Jalil | Pavilion Bukit Jalil | APU | IMU | MEX Highway,https://haniproperties.com/images/unitpic/ppa1mbukitjalilNS/pic1.jpg,"Hi Hani, I'm interested in the unit rental at PPA1M Bukit Jalil, Bukit Jalil. Price: RM1400. Ref: NS",18/9/2026,https://t.me/rumahsewajualbelikldanselangor/12893,Immediate,NS,-,
rental,-,70,Setapak,Taman Danau Kota,The Nest Residence @ Genting Klang,-,1850,KLCC / KL Tower View | Medium Floor,-,-,-,3,2,855,Partially Furnished,Condominium,-,-,-,LRT Wangsa Maju Station | Setapak Central | Wangsa Walk Mall | International Islamic University Malaysia (IIUM) | DUKE Highway,https://haniproperties.com/images/unitpic/thenestresidencegentingklangNS/pic1.jpg,"Hi Hani, I'm interested in the unit rental at The Nest Residence @ Genting Klang, Taman Danau Kota. Price: RM1850. Ref: NS",18/9/2026,https://t.me/rumahsewajualbelikldanselangor/12907,-,NS,-,
rental,-,50,Bangi,Bandar Seri Putra,Vista Seri Putra Apartments,Malay Preferred | Family/Couple Preferred,1200,Cooking Allowed | Low Floor,-,-,1,3,2,850,Partially Furnished,Apartment,-,-,-,Bangi KTM Station | SP Retail Centre | Universiti Kebangsaan Malaysia (UKM) | ELITE Highway,https://haniproperties.com/images/unitpic/vistaseriputraapartmentsNS/pic1.jpg,"Hi Hani, I'm interested in the unit rental at Vista Seri Putra Apartments, Bandar Seri Putra. Price: RM1200. Ref: NS",18/9/2026,https://t.me/rumahsewajualbelikldanselangor/12914,-,NS,-,
subsale,-,45,Nilai,Garden Avenue Seremban 2,Flat Dahlia,,150000,150000,,684,,3,2,860,,Flat,Freehold,,,AEON Mall Seremban 2 | Mydin Mall Seremban 2 | KPJ Seremban Specialist Hospital,https://haniproperties.com/images/unitpic/flatdahliaMMN/pic1.jpg,"Hi Hani, I'm interested in the subsale unit at Flat Dahlia, Garden Avenue Seremban 2. Price: RM150000. Ref: MMN",,https://telegram.me/HaniMNListingSubsale/422,,MMN,,
rental,-,45,Bukit Jalil,Bukit Jalil,PPA1M Bukit Jalil,-,2000,Family-friendly layout,-,-,1,4,2,1434,Fully Furnished,Apartment,-,-,-,LRT Bukit Jalil Station | Pavilion Bukit Jalil | Bukit Jalil National Stadium | APU,https://haniproperties.com/images/unitpic/ppa1mbukitjalilMMN/pic1.jpg,"Hi Hani, I'm interested in the unit rental at PPA1M Bukit Jalil, Bukit Jalil. Price: RM2000. Ref: MMN",4/9/2026,https://t.me/AniListings/3818,Immediate | October 2026,MMN,-,
rental,-,65,Kajang,Bangi Avenue,Residensi Adelia 3,-,1300,Balcony | Level 11 | Grille on every window,-,-,2,3,3,-,Partially Furnished,Condominium,-,-,-,KTM Bangi | Bangi Wonderland | Pasaraya CS | UKM | KPTM,https://haniproperties.com/images/unitpic/residensiadelia3SDP/pic1.jpg,"Hi Hani, I'm interested in the unit rental at Residensi Adelia 3, Bangi Avenue. Price: RM1300. Ref: SDP",19/9/2026,https://t.me/channellistingsolehah0108/603,Immediate,SDP,-,-
rental,-,65,Kajang,Bangi Avenue,Residensi Adelia 3,-,1300,Balcony | Level 9 | Grille on every window,-,-,2,3,3,-,Partially Furnished,Condominium,-,-,-,KTM Bangi | Bangi Wonderland | Pasaraya CS | UKM | KPTM,https://haniproperties.com/images/unitpic/residensiadelia3SDP2/pic1.jpg,"Hi Hani, I'm interested in the unit rental at Residensi Adelia 3, Bangi Avenue. Price: RM1300. Ref: SDP",19/9/2026,https://t.me/channellistingsolehah0108/615,Immediate,SDP,-,-
rental,-,80,Ampang,Jalan Ampang,Arte Plus,-,1900,Tower 3 | Level 29 | Balcony | WiFi Included,-,-,1,1,1,650,Fully Furnished,Condominium,-,-,-,LRT Ampang Park Station | Great Eastern Mall | Ampang Point Shopping Centre | Gleneagles Hospital Kuala Lumpur | AKLEH Highway,https://haniproperties.com/images/unitpic/arteplusADL2/pic1.jpg,"Hi Hani, I'm interested in the unit rental at Arte Plus, Jalan Ampang. Price: RM1900. Ref: ADL",19/9/2026,https://t.me/adiblisting/11887,Immediate,ADL,-,-
rental,-,70,Bukit Jalil,Sri Petaling,Aster Hill,-,2500,Level 14,-,-,2,3,2,857,Fully Furnished,Service Residence,-,-,-,Sri Petaling LRT Station | Bukit Jalil LRT Station | Endah Parade | Pavilion Bukit Jalil | APU,https://haniproperties.com/images/unitpic/asterhillADL/pic1.jpg,"Hi Hani, I'm interested in the unit rental at Aster Hill, Sri Petaling. Price: RM2500. Ref: ADL",19/9/2026,https://t.me/adiblisting/11907,Immediate,ADL,-,-
rental,-,45,Dengkil,Cybersouth,Casa Embun @ Cybersouth,-,1500,Level 8 | Pool View | Brand New Unit | Cooking Allowed | No Aircond (Fans Provided) | Minimum 12 Months Tenancy | Utilities Excluded | 2 Months Security Deposit + 1 Month Advance + 0.5 Month Utilities Deposit + Agreement,-,-,1,2,1,550,Partially Furnished,Service Residence,-,-,-,D'Pulze Shopping Centre | Centrus Mall | UiTM Dengkil | ELITE Highway | KLIA,/images/unitpic/casaembuncybersouthNS2/pic1.jpg,"Hi Hani, I'm interested in the unit rental at Casa Embun @ Cybersouth, Cybersouth. Price: RM1500. Ref: NS",19/9/2026,https://t.me/rumahsewajualbelikldanselangor/12946,Immediate,NS,-,-
rental,-,60,Cheras,Taman Cheras Jaya,2 Storey Terrace Taman Cheras Jaya,-,1650,Intermediate Unit | Land Size 1400 sqft | Deposit: 2+1+0.5+agreement,-,-,-,4,2,-,Unfurnished,Terrace,-,-,-,MRT Batu 11 Cheras | MRT Bandar Tun Hussein Onn | AEON Mall Cheras Selatan | Columbia Asia Hospital Cheras | SILK Highway,https://haniproperties.com/images/unitpic/2storeyterracetamancherasjayaEX/pic1.jpg,"Hi Hani, I'm interested in the unit rental at 2 Storey Terrace Taman Cheras Jaya, Taman Cheras Jaya. Price: RM1650. Ref: EX",19/9/2026,https://t.me/RumahSewaKLSlgrBelowRM2000/30666,-,EX,-,-
subsale,-,20,Ampang,Bukit Antarabangsa,2.5 Storey Terrace Bukit Antarabangsa,-,1098000,Corner Unit | Individual Title | Non-Bumi Lot | 65 Years Leasehold Remaining (2091) | Land Area 2930 sqft | Extended Kitchen | Well-Maintained,-,4677,2,4,3,1700,-,Terrace,Leasehold,-,-,Giant Bukit Antarabangsa | Ampang Point Shopping Centre | KPJ Ampang Puteri Specialist Hospital | MRR2 Highway | AKLEH Expressway,https://haniproperties.com/images/unitpic/25storeyterracebukitantarabangsaEXP2/pic1.jpg,"Hi Hani, I'm interested in the subsale unit at 2.5 Storey Terrace Bukit Antarabangsa, Bukit Antarabangsa. Price: RM1098000. Ref: EXP",19/9/2026,https://t.me/extremeproperty_listing/21977,-,EXP,-,-
subsale,-,60,Kuala Lumpur,Wangsa Maju,Irama Wangsa,-,990000,Level 8 | Strata Title | Non-Bumi Lot | Maintenance RM600/month,-,4217,2,3,3,1647,-,Condominium,Freehold,-,-,LRT Sri Rampai Station | Wangsa Walk Mall | AEON Big Wangsa Maju | MRR2 Highway | DUKE Expressway,https://haniproperties.com/images/unitpic/iramawangsaEXP/pic1.jpg,"Hi Hani, I'm interested in the subsale unit at Irama Wangsa, Wangsa Maju. Price: RM990000. Ref: EXP",19/9/2026,https://t.me/extremeproperty_listing/21997,-,EXP,-,-
subsale,-,60,Kuala Lumpur,Taman Desa,Danau Villa,-,3300000,3-Storey | Individual Title | Non-Bumi Lot | Leasehold 99 Years (Expires 31/12/2104) | Land Area 2616 sqft | Gated & Guarded | Cul-de-Sac | Price Negotiable | 2 Additional Car Parks Outside,-,14056,4,5,6,5200,-,Semi D,Leasehold,-,-,Awan Besar LRT Station | Mid Valley Megamall | Pantai Hospital Kuala Lumpur | Universiti Malaya | Federal Highway,https://haniproperties.com/images/unitpic/danauvillaEXP/pic1.jpg,"Hi Hani, I'm interested in the subsale unit at Danau Villa, Taman Desa. Price: RM3300000. Ref: EXP",19/9/2026,https://t.me/extremeproperty_listing/22028,-,EXP,-,-
subsale,-,60,Ampang,Pandan Indah,Pangsapuri Sri Maya,Bumi Lot,240000,"Fully Furnished | Master Title | Level 4 (Top Floor, Walk-Up) | Low Density (1 Block) | 4 Units Per Floor",-,1022,1,3,2,750,-,Apartment,Leasehold,-,-,LRT Cempaka | Spectrum Mall | Lotus's Ampang | Hospital Ampang | MRR2 Highway,https://haniproperties.com/images/unitpic/pangsapurisrimayaEXP/pic1.jpg,"Hi Hani, I'm interested in the subsale unit at Pangsapuri Sri Maya, Pandan Indah. Price: RM240000. Ref: EXP",19/9/2026,https://t.me/extremeproperty_listing/22059,-,EXP,-,-
subsale,-,50,Setapak,Taman Tiara Titiwangsa,Residential Land Taman Tiara Titiwangsa,-,1700000,Residential Land | Non-Bumi Lot | 52 Years Leasehold Remaining | Flat Land | Corner | Open Title | Prime Area,-,7241,-,-,-,7900,-,Land,Leasehold,-,-,Titiwangsa MRT Station | Wangsa Maju LRT Station | Setapak Central Mall | TAR UMT | DUKE Highway,https://haniproperties.com/images/unitpic/residentiallandtamantiaratitiwangsaEXP/pic1.jpg,"Hi Hani, I'm interested in the subsale unit at Residential Land Taman Tiara Titiwangsa, Taman Tiara Titiwangsa. Price: RM1700000. Ref: EXP",19/9/2026,https://t.me/extremeproperty_listing/22074,-,EXP,-,-
subsale,-,30,Rawang,Bandar Tasik Puteri,2 Storey Terrace Bandar Tasik Puteri,Bumi Lot,350000,Intermediate Unit | Negotiable | Land Size 18ft x 65ft | Leasehold until 2114 | Kitchen Table Top & Cabinet,-,1491,-,3,2,1400,-,Terrace,Leasehold,-,-,Green Square Commercial Centre | SMK Bandar Tasik Puteri | Sasana International School | LATAR Expressway | PLUS Highway,https://haniproperties.com/images/unitpic/2storeyterracebandartasikputeriEXP/pic1.jpg,"Hi Hani, I'm interested in the subsale unit at 2 Storey Terrace Bandar Tasik Puteri, Bandar Tasik Puteri. Price: RM350000. Ref: EXP",19/9/2026,https://t.me/extremeproperty_listing/22081,-,EXP,-,-
subsale,-,25,Rawang,Bandar Sungai Buaya,Single Storey Terrace Kiambangsari,Bumi Lot,280000,Intermediate Unit | Negotiable | Land Area 1300 sqft,-,1193,-,3,2,850,-,Terrace,Leasehold,-,-,SK Sungai Buaya | SMK Sungai Buaya | Klinik NSK | PLUS Highway Sungai Buaya Exit,https://haniproperties.com/images/unitpic/singlestoreyterracekiambangsariEXP/pic1.jpg,"Hi Hani, I'm interested in the subsale unit at Single Storey Terrace Kiambangsari, Bandar Sungai Buaya. Price: RM280000. Ref: EXP",19/9/2026,https://t.me/extremeproperty_listing/22093,-,EXP,-,-
subsale,-,30,Kuala Lumpur,Cheras,2 Storey Terrace Taman Bukit Permai,-,668000,Renovated | Fully Extended | Kitchen Table Top | Unfurnished | Non-Bumi Lot | 76 Years Leasehold Remaining (2101),-,2845,-,4,3,1200,-,Terrace,Leasehold,-,-,MRT Taman Pertama | Lotus's Cheras | Pantai Hospital Cheras | MRR2 Highway | SUKE Expressway,https://haniproperties.com/images/unitpic/2storeyterracetamanbukitpermaiEXP2/pic1.jpg,"Hi Hani, I'm interested in the subsale unit at 2 Storey Terrace Taman Bukit Permai, Cheras. Price: RM668000. Ref: EXP",19/9/2026,https://t.me/extremeproperty_listing/22101,-,EXP,-,-
rental,-,45,Selayang,Bukit Idaman,Casa Mila,-,1700,Family-friendly layout,-,-,-,3,2,1181,Partially Furnished,Condominium,-,-,-,Hospital Selayang | FRIM | Jalan Ipoh | Lebuhraya Selayang-Kepong,https://haniproperties.com/images/unitpic/casamilaMMN/pic1.jpg,"Hi Hani, I'm interested in the unit rental at Casa Mila, Bukit Idaman. Price: RM1700. Ref: MMN",4/9/2026,https://t.me/AniListings/3830,Immediate,MMN,-,
rental,-,45,Kepong,Kepong Baru,Taman Sri Bintang,-,2200,2-Storey | Basic Unit,-,-,-,4,3,1650,Unfurnished,Terrace,-,-,-,Lotus's Kepong | AEON Mall Metro Prima | Desa ParkCity | Kepong Metropolitan Park | MRR2 Highway,https://haniproperties.com/images/unitpic/tamansribintangADL/pic1.jpg,"Hi Hani, I'm interested in the unit rental at Taman Sri Bintang, Kepong Baru. Price: RM2200. Ref: ADL",19/9/2026,https://t.me/adiblisting/11932,Immediate,ADL,-,-
rental,-,60,Cheras,Taman Midah,Arte Cheras,-,2500,-,-,-,1,2,2,868,Fully Furnished,Service Residence,-,-,-,MRT Taman Midah | EkoCheras Mall | Sunway Velocity Mall | Lotus's Taman Midah | Pantai Hospital Cheras,https://haniproperties.com/images/unitpic/artecherasADL/pic1.jpg,"Hi Hani, I'm interested in the unit rental at Arte Cheras, Taman Midah. Price: RM2500. Ref: ADL",19/9/2026,https://t.me/adiblisting/11954,Immediate,ADL,-,-
rental,-,65,Setapak,Setapak Jaya,MH Platinum 2,Malaysian Only,1800,-,-,-,1,2,2,625,Fully Furnished,Service Residence,-,-,-,LRT Wangsa Maju | Wangsa Walk Mall | Columbia Asia Medical Centre | TAR College | DUKE Highway,https://haniproperties.com/images/unitpic/mhplatinum2ADL/pic1.jpg,"Hi Hani, I'm interested in the unit rental at MH Platinum 2, Setapak Jaya. Price: RM1800. Ref: ADL",19/9/2026,https://t.me/adiblisting/11974,1/10/2026,ADL,-,-
rental,-,45,Kajang,Kajang 2,Canopy Hills,-,1500,Level 24 | Price Negotiable,-,-,1,2,1,950,Partially Furnished,Service Residence,-,-,-,MRT Kajang Station | KTM Kajang 2 | Lotus's Kajang | Kajang Town Centre | SILK Highway,https://haniproperties.com/images/unitpic/canopyhillsADL/pic1.jpg,"Hi Hani, I'm interested in the unit rental at Canopy Hills, Kajang 2. Price: RM1500. Ref: ADL",19/9/2026,https://t.me/adiblisting/11985,Immediate,ADL,-,-
rental,-,60,Shah Alam,Seksyen 13,Pangsapuri Perdana,-,1500,Gated & Guarded | Block 2 Level 3 (Lift) | Up to 3 Car Parks (Apply),-,-,-,3,2,850,Unfurnished,Apartment,-,-,-,KTM Batu Tiga | AEON Mall Shah Alam | Giant Hypermarket | MSU Medical Centre | Management & Science University (MSU),https://haniproperties.com/images/unitpic/pangsapuriperdanaLNS/pic1.jpg,"Hi Hani, I'm interested in the unit rental at Pangsapuri Perdana, Seksyen 13. Price: RM1500. Ref: LNS",20/9/2026,https://t.me/ListingNikkSyafiq/491,Nov-26,LNS,-,-
rental,-,55,Puchong,Tasik Prima,The Wharf Residence,Malaysian Only,1600,Corner Unit,-,-,1,2,2,829,Fully Furnished,Condominium,-,-,-,Puchong Prima LRT Station | IOI Mall Puchong | SetiaWalk Puchong | AEON Big Puchong Utama | LDP,https://haniproperties.com/images/unitpic/thewharfresidenceADL/pic1.jpg,"Hi Hani, I'm interested in the unit rental at The Wharf Residence, Tasik Prima. Price: RM1600. Ref: ADL",21/9/2026,https://t.me/adiblisting/12000,Dec-26,ADL,-,-
rental,-,65,Kuala Lumpur,Taman Sri Sinar,Villa Crystal,-,2100,-,-,-,2,3,3,1295,Partially Furnished,Condominium,-,-,-,Segambut KTM Station | United Point Mall | Publika Shopping Gallery | AEON Mall KL Midtown | DUKE Highway,https://haniproperties.com/images/unitpic/villacrystalADL/pic1.jpg,"Hi Hani, I'm interested in the unit rental at Villa Crystal, Taman Sri Sinar. Price: RM2100. Ref: ADL",21/9/2026,https://t.me/adiblisting/12009,Immediate,ADL,-,-
rental,-,50,Selayang,Bandar Baru Selayang,Kenanga Apartment,Malaysian Only,1100,Level 1,-,-,-,3,2,800,Partially Furnished,Apartment,-,-,-,Batu Caves KTM Station | Selayang Mall | Tesco Extra Selayang | Selayang Star City | Pasar Borong Selayang,https://haniproperties.com/images/unitpic/kenangaapartmentADL/pic1.jpg,"Hi Hani, I'm interested in the unit rental at Kenanga Apartment, Bandar Baru Selayang. Price: RM1100. Ref: ADL",21/9/2026,https://t.me/adiblisting/12018,Immediate,ADL,-,-
rental,-,55,Seri Kembangan,Equine Park,Paragon 3,-,2300,Price Negotiable | Level 18 | Private Lift | Low Density (8 Units Per Floor),-,-,2,3,3,1445,Partially Furnished,Condominium,-,-,-,AEON Taman Equine | The Mines Shopping Mall | NSK Trade City | Universiti Putra Malaysia (UPM) | LDP,https://haniproperties.com/images/unitpic/paragon3ADL/pic1.jpg,"Hi Hani, I'm interested in the unit rental at Paragon 3, Equine Park. Price: RM2300. Ref: ADL",21/9/2026,https://t.me/adiblisting/12026,Immediate,ADL,-,-
rental,-,60,Puchong,Bandar Puteri,Sri Cassia,Malaysian Only,1450,Low Cost | Level 1,-,-,1,3,2,900,Fully Furnished,Apartment,-,-,-,Bandar Puteri LRT Station | IOI Mall Puchong | SetiaWalk Puchong | Lotus's Puchong | LDP,https://haniproperties.com/images/unitpic/sricassiaADL/pic1.jpg,"Hi Hani, I'm interested in the unit rental at Sri Cassia, Bandar Puteri. Price: RM1450. Ref: ADL",21/9/2026,https://t.me/adiblisting/12041,Immediate,ADL,-,-
rental,-,60,Cheras,Bandar Tun Razak,Residensi Razakmas,-,1650,Level 12,-,-,2,3,2,811,Partially Furnished,Apartment,-,-,-,LRT Bandar Tasik Selatan | MRT Taman Midah | MyTOWN Shopping Centre | Hospital Canselor Tuanku Muhriz (HUKM) | IKEA Cheras,https://haniproperties.com/images/unitpic/residensirazakmasADL/pic1.jpg,"Hi Hani, I'm interested in the unit rental at Residensi Razakmas, Bandar Tun Razak. Price: RM1650. Ref: ADL",21/9/2026,https://t.me/adiblisting/12051,Oct-26,ADL,-,-
rental,-,55,Ampang,Bukit Ampang Permai,Brezza Hill,-,2100,Level 6,-,-,2,3,3,1206,Partially Furnished,Condominium,-,-,-,LRT Ampang Station | Ampang Point Shopping Centre | Great Eastern Mall | MRR2 Highway | DUKE Highway,https://haniproperties.com/images/unitpic/brezzahillADL2/pic1.jpg,"Hi Hani, I'm interested in the unit rental at Brezza Hill, Bukit Ampang Permai. Price: RM2100. Ref: ADL",22/9/2026,https://t.me/adiblisting/12075,Immediate,ADL,-,-
rental,-,60,Ampang,Ampang Hilir,The Elements @ Ampang,-,4000,High Floor,-,-,2,4,3,1570,Fully Furnished,Service Residence,-,-,-,Ampang Park LRT Station | Great Eastern Mall | Ampang Point Shopping Centre | Gleneagles Hospital Kuala Lumpur | KPJ Ampang Puteri Specialist Hospital,https://haniproperties.com/images/unitpic/theelementsampangFZR/pic1.jpg,"Hi Hani, I'm interested in the unit rental at The Elements @ Ampang, Ampang Hilir. Price: RM4000. Ref: FZR",22/9/2026,https://t.me/yanzrealty/506,Immediate,FZR,-,-
rental,-,55,Bandar Saujana Putra,Bandar Saujana Putra,BSP 21,-,2000,Min 1 Year Tenancy,-,-,2,4,2,1257,Fully Furnished,Service Residence,-,-,-,Putra Heights LRT & MRT Interchange Station | One BSP Shopping Mall | MAHSA University & Hospital | ELITE Highway | SKVE Highway,https://haniproperties.com/images/unitpic/bsp21HF/pic1.jpg,"Hi Hani, I'm interested in the unit rental at BSP 21, Bandar Saujana Putra. Price: RM2000. Ref: HF",22/9/2026,https://t.me/iqalisting/3198,Nov-26,HF,-,-
rental,-,55,Ampang,Ampang Hilir,M City,No Pets Owner,2400,19th Floor,-,-,1,1,1,700,Fully Furnished,Service Residence,-,-,-,Ampang Park LRT Station | Great Eastern Mall | Gleneagles Hospital Kuala Lumpur | Alice Smith School | AKLEH Highway,https://haniproperties.com/images/unitpic/mcityEX2/pic1.jpg,"Hi Hani, I'm interested in the unit rental at M City, Ampang Hilir. Price: RM2400. Ref: EX",23/9/2026,https://t.me/RumahSewaKLSlgrBelowRM2000/30758,Immediate,EX,-,-
rental,-,70,Kuala Lumpur,Pudu,Residensi Akasia Jubilee,Malaysian Only | Family Only | No Pets Owner,1500,19th Floor,-,-,-,3,2,814,Partially Furnished,Apartment,-,-,-,Pudu LRT Station | MyTown Cheras | Tung Shin Hospital | Victoria Institution | MEX Expressway,https://haniproperties.com/images/unitpic/residensiakasiajubileeEX/pic1.jpg,"Hi Hani, I'm interested in the unit rental at Residensi Akasia Jubilee, Pudu. Price: RM1500. Ref: EX",23/9/2026,https://t.me/RumahSewaKLSlgrBelowRM2000/30767,Immediate,EX,-,-
rental,-,50,Puchong,Taman Mas Sepang,Koi Prima,-,1900,Corner Unit,-,-,2,3,3,1099,Fully Furnished,Condominium,-,-,-,Puchong Prima LRT | IOI Mall Puchong | KPMC Puchong Specialist Centre | MAHSA International School | ELITE Highway,https://haniproperties.com/images/unitpic/koiprimaNS/pic1.jpg,"Hi Hani, I'm interested in the unit rental at Koi Prima, Taman Mas Sepang. Price: RM1900. Ref: NS",23/9/2026,https://t.me/rumahsewajualbelikldanselangor/13030,Immediate,NS,-,-
rental,-,45,Dengkil,Cybersouth,Kita Ria,-,1300,"Block A, Level 11 | Cooking Allowed",-,-,2,3,2,-,Partially Furnished,Service Residence,-,-,-,D'Pulze Shopping Centre | IOI City Mall | UiTM Dengkil | Multimedia University (MMU) | ELITE Highway,/images/unitpic/kitariaNS4/pic1.jpg,"Hi Hani, I'm interested in the unit rental at Kita Ria, Cybersouth. Price: RM1300. Ref: NS",23/9/2026,https://t.me/rumahsewajualbelikldanselangor/13040,-,NS,-,-
rental,-,50,Kajang,Bandar Kajang,Jernih Residence,Malaysian Only,1600,Level 35 | Price Reduced from RM1800 (Repost),-,-,2,3,2,850,Partially Furnished,Service Residence,-,-,-,Sungai Jernih MRT Station | Kajang MRT & KTM Station | AEON Mall Cheras Selatan | NSK Trade City | Metro Point Complex Kajang,https://haniproperties.com/images/unitpic/jernihresidenceADL5/pic1.jpg,"Hi Hani, I'm interested in the unit rental at Jernih Residence, Bandar Kajang. Price: RM1600. Ref: ADL",23/9/2026,https://t.me/adiblisting/12142,Immediate,ADL,-,-
rental,-,70,Petaling Jaya / Damansara,Damansara Perdana,Ritze Perdana 1,-,1700,Block A | Negotiable,-,-,1,1,1,606,Fully Furnished,Condominium,-,-,-,LRT Sri Damansara Barat | 1 Utama Shopping Centre | IKEA Damansara | The Curve | LDP (Lebuhraya Damansara-Puchong),https://haniproperties.com/images/unitpic/ritzeperdana1ADL3/pic1.jpg,"Hi Hani, I'm interested in the unit rental at Ritze Perdana 1, Damansara Perdana. Price: RM1700. Ref: ADL",23/9/2026,https://t.me/adiblisting/12159,Immediate,ADL,-,-
rental,-,55,Shah Alam,Setia Alam,Huni @ Eco Ardence,-,2400,Level 31,-,-,2,3,2,1000,Fully Furnished,Service Residence,-,-,-,KTM Padang Jawa | Setia City Mall | AEON Mall Bukit Raja | Hospital Shah Alam | NKVE Highway,https://haniproperties.com/images/unitpic/huniecoardenceADL2/pic1.jpg,"Hi Hani, I'm interested in the unit rental at Huni @ Eco Ardence, Setia Alam. Price: RM2400. Ref: ADL",23/9/2026,https://t.me/adiblisting/12178,Immediate,ADL,-,-
rental,-,45,Shah Alam,Padang Jawa,Suria Jaya e-Sofo,-,1400,Water Included (Capped RM50/Month) | Fridge & Washing Machine Added Upon Booking | Sleeps Up To 5 Pax,-,-,1,2,2,450,Fully Furnished,Service Residence,-,-,-,KTM Padang Jawa | Central i-City Mall | UiTM Shah Alam | Hospital Shah Alam,https://haniproperties.com/images/unitpic/suriajayaesofoMMN3/pic1.jpg,"Hi Hani, I'm interested in the unit rental at Suria Jaya e-Sofo, Padang Jawa. Price: RM1400. Ref: MMN",6/9/2026,https://t.me/AniListings/3851,Immediate,MMN,-,
rental,-,50,Ampang,Ukay Perdana,Sri Kayangan Apartment,Malay Only,1500,Ground Floor | Extended Kitchen & Laundry Area,-,-,1,3,2,830,Partially Furnished,Apartment,-,-,-,Melawati Mall | Ampang Point | AEON AU2 | MRR2 Highway | DUKE Highway,https://haniproperties.com/images/unitpic/srikayanganapartmentADL/pic1.jpg,"Hi Hani, I'm interested in the unit rental at Sri Kayangan Apartment, Ukay Perdana. Price: RM1500. Ref: ADL",23/9/2026,https://t.me/adiblisting/12195,Immediate,ADL,-,-
rental,-,60,Petaling Jaya / Damansara,Damansara Perdana,Flora Damansara,-,1350,Block F,-,-,-,3,2,860,Partially Furnished,Apartment,-,-,-,MRT Bandar Utama | Empire City Shopping Mall | The Curve | IKEA Damansara | LDP Highway,https://haniproperties.com/images/unitpic/floradamansaraADL/pic1.jpg,"Hi Hani, I'm interested in the unit rental at Flora Damansara, Damansara Perdana. Price: RM1350. Ref: ADL",23/9/2026,https://t.me/adiblisting/12209,Immediate,ADL,-,-
rental,-,50,Klang,Taman Sentosa Perdana,Pangsapuri Perdana Villa,-,1000,Level 8 Block E | Fully Renovated | Maintenance Fee Included | Dry & Wet Kitchen,-,-,1,3,2,1100,Partially Furnished,Apartment,-,-,-,KTM Teluk Pulai | NSK Trade City Klang | Hospital Tengku Ampuan Rahimah | Sentosa Specialist Centre | KESAS Highway,https://haniproperties.com/images/unitpic/pangsapuriperdanavillaNS/pic1.jpg,"Hi Hani, I'm interested in the unit rental at Pangsapuri Perdana Villa, Taman Sentosa Perdana. Price: RM1000. Ref: NS",23/9/2026,https://t.me/rumahsewajualbelikldanselangor/13014,-,NS,-,-
rental,-,45,Kajang,Saujana Impian,Vista Mahogani,Professionals Preferred,2450,Low Floor | Well Maintained | Cooking Allowed,-,-,2,3,2,1087,Fully Furnished,Condominium,-,-,-,MRT Stadium Kajang | Lotus's Kajang | Checkers Hypermarket Saujana Impian | KPJ Kajang Specialist Hospital | SILK Highway,/images/unitpic/vistamahoganiMMN/pic1.jpg,"Hi Hani, I'm interested in the unit rental at Vista Mahogani, Saujana Impian. Price: RM2450. Ref: MMN",27/9/2026,https://t.me/AniListings/4066,15/12/2026,MMN,-,-
rental,-,45,Klang,Kapar,2 Storey Terrace Jalan Raja Nala,Family Preferred,1600,Fully Extended | Family Rate - Company Rate on Request | Deposit 2+1+0.5,-,-,-,4,3,1200,Partially Furnished,Terrace,-,-,-,Econsave Kapar | Hospital Kapar | WCE (West Coast Expressway) | NKSB (Lebuhraya Pintasan Selat Klang Utara),/images/unitpic/2storeyterracejalanrajanalaMMN/pic1.jpg,"Hi Hani, I'm interested in the unit rental at 2 Storey Terrace Jalan Raja Nala, Kapar. Price: RM1600. Ref: MMN",2/10/2026,https://t.me/AniListings/4090,Immediate,MMN,-,-
rental,-,60,Puchong,Bandar Kinrara,Suria Kinrara,-,1200,Level 4 | Facing Swimming Pool,-,-,1,3,2,712,-,Condominium,-,-,-,LRT Kinrara BK5 | IOI Mall Puchong | Pavilion Bukit Jalil | Columbia Asia Hospital Bukit Jalil | Bukit Jalil Highway,/images/unitpic/suriakinraraDPM/pic1.jpg,"Hi Hani, I'm interested in the unit rental at Suria Kinrara, Bandar Kinrara. Price: RM1200. Ref: DPM",24/9/2026,https://t.me/DeePropmall/3454,-,DPM,-,-
rental,-,70,Kuala Lumpur,Pandan Indah,2 Storey Terrace Pandan Indah,-,2200,End Lot | Newly Painted | 2 Air-Conds | Cooking Allowed | Deposit 2+1+0.5,-,-,-,4,2,1150,Partially Furnished,Terrace,-,-,-,LRT Pandan Indah | LRT Cempaka | Spectrum Shopping Mall | Hospital Ampang | MRR2 Highway,/images/unitpic/2storeyterracepandanindahEX/pic1.jpg,"Hi Hani, I'm interested in the unit rental at 2 Storey Terrace Pandan Indah, Pandan Indah. Price: RM2200. Ref: EX",24/9/2026,https://t.me/RumahSewaKLSlgrBelowRM2000/30903,Immediate,EX,-,-
rental,-,70,Kuala Lumpur,Old Klang Road,Petalz Residences,-,2600,Mid Floor (Level 18) | Walking Distance to KTM,-,-,2,3,2,900,Fully Furnished,Service Residence,-,-,-,KTM Petaling | Mid Valley Megamall | Pearl Shopping Gallery | Vikas International School | NPE Highway,/images/unitpic/petalzresidencesEX/pic1.jpg,"Hi Hani, I'm interested in the unit rental at Petalz Residences, Old Klang Road. Price: RM2600. Ref: EX",24/9/2026,https://t.me/RumahSewaKLSlgrBelowRM2000/30887,1/10/2026,EX,-,-
rental,-,55,Selayang,Taman Sri Gombak,Kristal Heights,-,1500,Block C | Mid Floor | Covered Parking | Cooking Allowed | Deposit 2+1+0.5,-,-,1,3,2,1020,Partially Furnished,Condominium,-,-,-,LRT Gombak | Selayang Mall | Hospital Selayang | UIA Gombak | MRR2 Highway,/images/unitpic/kristalheightsEX/pic1.jpg,"Hi Hani, I'm interested in the unit rental at Kristal Heights, Taman Sri Gombak. Price: RM1500. Ref: EX",24/9/2026,https://t.me/RumahSewaKLSlgrBelowRM2000/30896,-,EX,-,-
rental,-,55,Kajang,Kajang 2,Mirai Residences,-,1700,High Floor (Level 24),-,-,1,2,1,600,Fully Furnished,Service Residence,-,-,-,Kajang 2 KTM Station | MRT Kajang Station | Metro Point Complex | Kajang Hospital | UKM,/images/unitpic/mirairesidencesADL5/pic1.jpg,"Hi Hani, I'm interested in the unit rental at Mirai Residences, Kajang 2. Price: RM1700. Ref: ADL",24/9/2026,https://t.me/adiblisting/12287,Oct-26,ADL,-,-
subsale,-,65,Kuala Lumpur,Saujana Melawati,Kemensah Villa,-,400000,Fully Renovated | Low Floor,-,1704,-,3,2,1221,-,Condominium,Freehold,-,-,Melawati Mall | Zoo Negara | Damai Service Hospital | SMK Taman Melawati | MRR2 Highway,/images/unitpic/kemensahvillaEXP/pic1.jpg,"Hi Hani, I'm interested in the subsale unit at Kemensah Villa, Saujana Melawati. Price: RM400000. Ref: EXP",24/9/2026,https://t.me/extremeproperty_listing/22171,-,EXP,-,-
subsale,-,45,Ampang,Taman Ampang Utama,2 Storey Bungalow Taman Ampang Utama,Bumi Lot,3800000,Fully Refurbished | Gated & Guarded | Land Area 9000 sqft | 2 Kitchens | 2 Master Bedrooms,-,16185,-,7,7,3700,-,Bungalow,Leasehold,-,-,LRT Ampang | Ampang Point | KPJ Ampang Puteri Specialist Hospital | Gleneagles Hospital Kuala Lumpur | MRR2 Highway,/images/unitpic/2storeybungalowtamanampangutamaEXP/pic1.jpg,"Hi Hani, I'm interested in the subsale unit at 2 Storey Bungalow Taman Ampang Utama, Taman Ampang Utama. Price: RM3800000. Ref: EXP",24/9/2026,https://t.me/extremeproperty_listing/22176,-,EXP,-,-
subsale,-,50,Ampang,Jalan Air Bukit,Ampang Boulevard,Bumi Lot,425000,Price Negotiable | Renovated | Low Floor (Level 3) | Leasehold 75 Years | Maintenance Fee RM220,-,1810,2,3,2,986,-,Condominium,Leasehold,-,-,LRT Ampang | Ampang Point | KPJ Ampang Puteri Specialist Hospital | Mutiara International Grammar School | MRR2 Highway,/images/unitpic/ampangboulevardEXP/pic1.jpg,"Hi Hani, I'm interested in the subsale unit at Ampang Boulevard, Jalan Air Bukit. Price: RM425000. Ref: EXP",24/9/2026,https://t.me/extremeproperty_listing/22226,-,EXP,-,-
subsale,-,55,Kuala Lumpur,Taman Keramat Permai (AU1),Single Storey Terrace Keramat AU1,Bumi Lot,1440000,2 Units Combined | Renovated & Fully Extended | Individual Title | Remaining Tenure 61 Years (2087) | Partially Furnished | CCTV & Alarm System,-,6133,4,5,3,3000,-,Terrace,Leasehold,-,-,LRT Setiawangsa | AEON AU2 Setiawangsa | SMK Keramat | MRR2 Highway | DUKE Expressway,/images/unitpic/singlestoreyterracekeramatau1EXP/pic1.jpg,"Hi Hani, I'm interested in the subsale unit at Single Storey Terrace Keramat AU1, Taman Keramat Permai (AU1). Price: RM1440000. Ref: EXP",24/9/2026,https://t.me/extremeproperty_listing/22235,-,EXP,-,-
subsale,-,55,Ampang,Taman Bukit Indah,Corner Bungalow Setiahills,Bumi Lot,3100000,Corner Lot | Land Area 6307 sqft | Private Swimming Pool | Gated & Guarded | Near Guardhouse | Lease Expiry 17/11/2095,-,13204,-,7,8,7500,-,Bungalow,Leasehold,-,-,LRT Ampang | Ampang Point | Great Eastern Mall | Pantai Hospital Ampang | MRR2 Highway,/images/unitpic/cornerbungalowsetiahillsEXP/pic1.jpg,"Hi Hani, I'm interested in the subsale unit at Corner Bungalow Setiahills, Taman Bukit Indah. Price: RM3100000. Ref: EXP",24/9/2026,https://t.me/extremeproperty_listing/22254,-,EXP,-,-
subsale,-,35,Semenyih,Pekan Semenyih,Residential Land Pekan Semenyih,Malay Reserve Land,390000,Residential Land | Price Negotiable | Land Area 686 sqm | Access via Lane near Darul Syifa | Owner to Clear Undergrowth | Provisional Title - Final Survey Pending,-,1661,-,-,-,7384,-,Land,Freehold,-,-,Econsave Semenyih | Klinik Kesihatan Semenyih | SK Semenyih | University of Nottingham Malaysia | LEKAS Highway,/images/unitpic/residentiallandpekansemenyihEXP/pic1.jpg,"Hi Hani, I'm interested in the subsale unit at Residential Land Pekan Semenyih, Pekan Semenyih. Price: RM390000. Ref: EXP",24/9/2026,https://t.me/extremeproperty_listing/22276,-,EXP,-,-
subsale,-,55,Cheras,Batu 9 Cheras,Taman Cheras Intan Apartment,-,299000,Agent-Stated Market Value RM340000 | Ground Floor | Newly Renovated | Strata Title | Unfurnished | Maintenance RM80/month | Comm 2%,-,1274,1,3,2,850,-,Apartment,Freehold,-,-,Taman Suntex MRT Station | NSK Trade City Batu 9 | Klinik Kesihatan Cheras Baru | SK Bukit Raya | SUKE Highway,/images/unitpic/tamancherasintanapartmentEXP/pic1.jpg,"Hi Hani, I'm interested in the subsale unit at Taman Cheras Intan Apartment, Batu 9 Cheras. Price: RM299000. Ref: EXP",24/9/2026,https://t.me/extremeproperty_listing/22292,-,EXP,-,-
subsale,-,25,Kajang,Batu 18 Hulu Langat,4 Acre Land Batu 18 Hulu Langat,Malay Reserve Land,2200000,Price Negotiable | 4 Acres (1.62 Hectares) | Surrounded by Residential Area | Suitable for Housing Development or Homestay (Subject to Approval),-,9370,-,-,-,174240,-,Land,Freehold,-,-,SK Lubok Kelubi | Klinik Kampung Padang | Jalan Hulu Langat,/images/unitpic/4acrelandbatu18hululangatEXP/pic1.jpg,"Hi Hani, I'm interested in the subsale unit at 4 Acre Land Batu 18 Hulu Langat, Batu 18 Hulu Langat. Price: RM2200000. Ref: EXP",24/9/2026,https://t.me/extremeproperty_listing/22299,-,EXP,-,-
rental,-,40,Semenyih,Sri Tanjung Kesuma,JRK Senesta,-,1000,Facing Broga Hill (Sunrise View) | 2 Aircond | Covered Parking | Deposit 2 Months + RM500 Utilities + RM50 Access Card,-,-,2,3,2,988,Partially Furnished,Service Residence,-,-,-,Ecohill Walk | Econsave Semenyih | University of Nottingham Malaysia | Klinik Kesihatan Semenyih | LEKAS Highway,/images/unitpic/jrksenestaNS/pic1.jpg,"Hi Hani, I'm interested in the unit rental at JRK Senesta, Sri Tanjung Kesuma. Price: RM1000. Ref: NS",24/9/2026,https://t.me/rumahsewajualbelikldanselangor/13058,Immediate,NS,-,-
rental,-,45,Semenyih,Semenyih,Zahra Residensi,-,1300,High Floor | Balcony with Open View | Washer + Dryer | Deposit 2+1+0.5 + Agreement,-,-,2,3,2,1000,Fully Furnished,Condominium,-,-,-,MRT Kajang | Lotus's Semenyih | Hospital Kajang | University of Nottingham Malaysia | LEKAS Highway,/images/unitpic/zahraresidensiNS/pic1.jpg,"Hi Hani, I'm interested in the unit rental at Zahra Residensi, Semenyih. Price: RM1300. Ref: NS",24/9/2026,https://t.me/rumahsewajualbelikldanselangor/13072,-,NS,-,-
rental,-,40,Kajang,Kajang 2,Canopy Hills,Couple/Small Family Preferred,1600,Medium Floor | Internet Included | Cooking Allowed | Deposit 2+1+0.5 + Agreement,-,-,1,2,1,650,Fully Furnished,Service Residence,-,-,-,MRT Kajang | KTM Kajang 2 | AEON Kajang | Hospital Kajang | SILK Highway,/images/unitpic/canopyhillsNS2/pic1.jpg,"Hi Hani, I'm interested in the unit rental at Canopy Hills, Kajang 2. Price: RM1600. Ref: NS",24/9/2026,https://t.me/rumahsewajualbelikldanselangor/13088,Immediate,NS,-,-
rental,-,40,Kajang,Bandar Tasik Kesuma,Residensi Kesuma 1,Muslim Preferred | Family/Couple Preferred | Workers Welcome,1000,Low Floor | Spacious Balcony | Deposit 2+1+0.5 + Agreement,-,-,2,3,2,1087,-,Apartment,-,-,-,Econsave Beranang | Lotus's Semenyih | Kolej Profesional MARA Beranang | LEKAS Highway,/images/unitpic/residensikesuma1NS/pic1.jpg,"Hi Hani, I'm interested in the unit rental at Residensi Kesuma 1, Bandar Tasik Kesuma. Price: RM1000. Ref: NS",24/9/2026,https://t.me/rumahsewajualbelikldanselangor/13096,-,NS,-,-
rental,-,50,Kajang,TTDI Grove,Residensi Begonia,-,1000,Walk-Up | Level 3 | Open Parking,-,-,-,3,2,800,-,Apartment,-,-,-,MRT Stadium Kajang | MRT Kajang | Hospital Kajang | Kajang High School | SILK Highway,/images/unitpic/residensibegoniaADL/pic1.jpg,"Hi Hani, I'm interested in the unit rental at Residensi Begonia, TTDI Grove. Price: RM1000. Ref: ADL",24/9/2026,https://t.me/adiblisting/12311,Immediate,ADL,-,-
rental,-,65,Kajang,Kajang 2,Canopy Hills,-,1200,Level 19 | Minimum Tenancy 2 Years | 2 Aircond | Washing Machine + Fridge,-,-,1,2,1,590,Fully Furnished,Service Residence,-,-,-,KTM Kajang 2 | MRT Kajang | Metro Point Kajang | UKM | SILK Highway,/images/unitpic/canopyhillsADL2/pic1.jpg,"Hi Hani, I'm interested in the unit rental at Canopy Hills, Kajang 2. Price: RM1200. Ref: ADL",24/9/2026,https://t.me/adiblisting/12323,Nov-26,ADL,-,-
rental,-,65,Petaling Jaya / Damansara,Damansara Perdana,Ritze Perdana 1,-,1500,-,-,-,1,1,1,382,Fully Furnished,Service Residence,-,-,-,MRT Mutiara Damansara | MRT Bandar Utama | The Curve | IKEA Damansara | 1 Utama Shopping Centre,/images/unitpic/ritzeperdana1ADL/pic1.jpg,"Hi Hani, I'm interested in the unit rental at Ritze Perdana 1, Damansara Perdana. Price: RM1500. Ref: ADL",24/9/2026,https://t.me/adiblisting/12334,12/11/2026,ADL,-,-
rental,-,70,Petaling Jaya / Damansara,Damansara Perdana,Flora Damansara,-,1200,Corner Unit | Level 20 | Price Negotiable | Covered Parking,-,-,1,3,2,1080,Partially Furnished,Apartment,-,-,-,MRT Bandar Utama | Empire City Shopping Mall | The Curve | IKEA Damansara | LDP Highway,/images/unitpic/floradamansaraADL2/pic1.jpg,"Hi Hani, I'm interested in the unit rental at Flora Damansara, Damansara Perdana. Price: RM1200. Ref: ADL",24/9/2026,https://t.me/adiblisting/12339,Immediate,ADL,-,-
rental,-,65,Petaling Jaya / Damansara,Bandar Sunway,Residensi Laguna (Sunway Belvedere),-,2300,Level 7 | Microwave + Fridge,-,-,1,3,2,989,Partially Furnished,Condominium,-,-,-,KTM Setia Jaya | BRT Sunway Lagoon | Sunway Pyramid | Sunway Medical Centre | Sunway University,/images/unitpic/residensilagunasunwaybelvedereADL/pic1.jpg,"Hi Hani, I'm interested in the unit rental at Residensi Laguna (Sunway Belvedere), Bandar Sunway. Price: RM2300. Ref: ADL",24/9/2026,https://t.me/adiblisting/12361,1/11/2026,ADL,-,-
rental,-,50,Selayang,Bandar Baru Selayang,Kenanga Apartment,Malaysian Only,1100,Level 1,-,-,-,3,2,800,Partially Furnished,Apartment,-,-,-,Batu Caves KTM Station | Selayang Mall | Tesco Extra Selayang | Selayang Star City | Pasar Borong Selayang,/images/unitpic/kenangaapartmentADL/pic1.jpg,"Hi Hani, I'm interested in the unit rental at Kenanga Apartment, Bandar Baru Selayang. Price: RM1100. Ref: ADL",21/9/2026,https://t.me/adiblisting/12369,Immediate,ADL,-,-
rental,-,70,Kuala Lumpur,Old Klang Road,Petalz Residences,-,2600,Mid Floor (Level 18) | Walking Distance to KTM | Cooking Allowed | Deposit 2+1+0.5 + Agreement,-,-,2,3,2,900,Fully Furnished,Service Residence,-,-,-,KTM Petaling | Mid Valley Megamall | Pearl Shopping Gallery | Vikas International School | NPE Highway,/images/unitpic/petalzresidencesEX/pic1.jpg,"Hi Hani, I'm interested in the unit rental at Petalz Residences, Old Klang Road. Price: RM2600. Ref: EX",24/9/2026,https://t.me/RumahSewaKLSlgrBelowRM2000/30887,1/10/2026,EX,-,-
subsale,-,40,Cheras,Bandar Sri Permaisuri,Villa Laman Tasik,,640000,640000,,2919,,4,3,1792,,Duplex Townhouse,Leasehold,,,LRT Salak Selatan | LRT Cheras | SMK Seri Permaisuri / SK Seri Permaisuri | Taman Tasik Permaisuri | Masjid Saidina Uthman Ibn Affan | PPUKM | Tesco Express Bandar Sri Permaisuri,https://haniproperties.com/images/unitpic/villalamantasikMMN/pic1.jpg,"Hi Hani, I'm interested in the subsale unit at Villa Laman Tasik, Bandar Sri Permaisuri. Price: RM640000. Ref: MMN",23/4/2025,https://telegram.me/HaniMNListingSubsale/508,,MMN,,
subsale,-,40,Shah Alam,Subang Bestari (Seksyen U5),Pangsapuri Mutiara Subang,,260000,260000,,1186,,3,2,850,,Apartment,Leasehold,,,SK Subang Bestari 2 | SMK Subang Bestari | Mah Sing Park | Surau Mutiara Subang,https://haniproperties.com/images/unitpic/pangsapurimutiarasubangMMN/pic1.jpg,"Hi Hani, I'm interested in the subsale unit at Pangsapuri Mutiara Subang, Subang Bestari (Seksyen U5). Price: RM260000. Ref: MMN",2/4/2026,https://telegram.me/HaniMNListingSubsale/429,,MMN,,
subsale,-,40,Klang,Taman Saga,Trifolia Apartment,,355000,355000,,1619,,3,2,904,,Apartment,Freehold,,,AEON Mall Bukit Tinggi | NSK Trade City Klang | SMK Kampung Jawa | SK Kampung Jawa,https://haniproperties.com/images/unitpic/trifoliaapartmentMMN/pic1.jpg,"Hi Hani, I'm interested in the subsale unit at Trifolia Apartment, Taman Saga. Price: RM355000. Ref: MMN",,https://telegram.me/HaniMNListingSubsale/156,,MMN,,
rental,-,60,Shah Alam,Seksyen 16,Suria Avenue Apartment,Malaysian Only | Family Only,1400,Level 4 | Minimum Tenancy 2 Years | Balcony | Internet Available,-,-,-,3,2,894,Partially Furnished,Apartment,-,-,-,KTM Padang Jawa | SACC Mall | Hospital Shah Alam | UiTM Shah Alam | Federal Highway,/images/unitpic/suriaavenueapartmentADL/pic1.jpg,"Hi Hani, I'm interested in the unit rental at Suria Avenue Apartment, Seksyen 16. Price: RM1400. Ref: ADL",26/9/2026,https://t.me/adiblisting/12403,7/10/2026,ADL,-,-
rental,-,65,Kuala Lumpur,Titiwangsa,The Vistana,-,2400,KLCC View | Level 11 | Minimum 2 Years Tenancy,-,-,1,3,2,1065,Fully Furnished,Condominium,-,-,-,Titiwangsa MRT Station | Sunway Putra Mall | Hospital Kuala Lumpur | IJN | DUKE Highway,/images/unitpic/thevistanaEX/pic1.jpg,"Hi Hani, I'm interested in the unit rental at The Vistana, Titiwangsa. Price: RM2400. Ref: EX",27/9/2026,https://t.me/RumahSewaKLSlgrBelowRM2000/30968,1/11/2026,EX,-,-
subsale,-,45,Ampang,Ukay Perdana,Sri Kayangan Apartment,Bumi Lot,335000,Ground Floor | Walk-up | Renovated | Extended Kitchen & Laundry Area | Storeroom | Partly Furnished | Maintenance RM80/month,-,1427,1,3,2,830,-,Apartment,Leasehold,-,-,Melawati Mall | Ampang Point | AEON AU2 | MRR2 Highway | DUKE Highway,/images/unitpic/srikayanganapartmentEXP/pic1.jpg,"Hi Hani, I'm interested in the subsale unit at Sri Kayangan Apartment, Ukay Perdana. Price: RM335000. Ref: EXP",27/9/2026,https://t.me/extremeproperty_listing/22307,-,EXP,-,-
subsale,-,45,Puchong,Taman Putra Prima,2 Storey Terrace Taman Putra Prima,-,783000,Corner Lot | Gated & Guarded | Non-Bumi Lot | Individual Title | Land Area 2734 sqft | Built-in Kitchen Cabinet | Guard Fee RM60/month,-,3335,-,4,3,1400,-,Terrace,Freehold,-,-,LRT Puchong Prima | Lotus's Bukit Puchong | AEON BiG Puchong | SMK Puchong Utama 1,/images/unitpic/2storeyterracetamanputraprimaEXP2/pic1.jpg,"Hi Hani, I'm interested in the subsale unit at 2 Storey Terrace Taman Putra Prima, Taman Putra Prima. Price: RM783000. Ref: EXP",27/9/2026,https://t.me/extremeproperty_listing/22319,-,EXP,-,-
subsale,-,40,Rimbayu/TPG,Bandar Rimbayu,Penduline (End Lot),-,800000,"Price Negotiable | Basic Electrical Fittings, Grills & Curtains Included | Extra Side Space (End Lot) | Strata Title",-,3407,-,4,3,1900,-,Terrace,Leasehold,-,-,Uptown Square Rimbayu | Blossom Square Rimbayu | Columbia Asia Hospital Bukit Rimau | Oasis International School | KESAS Highway,https://haniproperties.com/images/unitpic/pendulineendlotMMN/pic1.jpg,"Hi Hani, I'm interested in the subsale unit at Penduline (End Lot), Bandar Rimbayu. Price: RM800000. Ref: EXP",2/9/2026,https://t.me/HaniMNListingSubsale/669,-,MMN,-,Y
rental,-,65,Kajang,Kajang 2,Canopy Hills,-,1350,Level 8 | Washer & Dryer | Smart TV | Induction Cooker,-,-,1,2,1,650,Fully Furnished,Service Residence,-,-,-,MRT Kajang | KTM Kajang 2 | AEON Mall Cheras Selatan | Lotus's Kajang | SILK Highway,/images/unitpic/canopyhillsADL3/pic1.jpg,"Hi Hani, I'm interested in the unit rental at Canopy Hills, Kajang 2. Price: RM1350. Ref: ADL",27/9/2026,https://t.me/adiblisting/12439,Nov-26,ADL,-,-
rental,-,65,Cheras,Alam Damai,Emerald Hills,-,2500,Pet Friendly | Low Density | Level 9 | Water Heater,-,-,2,2,2,889,Fully Furnished,Condominium,-,-,-,MRT Taman Connaught | EkoCheras Mall | Cheras Sentral Mall | Columbia Asia Hospital Cheras | Cheras-Kajang Highway,/images/unitpic/emeraldhillsADL/pic1.jpg,"Hi Hani, I'm interested in the unit rental at Emerald Hills, Alam Damai. Price: RM2500. Ref: ADL",27/9/2026,https://t.me/adiblisting/12462,Immediate,ADL,-,-
rental,-,40,Shah Alam,Kota Kemuning,Kota Kemuning Terrace,-,2000,Air-Cond Available | Cooking Allowed,-,-,-,4,3,1400,Partially Furnished,Terrace,-,-,-,AEON BiG Bukit Rimau | Columbia Asia Hospital Bukit Rimau | KESAS Highway | Kota Permai Golf & Country Club,https://haniproperties.com/images/unitpic/kotakemuningterraceMMN/pic1.jpg,"Hi Hani, I'm interested in the unit rental at Kota Kemuning Terrace, Kota Kemuning. Price: RM2000. Ref: MMN",17/9/2026,https://t.me/AniListings/3912,Oct-26,MMN,-,
subsale,-,35,Cyberjaya / Putrajaya,Cyber 11,LakeFront Residence,,500000,500000,,2280,,3,2,950,,Condominium,Freehold,,,Mature Cyberjaya hub | Education & commercial catchment,https://haniproperties.com/images/unitpic/lakefrontresidenceMMN/pic1.jpg,"Hi Hani, I'm interested in the subsale unit at LakeFront Residence, Cyber 11. Price: RM500000. Ref: MMN",13/4/2026,https://telegram.me/HaniMNListingSubsale/405,,MMN,,
subsale,-,35,Klang,Pandamaran,1 Storey Terrace Kampung Pendamar II,,450000,450000,,2052,,3,1,1220,,Terrace,Leasehold 62 yrs,,,Hospital HTAR (~1.5km) | SK Kampung Idaman (~1km) | Masjid Pandamaran (~0.5km),https://haniproperties.com/images/unitpic/1storeyterracekampungpendamariiMMN/pic1.jpg,"Hi Hani, I'm interested in the subsale unit at 1 Storey Terrace Kampung Pendamar II, Pandamaran. Price: RM450000. Ref: MMN",15/6/2026,https://telegram.me/HaniMNListingSubsale/563,,MMN,,
subsale,-,35,Shah Alam,Kota Kemuning,2 Storey Terrace Anggerik Aranda,,850000,850000,,3876,,4,3,1800,,Terrace,Leasehold,,,SK Kota Kemuning (~0.7km) | Columbia Asia Hospital (~2km) | Surau An-Najihin (~0.7km) | Gamuda Walk Mall (~3.2km),https://haniproperties.com/images/unitpic/2storeyterraceanggerikarandaMMN/pic1.jpg,"Hi Hani, I'm interested in the subsale unit at 2 Storey Terrace Anggerik Aranda, Kota Kemuning. Price: RM850000. Ref: MMN",16/6/2026,https://telegram.me/HaniMNListingSubsale/580,,MMN,,
subsale,-,35,Sepang,Banting,Bandar Mahkota Banting,,150000,150000,,912,,,,4004,,Residential Land,Freehold,,,Mahkota Industrial Park | Qualitas Health Poliklinik Astana Medic | HM Grocer Bandar Mahkota,/images/unitpic/bandarmahkotabantingMMN/pic1.jpg,"Hi Hani, I'm interested in the subsale unit at Bandar Mahkota Banting, Banting. Price: RM200000. Ref: MMN",,https://telegram.me/HaniMNListingSubsale/260,,MMN,,
subsale,-,35,Bandar Saujana Putra,Saujana Putra,Iris Garden,,380000,380000,,1733,,4,2,1000,,Terrace,Leasehold,,,SK Bandar Saujana Putra | SMK Bandar Saujana Putra | MAHSA University | MAHSA Hospital,https://haniproperties.com/images/unitpic/irisgardenMMN/pic1.jpg,"Hi Hani, I'm interested in the subsale unit at Iris Garden, Saujana Putra. Price: RM380000. Ref: MMN",19/3/2026,https://telegram.me/HaniMNListingSubsale/385,,MMN,,Y
rental,-,35,Shah Alam,Seksyen 13,Residensi Dian II,-,2500,Brand New | Medium Floor | Deposit 2+1+0.5,-,-,2,3,2,834,Partially Furnished,Service Residence,-,-,-,Stadium Shah Alam LRT Station | AEON Mall Shah Alam | Hospital Shah Alam | Management & Science University (MSU) | Federal Highway,/images/unitpic/residensidianiiMMN2/pic1.jpg,"Hi Hani, I'm interested in the unit rental at Residensi Dian II, Seksyen 13. Price: RM2500. Ref: MMN",2/10/2026,https://t.me/AniListings/4114,Oct/Nov 2026,MMN,-,-
rental,-,35,Kajang,Kajang 2,Residensi Zamrud,-,1500,Low Floor | Aircond To Be Installed | Negotiable,-,-,-,3,2,1050,Partially Furnished,Condominium,-,-,-,KTM Kajang 2 | MRT Kajang Station | AEON Mall Cheras Selatan | Hospital Kajang | SILK Highway,/images/unitpic/residensizamrudNS/pic1.jpg,"Hi Hani, I'm interested in the unit rental at Residensi Zamrud, Kajang 2. Price: RM1500. Ref: NS",30/9/2026,https://t.me/rumahsewajualbelikldanselangor/13192,Immediate,NS,-,-
rental,-,60,Kepong,Kepong,Residensi KepongMas,Malaysian Only,1400,Level 8,-,-,1,3,2,900,Partially Furnished,Condominium,-,-,-,MRT Metro Prima | KTM Kepong | AEON Mall Metro Prima | Kepong Metropolitan Park | MRR2,/images/unitpic/residensikepongmasADL/pic1.jpg,"Hi Hani, I'm interested in the unit rental at Residensi KepongMas, Kepong. Price: RM1400. Ref: ADL",30/9/2026,https://t.me/adiblisting/12543,Immediate,ADL,-,-
rental,-,60,Kajang,Jalan Bukit,Residensi Nexus Kajang,-,2300,Level 16,-,-,2,3,2,1050,Fully Furnished,Service Residence,-,-,-,MRT-KTM Kajang Station | Plaza Metro Kajang | Hospital Kajang | New Era University College | SILK Highway,/images/unitpic/residensinexuskajangADL/pic1.jpg,"Hi Hani, I'm interested in the unit rental at Residensi Nexus Kajang, Jalan Bukit. Price: RM2300. Ref: ADL",30/9/2026,https://t.me/adiblisting/12552,Immediate,ADL,-,-
rental,-,45,Selayang,Bandar Selayang,RES 280,Malaysian Only,1600,-,-,-,1,2,2,890,Partially Furnished,Condominium,-,-,-,Selayang Mall | Selayang Capital Mall | Hospital Selayang | Selayang-Kepong Highway | MRR2,/images/unitpic/res280ADL/pic1.jpg,"Hi Hani, I'm interested in the unit rental at RES 280, Bandar Selayang. Price: RM1600. Ref: ADL",30/9/2026,https://t.me/adiblisting/12565,Immediate,ADL,-,-
rental,-,25,Kajang,Bangi Avenue,Residensi Adelia 3,-,1600,Level 24 | Pets Friendly,-,-,2,3,3,1050,Partially Furnished,Condominium,-,-,-,KTM Bangi | Bangi Wonderland | Pasaraya CS | UKM | KPTM,/images/unitpic/residensiadelia3ADL/pic1.jpg,"Hi Hani, I'm interested in the unit rental at Residensi Adelia 3, Bangi Avenue. Price: RM1600. Ref: ADL",30/9/2026,https://t.me/adiblisting/12578,Mid November 2026,ADL,-,-
rental,-,85,Kuala Lumpur,Setiawangsa,The Valley Residences @ SkySierra,-,1600,Level 47,-,-,-,0,-,350,Fully Furnished,Studio,-,-,-,LRT Setiawangsa | AEON AU2 Setiawangsa | Wangsa Walk Mall | Universiti Geomatika Malaysia | DUKE Highway,/images/unitpic/thevalleyresidencesskysierraADL/pic1.jpg,"Hi Hani, I'm interested in the unit rental at The Valley Residences @ SkySierra, Setiawangsa. Price: RM1600. Ref: ADL",30/9/2026,https://t.me/adiblisting/12589,Immediate,ADL,-,-
rental,-,40,Rawang,Rawang,Residensi Laguna Biru 2,Malaysian Only,1300,Level 6 | Pets Friendly,-,-,1,3,2,950,Fully Furnished,Condominium,-,-,-,KTM Rawang | AEON Mall Rawang | Lotus's Rawang | Anggun City | LATAR Highway,/images/unitpic/residensilagunabiru2ADL/pic1.jpg,"Hi Hani, I'm interested in the unit rental at Residensi Laguna Biru 2, Rawang. Price: RM1300. Ref: ADL",30/9/2026,https://t.me/adiblisting/12597,Oct-26,ADL,-,-
rental,-,65,Seri Kembangan,Puncak Jalil,The Jalil,-,2800,Level 33,-,-,2,3,2,800,Fully Furnished,Condominium,-,-,-,LRT Alam Sutera | Pavilion Bukit Jalil | Endah Parade | APU | Bukit Jalil Highway,/images/unitpic/thejalilADL/pic1.jpg,"Hi Hani, I'm interested in the unit rental at The Jalil, Puncak Jalil. Price: RM2800. Ref: ADL",30/9/2026,https://t.me/adiblisting/12610,Immediate,ADL,-,-
rental,-,65,Shah Alam,Setia Alam,Huni @ Eco Ardence,-,2200,Level 9 | Invisible Grill at Balcony,-,-,2,3,2,1000,Fully Furnished,Service Residence,-,-,-,KTM Padang Jawa | Setia City Mall | AEON Mall Bukit Raja | Hospital Shah Alam | NKVE Highway,/images/unitpic/huniecoardenceADL3/pic1.jpg,"Hi Hani, I'm interested in the unit rental at Huni @ Eco Ardence, Setia Alam. Price: RM2200. Ref: ADL",30/9/2026,https://t.me/adiblisting/12647,Immediate,ADL,-,-
rental,-,50,Sentul,Batu 4 Jalan Ipoh,2 Storey Terrace Batu 4 Jalan Ipoh,Malaysian Only,2800,Renovated | Auto Gate,-,-,-,5,4,1680,Partially Furnished,Terrace,-,-,-,MRT Sri Delima | KTM Batu Kentonmen | Sunway Putra Mall | TAR UMT | MRR2,/images/unitpic/2storeyterracebatu4jalanipohADL/pic1.jpg,"Hi Hani, I'm interested in the unit rental at 2 Storey Terrace Batu 4 Jalan Ipoh, Batu 4 Jalan Ipoh. Price: RM2800. Ref: ADL",30/9/2026,https://t.me/adiblisting/12661,Immediate,ADL,-,-
subsale,-,55,Setapak,Setapak,Residensi Rampai (The Parc Tower),Bumi Lot,345000,Level 10 | Facing Swimming Pool | 89 Years Leasehold Remaining | Maintenance RM250/month | Negotiable,-,1469,1,3,2,850,-,Condominium,Leasehold,-,-,LRT Wangsa Maju | AEON Alpha Angle | Wangsa Walk Mall | TAR UMT | DUKE Highway,/images/unitpic/residensirampaitheparctowerEXP/pic1.jpg,"Hi Hani, I'm interested in the subsale unit at Residensi Rampai (The Parc Tower), Setapak. Price: RM345000. Ref: EXP",30/9/2026,https://t.me/extremeproperty_listing/22333,-,EXP,-,-
rental,-,60,Ampang,Taman Dato Ahmad Razali,Pangsapuri Permai Puteri,-,1350,Level 7 | Balcony & Window Grills | Deposit 2+1+0.5,-,-,1,3,2,833,Unfurnished,Apartment,-,-,-,LRT Ampang | Ampang Point Shopping Centre | KPJ Ampang Puteri Specialist Hospital | SMK Dato Ahmad Razali | AKLEH Highway,/images/unitpic/pangsapuripermaiputeriNS/pic1.jpg,"Hi Hani, I'm interested in the unit rental at Pangsapuri Permai Puteri, Taman Dato Ahmad Razali. Price: RM1350. Ref: NS",2/10/2026,https://t.me/rumahsewajualbelikldanselangor/13199,1/11/2026,NS,-,-
rental,-,55,Kajang,Taman Universiti,Hijauan Heights,Male Only | Students Only,1900,High Floor | Cooking Allowed | Deposit 2+1+0.5,-,-,2,3,2,1127,Fully Furnished,Condominium,-,-,-,KTM UKM | MRT Kajang | UKM (Universiti Kebangsaan Malaysia) | SILK Highway,/images/unitpic/hijauanheightsNS/pic1.jpg,"Hi Hani, I'm interested in the unit rental at Hijauan Heights, Taman Universiti. Price: RM1900. Ref: NS",2/10/2026,https://t.me/rumahsewajualbelikldanselangor/13208,Immediate,NS,-,-
rental,-,65,Shah Alam,Seksyen 14,Studio Fourteen,-,1500,Medium Floor | Cooking Allowed | Deposit 2+1+0.5,-,-,1,1,1,450,Fully Furnished,SOHO,-,-,-,KTM Shah Alam | Plaza Alam Sentral | SACC Mall | Anggerik Mall | UiTM Shah Alam,/images/unitpic/studiofourteenNS/pic1.jpg,"Hi Hani, I'm interested in the unit rental at Studio Fourteen, Seksyen 14. Price: RM1500. Ref: NS",2/10/2026,https://t.me/rumahsewajualbelikldanselangor/13222,-,NS,-,-
rental,-,40,Puncak Alam,Puncak Alam,Townhouse Puncak Alam,-,1300,Ground Floor Unit | Kitchen Table Top | Deposit 2+1+0.5,-,-,-,3,2,1200,Unfurnished,Townhouse,-,-,-,Lotus's Puncak Alam | Hospital Al-Sultan Abdullah UiTM | UiTM Puncak Alam | LATAR Expressway,/images/unitpic/townhousepuncakalamNS/pic1.jpg,"Hi Hani, I'm interested in the unit rental at Townhouse Puncak Alam, Puncak Alam. Price: RM1300. Ref: NS",2/10/2026,https://t.me/rumahsewajualbelikldanselangor/13242,-,NS,-,-
rental,-,50,Shah Alam,Setia Alam,Sunsuria Forum SOHO,-,1300,SOHO Building | Medium Floor | Deposit 2+1+0.5,-,-,-,0,1,463,Fully Furnished,Studio,-,-,-,Setia City Mall | Sunsuria Forum Lifestyle Mall | Setia City Convention Centre | Peninsula International School | NKVE Highway,/images/unitpic/sunsuriaforumsohoNS/pic1.jpg,"Hi Hani, I'm interested in the unit rental at Sunsuria Forum SOHO, Setia Alam. Price: RM1300. Ref: NS",2/10/2026,https://t.me/rumahsewajualbelikldanselangor/13264,-,NS,-,-
rental,-,60,Kuala Lumpur,Seksyen 1 Wangsa Maju,Flat Wangsa Maju Seksyen 1,-,1350,Ground Floor | Deposit 2+1+0.5,-,-,-,2,1,700,Unfurnished,Flat,-,-,-,LRT Wangsa Maju | AEON Big Wangsa Maju | Columbia Asia Hospital Setapak | SK Wangsa Maju Seksyen 1 | DUKE Highway,/images/unitpic/flatwangsamajuseksyen1EX/pic1.jpg,"Hi Hani, I'm interested in the unit rental at Flat Wangsa Maju Seksyen 1, Seksyen 1 Wangsa Maju. Price: RM1350. Ref: EX",2/10/2026,https://t.me/RumahSewaKLSlgrBelowRM2000/31103,1/12/2026,EX,-,-
rental,-,65,Sentul,Jalan Sentul Perdana,Sentul Point Suite Apartment,Malaysian Preferred | Muslim Preferred,1800,Level 19 | Deposit 2+1+0.5,-,-,-,3,2,875,Fully Furnished,Service Residence,-,-,-,KTM Sentul | LRT Sentul | KPJ Tawakkal KL Specialist Hospital | DUKE Highway,/images/unitpic/sentulpointsuiteapartmentEX/pic1.jpg,"Hi Hani, I'm interested in the unit rental at Sentul Point Suite Apartment, Jalan Sentul Perdana. Price: RM1800. Ref: EX",2/10/2026,https://t.me/RumahSewaKLSlgrBelowRM2000/31112,Immediate,EX,-,-
rental,-,60,Cheras,Bandar Tun Hussein Onn,Silk Residence,Malay Family Preferred | Muslim Preferred | Working Adults Preferred | Nurses Welcome,1500,Side-by-Side Parking | Rental Incl. Maintenance & Sinking Fund | Deposit 2+1+0.5,-,-,2,3,2,1100,Partially Furnished,Condominium,-,-,-,MRT Bukit Dukung | AEON Mall Cheras Selatan | Columbia Asia Hospital Cheras | UTAR Sungai Long | SILK Highway,/images/unitpic/silkresidenceEX/pic1.jpg,"Hi Hani, I'm interested in the unit rental at Silk Residence, Bandar Tun Hussein Onn. Price: RM1500. Ref: EX",2/10/2026,https://t.me/RumahSewaKLSlgrBelowRM2000/31122,Oct-26,EX,-,-
rental,-,75,Kuala Lumpur,Old Klang Road,Southbank Residences,-,2900,Level 37,-,-,1,3,2,953,Fully Furnished,Condominium,-,-,-,KTM Seputeh | Mid Valley Megamall | KMI Taman Desa Medical Centre | Vikas International School | NPE Highway,/images/unitpic/southbankresidencesADL/pic1.jpg,"Hi Hani, I'm interested in the unit rental at Southbank Residences, Old Klang Road. Price: RM2900. Ref: ADL",2/10/2026,https://t.me/adiblisting/12747,Immediate,ADL,-,-
rental,-,80,Kuala Lumpur,Setiawangsa,The Valley Residences @ SkySierra,Malaysian Only,1600,Level 42,-,-,1,-,-,-,Fully Furnished,Service Residence,-,-,-,LRT Setiawangsa | AEON AU2 Setiawangsa | Wangsa Walk Mall | Universiti Geomatika Malaysia | DUKE Highway,/images/unitpic/thevalleyresidencesskysierraADL2/pic1.jpg,"Hi Hani, I'm interested in the unit rental at The Valley Residences @ SkySierra, Setiawangsa. Price: RM1600. Ref: ADL",2/10/2026,https://t.me/adiblisting/12762,Immediate,ADL,-,-
rental,-,65,Seri Kembangan,Seri Kembangan,Astetica Residences,-,2800,Level 25 | WiFi Included | Washer & Dryer,-,-,2,3,2,850,Fully Furnished,Service Residence,-,-,-,KTM Serdang | MRT Serdang Raya Selatan | The Mines Shopping Mall | Universiti Putra Malaysia (UPM) | SILK Highway,/images/unitpic/asteticaresidencesADL/pic1.jpg,"Hi Hani, I'm interested in the unit rental at Astetica Residences, Seri Kembangan. Price: RM2800. Ref: ADL",2/10/2026,https://t.me/adiblisting/12770,16/11/2026,ADL,-,-
rental,-,60,Cheras,Taman Midah,2 Storey Terrace Taman Midah,-,2200,Auto Gate,-,-,-,4,2,1540,Partially Furnished,Terrace,-,-,-,MRT Taman Midah | Lotus's Taman Midah | EkoCheras Mall | Hospital Canselor Tuanku Muhriz | MRR2,/images/unitpic/2storeyterracetamanmidahADL/pic1.jpg,"Hi Hani, I'm interested in the unit rental at 2 Storey Terrace Taman Midah, Taman Midah. Price: RM2200. Ref: ADL",2/10/2026,https://t.me/adiblisting/12796,Immediate,ADL,-,-
rental,-,60,Cheras,Bandar Damai Perdana,2 Storey Terrace D'Majestica,-,2900,-,-,-,-,4,3,1170,Fully Furnished,Terrace,-,-,-,Alam Damai Shopping Mall | AEON Mall Cheras Selatan | UCSI University | SMK Bandar Damai Perdana | Cheras-Kajang Highway,/images/unitpic/2storeyterracedmajesticaADL/pic1.jpg,"Hi Hani, I'm interested in the unit rental at 2 Storey Terrace D'Majestica, Bandar Damai Perdana. Price: RM2900. Ref: ADL",2/10/2026,https://t.me/adiblisting/12810,Immediate,ADL,-,-
subsale,-,30,Shah Alam,Seksyen 8,2-Storey Split-Level Bungalow Seksyen 8,,4000000,4000000,,18241,,7,5,12648,,Bungalow,Leasehold,,,Kompleks PKNS Shah Alam | Sultan Salahuddin Abdul Aziz Shah Mosque (Blue Mosque) | Shah Alam Convention Centre (SACC),https://haniproperties.com/images/unitpic/2storeysplitlevelbungalowseksyen8MMN/pic1.jpg,"Hi Hani, I'm interested in the subsale unit at 2-Storey Split-Level Bungalow Seksyen 8, Seksyen 8. Price: RM4000000. Ref: MMN",,https://telegram.me/HaniMNListingSubsale/77,,MMN,,
subsale,-,30,Sepang,Labu Lanjut,Kg Labu Lanjut Estate,,2500000,2500000,,11400,,,,85813,,Agricultural Land with Bungalow,Leasehold,,,Sekolah Kebangsaan Kampung Baharu Lanjut | Surau An-Nur RTB Labu Lanjut | Salak Tinggi ERL Station,/images/unitpic/kglabulanjutestateMMN/pic1.jpg,"Hi Hani, I'm interested in the subsale unit at Kg Labu Lanjut Estate, Labu Lanjut. Price: RM2500000. Ref: MMN",,https://telegram.me/HaniMNListingSubsale/256,,MMN,,
subsale,-,25,Bandar Saujana Putra,Jenjarom,Cluster-link Semi-D 2-storey Saujana Putra,,580000,580000,,2645,,4,4,,,Semi D,Leasehold,,,MAHSA University Malaysia | Lotus's Bandar Saujana Putra | Masjid Bandar Saujana Putra,https://haniproperties.com/images/unitpic/clusterlinksemid2storeysaujanaputraMMN/pic1.jpg,"Hi Hani, I'm interested in the subsale unit at Cluster-link Semi-D 2-storey Saujana Putra, Jenjarom. Price: RM580000. Ref: MMN",,https://telegram.me/HaniMNListingSubsale/240,,MMN,,
subsale,-,20,Dengkil,Cybersouth / Cyberjaya Corridor,2 Storey Terrace CasaView Cybersouth,-,650000,Individual Title,-,2769,-,5,4,2166,-,Terrace,Leasehold,-,-,D'Pulze Shopping Centre (~3km) | MMU Cyberjaya (~3km) | SJK(C) Union Cyberjaya (~2km) | IOI City Mall (~8km),/images/unitpic/2storeyterracecasaviewcybersouthMMN/pic1.jpg,"Hi Hani, I'm interested in the subsale unit at 2 Storey Terrace CasaView Cybersouth, Cybersouth / Cyberjaya Corridor. Price: RM650000. Ref: MMN",22/6/2026,https://telegram.me/HaniMNListingSubsale/604,-,MMN,-,Y
subsale,-,20,Rawang,Bandar Tasik Puteri,2 Storey Terrace Bandar Tasik Puteri Blok 3,,290000,290000,,1322,,4,3,1450,,Terrace,Leasehold,,,SK Bandar Tasik Puteri 1 & 2 (~0.5km) | SMK Bandar Tasik Puteri (~0.7km) | Masjid Bandar Tasik Puteri (~0.6km) | Puteri Central Park (~0.4km) | 99 Speedmart BTP (~0.5km),https://haniproperties.com/images/unitpic/2storeyterracebandartasikputeriblok3MMN/pic1.jpg,"Hi Hani, I'm interested in the subsale unit at 2 Storey Terrace Bandar Tasik Puteri Blok 3, Bandar Tasik Puteri. Price: RM290000. Ref: MMN",21/6/2026,https://telegram.me/HaniMNListingSubsale/597,,MMN,,
subsale,-,20,Rimbayu/TPG,Bandar Rimbayu,Starling Rimbayu (End Lot),,850000,850000,,3876,,3,3,1783,,Terrace,Leasehold,,,"Quayside Mall, Bandar Rimbayu | Oasis International School | Surau Al-Jannah Rimbayu",https://haniproperties.com/images/unitpic/starlingrimbayuendlotMMN/pic1.jpg,"Hi Hani, I'm interested in the subsale unit at Starling Rimbayu (End Lot), Bandar Rimbayu. Price: RM850000. Ref: MMN",,https://telegram.me/HaniMNListingSubsale/208,,MMN,,
rental,-,70,Kuala Lumpur,Jalan Damai,Bungalow Jalan Damai,Office/Light Industry Use Preferred,52000,CCC Ready | Land 4500 sqft | 3 Floors + Rooftop | Private Lift | Private Swimming Pool | Off-Street Parking,-,-,4,6,7,4800,Partially Furnished,Bungalow,-,-,-,LRT Damai | LRT/MRT Ampang Park | Suria KLCC | Gleneagles Hospital Kuala Lumpur | AKLEH Highway,/images/unitpic/bungalowjalandamaiLHS/pic1.jpg,"Hi Hani, I'm interested in the unit rental at Bungalow Jalan Damai, Jalan Damai. Price: RM52000. Ref: LHS",4/10/2026,https://t.me/ListingHazimSuccess/6405,-,LHS,-,-
rental,-,50,Shah Alam,Seksyen U5,Pangsapuri Subang Suria,-,1100,Level 5 | Lift Available | Deposit 2+1+0.5+TA,-,-,-,3,2,779,-,Apartment,-,-,-,Elmina Lakeside Mall | Star Avenue Elmina | Guthrie Corridor Expressway (GCE),/images/unitpic/pangsapurisubangsuriaEX/pic1.jpg,"Hi Hani, I'm interested in the unit rental at Pangsapuri Subang Suria, Seksyen U5. Price: RM1100. Ref: EX",4/10/2026,https://t.me/RumahSewaKLSlgrBelowRM2000/31213,-,EX,-,-
rental,-,55,Sentul,Sentul,Vista Sentul Residences,-,1600,Level 23A | Balcony | Side-by-Side Parking Near Lift | 4 Aircond,-,-,2,3,2,958,Partially Furnished,Service Residence,-,-,-,KTM Sentul | LRT Sentul Timur | Hospital Kuala Lumpur | DUKE Highway | MRR2,/images/unitpic/vistasentulresidencesLSY/pic1.jpg,"Hi Hani, I'm interested in the unit rental at Vista Sentul Residences, Sentul. Price: RM1600. Ref: LSY",4/10/2026,https://t.me/ListingSyazuanProperty/3237,Immediate,LSY,-,-
rental,-,55,Cheras,Bandar Sri Permaisuri,Sri Penara Apartment,Muslim Preferred | Malaysian Preferred,1200,Block B | High Floor (Level 13) | Price Negotiable | Deposit 1+1+0.5+TA,-,-,-,2,2,650,Partially Furnished,Apartment,-,-,-,LRT Bandar Tun Razak | LRT Salak Selatan | HERO Supermarket Sri Permaisuri | Hospital Canselor Tuanku Muhriz (HUKM) | MRR2,/images/unitpic/sripenaraapartmentEX/pic1.jpg,"Hi Hani, I'm interested in the unit rental at Sri Penara Apartment, Bandar Sri Permaisuri. Price: RM1200. Ref: EX",4/10/2026,https://t.me/RumahSewaKLSlgrBelowRM2000/31234,End October/November 2026,EX,-,-
rental,-,60,Setapak,Setapak Jaya,MH Platinum 2,-,1950,Medium Floor | Master Bedroom with Balcony | Gated & Guarded,-,-,-,3,2,692,Fully Furnished,Service Residence,-,-,-,LRT Wangsa Maju | Wangsa Walk Mall | Columbia Asia Medical Centre | TAR College | DUKE Highway,/images/unitpic/mhplatinum2EX/pic1.jpg,"Hi Hani, I'm interested in the unit rental at MH Platinum 2, Setapak Jaya. Price: RM1950. Ref: EX",4/10/2026,https://t.me/RumahSewaKLSlgrBelowRM2000/31244,1/11/2026,EX,-,-
rental,-,50,Shah Alam,Setia Alam,Tuai Residence,-,2400,Level 3,-,-,2,3,2,1216,Partially Furnished,Condominium,-,-,-,Setia City Mall | Columbia Asia Hospital Setia Alam | IDRISSI International School | Tenby Schools Setia Eco Park | NKVE Highway,/images/unitpic/tuairesidenceADL/pic1.jpg,"Hi Hani, I'm interested in the unit rental at Tuai Residence, Setia Alam. Price: RM2400. Ref: ADL",4/10/2026,https://t.me/adiblisting/12860,Immediate,ADL,-,-
rental,-,65,Kajang,Jalan Ilmiah,Tiara Imperio,-,1200,Level 6 | Private Balcony | Kitchen Appliances Included,-,-,1,0,1,450,Fully Furnished,Studio,-,-,-,KTM UKM | Bangi Gateway Mall | UKM | GMI Campus | PLUS Highway,/images/unitpic/tiaraimperioADL/pic1.jpg,"Hi Hani, I'm interested in the unit rental at Tiara Imperio, Jalan Ilmiah. Price: RM1200. Ref: ADL",4/10/2026,https://t.me/adiblisting/12947,Nov-26,ADL,-,-
rental,-,65,Kuala Lumpur,Segambut,The Era,-,3200,Washer & Dryer | Water Filter,-,-,2,3,2,1033,Fully Furnished,Service Residence,-,-,-,Segambut KTM Station | Publika Shopping Gallery | Global Doctors Centre | Mont Kiara International School | DUKE Highway,/images/unitpic/theeraADL/pic1.jpg,"Hi Hani, I'm interested in the unit rental at The Era, Segambut. Price: RM3200. Ref: ADL",4/10/2026,https://t.me/adiblisting/12960,Dec-26,ADL,-,-
rental,-,45,Kajang,Bandar Bukit Mahkota,Crescent Park Twin Villa,-,2400,Study Room | WiFi Included | Gated & Guarded,-,-,-,4,3,1932,Fully Furnished,Semi D,-,-,-,KTM Bangi | Lotus's Bandar Puteri Bangi | Universiti Islam Selangor | PLUS Highway | LEKAS Highway,/images/unitpic/crescentparktwinvillaADL/pic1.jpg,"Hi Hani, I'm interested in the unit rental at Crescent Park Twin Villa, Bandar Bukit Mahkota. Price: RM2400. Ref: ADL",4/10/2026,https://t.me/adiblisting/12977,Immediate,ADL,-,-
rental,-,70,Kajang,Kajang 2,Residensi Emas @ Kajang 2,Malaysian Only,1350,Level 14 | Fridge & Washing Machine,-,-,2,4,3,930,Partially Furnished,Condominium,-,-,-,KTM Kajang 2 | Metro Point Kajang | Universiti Kebangsaan Malaysia (UKM) | German-Malaysian Institute (GMI) | SILK Highway,/images/unitpic/residensiemaskajang2ADL2/pic1.jpg,"Hi Hani, I'm interested in the unit rental at Residensi Emas @ Kajang 2, Kajang 2. Price: RM1350. Ref: ADL",4/10/2026,https://t.me/adiblisting/13025,Immediate,ADL,-,-
rental,-,55,Puchong,Taman Putra Perdana,LBS Skylake Residence,-,1350,Level 29 | Nett Rental | WiFi Included,-,-,2,1,1,554,Partially Furnished,Service Residence,-,-,-,LRT Puchong Prima | Lotus's Extra Bukit Puchong | Columbia Asia Hospital Puchong | SMK Putra Perdana | LDP Highway,/images/unitpic/lbsskylakeresidenceADL/pic1.jpg,"Hi Hani, I'm interested in the unit rental at LBS Skylake Residence, Taman Putra Perdana. Price: RM1350. Ref: ADL",4/10/2026,https://t.me/adiblisting/13038,Immediate,ADL,-,-
rental,-,80,Kuala Lumpur,Jelatek,Astrum Ampang,-,2600,Covered Pedestrian Bridge to LRT Jelatek | 3 Aircond,-,-,-,2,1,600,Fully Furnished,Service Residence,-,-,-,LRT Jelatek (covered bridge) | Datum Jelatek Mall | AEON Mall AU2 | Geomatika University College | AKLEH Highway,/images/unitpic/astrumampangADL/pic1.jpg,"Hi Hani, I'm interested in the unit rental at Astrum Ampang, Jelatek. Price: RM2600. Ref: ADL",4/10/2026,https://t.me/adiblisting/13049,Immediate,ADL,-,-
rental,-,70,Petaling Jaya / Damansara,Seri Setia,Pangsapuri Seri Setia,Malaysian Only,1600,Level 12 | Covered Parking | 4 Aircond,-,-,-,3,2,1100,Fully Furnished,Apartment,-,-,-,KTM Seri Setia | Sunway Pyramid | Sunway Medical Centre | Sunway University | Federal Highway,/images/unitpic/pangsapuriserisetiaADL/pic1.jpg,"Hi Hani, I'm interested in the unit rental at Pangsapuri Seri Setia, Seri Setia. Price: RM1600. Ref: ADL",4/10/2026,https://t.me/adiblisting/13065,Mid November 2026,ADL,-,-
rental,-,40,Bangi,Southville City,Savanna Executive Suites @ Southville City,-,2100,Level 9,-,-,2,3,2,956,Fully Furnished,Service Residence,-,-,-,Bangi KTM Station | IOI City Mall Putrajaya | Universiti Islam Selangor (UIS) | Universiti Kebangsaan Malaysia (UKM) | PLUS Highway,/images/unitpic/savannaexecutivesuitessouthvillecityADL/pic1.jpg,"Hi Hani, I'm interested in the unit rental at Savanna Executive Suites @ Southville City, Southville City. Price: RM2100. Ref: ADL",4/10/2026,https://t.me/adiblisting/13073,Immediate,ADL,-,-
rental,-,55,Kuala Lumpur,Taman Melawati,Melawati Hillside Apartment,Malaysian Only,1400,Pet Friendly | Nett Rental | Level 3 | Covered Parking,-,-,2,3,2,1072,Partially Furnished,Apartment,-,-,-,LRT Wangsa Maju | Melawati Mall | Wangsa Walk Mall | KL East Mall | MRR2 Highway,/images/unitpic/melawatihillsideapartmentADL/pic1.jpg,"Hi Hani, I'm interested in the unit rental at Melawati Hillside Apartment, Taman Melawati. Price: RM1400. Ref: ADL",4/10/2026,https://t.me/adiblisting/13086,10/10/2026,ADL,-,-
rental,-,65,Seri Kembangan,Bandar Putra Permai,O2 Residence,-,1800,Balcony,-,-,2,2,2,1300,Fully Furnished,Condominium,-,-,-,MRT Putra Permai | MRT Taman Equine | The Atmosphere | AEON Taman Equine | SKVE Highway,/images/unitpic/o2residenceADL/pic1.jpg,"Hi Hani, I'm interested in the unit rental at O2 Residence, Bandar Putra Permai. Price: RM1800. Ref: ADL",4/10/2026,https://t.me/adiblisting/13107,Immediate,ADL,-,-
rental,-,65,Petaling Jaya / Damansara,Bandar Sunway,2 Storey Terrace Bandar Sunway,Malaysian Only,2500,-,-,-,-,3,2,2000,Partially Furnished,Terrace,-,-,-,BRT Sunway Lagoon | KTM Setia Jaya | Sunway Pyramid | Sunway Medical Centre | Sunway University,/images/unitpic/2storeyterracebandarsunwayADL/pic1.jpg,"Hi Hani, I'm interested in the unit rental at 2 Storey Terrace Bandar Sunway, Bandar Sunway. Price: RM2500. Ref: ADL",4/10/2026,https://t.me/adiblisting/13122,Nov-26,ADL,-,-
rental,-,75,Kajang,Jalan Ilmiah,Tiara Imperio,Students Welcome,1000,Level 12 | Mostly New Furniture | Deposit 2+1+0.5,-,-,-,0,1,497,Fully Furnished,Studio,-,-,-,KTM UKM | Bangi Gateway Mall | UKM | GMI Campus | PLUS Highway,/images/unitpic/tiaraimperioNS/pic1.jpg,"Hi Hani, I'm interested in the unit rental at Tiara Imperio, Jalan Ilmiah. Price: RM1000. Ref: NS",4/10/2026,https://t.me/rumahsewajualbelikldanselangor/13272,Immediate,NS,-,-
subsale,-,20,Rimbayu/TPG,Bandar Rimbayu,Robin @ Rimbayu,,850000,850000,,3876,,4,3,2009,,Terrace,Leasehold,,,Oasis International School | Uptown @ Rimbayu | Tenby International School Tropicana Aman | Quayside Mall,https://haniproperties.com/images/unitpic/robinrimbayuMMN/pic1.jpg,"Hi Hani, I'm interested in the subsale unit at Robin @ Rimbayu, Bandar Rimbayu. Price: RM850000. Ref: MMN",,https://telegram.me/HaniMNListingSubsale/326,,MMN,,
subsale,-,50,Ampang,Taman Pandan Mewah,Pandan Court Condominium,Bumi Lot,380000,Ground Floor Block B3 | Balcony Facing Swimming Pool & Playground | Opposite Hospital Ampang | Strata Title Issued,-,1619,1,3,2,850,-,Condominium,Leasehold,-,-,LRT Pandan Indah | LRT Cempaka | Spectrum Shopping Mall | Hospital Ampang | MRR2 Highway,/images/unitpic/pandancourtcondominiumEXP/pic1.jpg,"Hi Hani, I'm interested in the subsale unit at Pandan Court Condominium, Taman Pandan Mewah. Price: RM380000. Ref: EXP",4/10/2026,https://t.me/extremeproperty_listing/22401,-,EXP,-,-
subsale,-,45,Sungai Buloh,Bandar Seri Coalfields,2 Storey Terrace Presint 4 Bandar Seri Coalfields,-,1650000,Corner Lot | Land Area: 6780 sqft | No House Directly Behind | Maintenance RM120/month | Jalan BSC 4B/7,-,7028,-,4,4,-,-,Terrace,Freehold,-,-,Coalfields Retail Park | Wesley Methodist School | LATAR Highway | Guthrie Corridor Expressway (GCE),/images/unitpic/2storeyterracepresint4bandarsericoalfieldsEXP/pic1.jpg,"Hi Hani, I'm interested in the subsale unit at 2 Storey Terrace Presint 4 Bandar Seri Coalfields, Bandar Seri Coalfields. Price: RM1650000. Ref: EXP",4/10/2026,https://t.me/extremeproperty_listing/22425,-,EXP,-,-
subsale,-,40,Kepong,Bandar Menjalara,East Parc @ Menjalara,-,1200000,Dual Key | Level 40 | Fully Renovated | Unobstructed KLCC & Merdeka 118 View | Price Negotiable | Partially Furnished | Owner-Occupied | Strata Title Issued | Maintenance RM500/month,-,5111,3,4,3,1510,-,Service Residence,Leasehold,-,-,MRT Kepong Baru | KTM Kepong Sentral | Brem Mall | Desa ParkCity | MRR2 Highway,/images/unitpic/eastparcmenjalaraEXP/pic1.jpg,"Hi Hani, I'm interested in the subsale unit at East Parc @ Menjalara, Bandar Menjalara. Price: RM1200000. Ref: EXP",4/10/2026,https://t.me/extremeproperty_listing/22457,-,EXP,-,-
subsale,-,55,Cheras,Taman Cheras,Ketumbar Heights,-,300000,Level 12 | Renovated | Non-Bumi Lot | Strata Title | Maintenance RM190/month,-,1278,1,4,2,903,-,Condominium,Freehold,-,-,MRT Taman Mutiara | EkoCheras Mall | Cheras LeisureMall | Pantai Hospital Cheras | MRR2,/images/unitpic/ketumbarheightsEXP2/pic1.jpg,"Hi Hani, I'm interested in the subsale unit at Ketumbar Heights, Taman Cheras. Price: RM300000. Ref: EXP",4/10/2026,https://t.me/extremeproperty_listing/22507,-,EXP,-,-
subsale,-,60,Setapak,Air Panas,PPR Kampung Baru Air Panas,-,195000,PPR | Renovated | Non-Bumi Lot | Strata Title | Open Parking,-,831,-,3,1,650,-,Flat,Freehold,-,-,LRT Wangsa Maju | Setapak Central Mall | Wangsa Walk Mall | TAR UMT | DUKE Highway,/images/unitpic/pprkampungbaruairpanasEXP/pic1.jpg,"Hi Hani, I'm interested in the subsale unit at PPR Kampung Baru Air Panas, Air Panas. Price: RM195000. Ref: EXP",4/10/2026,https://t.me/extremeproperty_listing/22516,-,EXP,-,-
subsale,-,25,Rawang,Serendah,Taman Idaman Serendah,Bumi Lot,280000,Price Negotiable | Low Cost | Land Area: 1500 sqft | Kitchen Extension | Facing Open | Leasehold until 16/3/2089,-,1193,-,4,2,-,-,Terrace,Leasehold,-,-,Serendah KTM Station | SMK Serendah | Pasaraya MSM Serendah,/images/unitpic/tamanidamanserendahEXP/pic1.jpg,"Hi Hani, I'm interested in the subsale unit at Taman Idaman Serendah, Serendah. Price: RM280000. Ref: EXP",4/10/2026,https://t.me/extremeproperty_listing/22529,-,EXP,-,-
subsale,-,10,Semenyih,Taman Tasik Semenyih,1 Storey Bungalow Taman Tasik Semenyih,Bumi Lot,530000,"Corner Lot | Price Reduced from RM535,000 | Price Negotiable | Land Area: 5000 sqft | Leasehold until 2094 | Near Jalan Broga",-,2257,-,3,2,-,-,Bungalow,Leasehold,-,-,Lotus's Semenyih | Econsave Semenyih | Setia EcoHill Mall | University of Nottingham Malaysia | LEKAS Highway,/images/unitpic/1storeybungalowtamantasiksemenyihEXP/pic1.jpg,"Hi Hani, I'm interested in the subsale unit at 1 Storey Bungalow Taman Tasik Semenyih, Taman Tasik Semenyih. Price: RM530000. Ref: EXP",4/10/2026,https://t.me/extremeproperty_listing/21684,-,EXP,-,-
rental,-,60,Sentul,Jalan Sentul Perdana,Sentul Point Suite Apartment,No Pets Owner,1800,Level 19 | Deposit 2+1+0.5,-,-,-,3,2,875,Partially Furnished,Service Residence,-,-,-,KTM Sentul | LRT Sentul | KPJ Tawakkal KL Specialist Hospital | DUKE Highway | MRR2,/images/unitpic/sentulpointsuiteapartmentEX2/pic1.jpg,"Hi Hani, I'm interested in the unit rental at Sentul Point Suite Apartment, Jalan Sentul Perdana. Price: RM1800. Ref: EX",5/10/2026,https://t.me/RumahSewaKLSlgrBelowRM2000/31347,-,EX,-,-
rental,-,55,Cheras,Alam Damai,Residensi PR1MA Alam Damai,-,1600,Level 5 | Maintenance Included | Deposit 2+1+0.5,-,-,1,3,2,930,Partially Furnished,Apartment,-,-,-,MRT Taman Connaught | Cheras Sentral Mall | Columbia Asia Hospital Cheras | SUKE Highway,/images/unitpic/residensipr1maalamdamaiNS/pic1.jpg,"Hi Hani, I'm interested in the unit rental at Residensi PR1MA Alam Damai, Alam Damai. Price: RM1600. Ref: NS",5/10/2026,https://t.me/rumahsewajualbelikldanselangor/13294,-,NS,-,-
rental,-,55,Cheras,Alam Damai,Residensi PR1MA Alam Damai,-,1600,Level 5 | Maintenance Included | Deposit 2+1+0.5,-,-,1,3,2,930,Partially Furnished,Apartment,-,-,-,MRT Taman Connaught | Cheras Sentral Mall | Columbia Asia Hospital Cheras | SUKE Highway,/images/unitpic/residensipr1maalamdamaiNS/pic1.jpg,"Hi Hani, I'm interested in the unit rental at Residensi PR1MA Alam Damai, Alam Damai. Price: RM1600. Ref: NS",5/10/2026,https://t.me/rumahsewajualbelikldanselangor/13294,-,NS,-,-
rental,-,75,Petaling Jaya / Damansara,Kota Damansara,Pangsapuri Salvia,Family/Couple Preferred,1500,Medium Floor | Cooking Allowed | Deposit 2+1+0.5,-,-,1,3,2,850,Partially Furnished,Apartment,-,-,-,MRT Kota Damansara | Sunway Giza Mall | Thomson Hospital Kota Damansara | SEGi University Kota Damansara | DUKE Highway,/images/unitpic/pangsapurisalviaNS/pic1.jpg,"Hi Hani, I'm interested in the unit rental at Pangsapuri Salvia, Kota Damansara. Price: RM1500. Ref: NS",5/10/2026,https://t.me/rumahsewajualbelikldanselangor/13329,-,NS,-,-
rental,-,45,Kajang,Bandar Tasik Kesuma,Residensi Kesuma 1,-,1500,Medium Floor | 2 Access Cards | Deposit 2+1+0.5,-,-,2,3,2,860,Fully Furnished,Apartment,-,-,-,Econsave Beranang | Lotus's Semenyih | Kolej Profesional MARA Beranang | LEKAS Highway,/images/unitpic/residensikesuma1NS2/pic1.jpg,"Hi Hani, I'm interested in the unit rental at Residensi Kesuma 1, Bandar Tasik Kesuma. Price: RM1500. Ref: NS",5/10/2026,https://t.me/rumahsewajualbelikldanselangor/13334,-,NS,-,-
rental,-,75,Kuala Lumpur,Sri Rampai,Terrace Taman Sri Rampai,-,1800,Minimum Tenancy 1 Year | Deposit 2+1+0.5,-,-,-,3,2,880,Partially Furnished,Terrace,-,-,-,LRT Sri Rampai | Wangsa Walk Mall | Columbia Asia Hospital Setapak | TAR UMT | DUKE Highway,/images/unitpic/terracetamansrirampaiNS/pic1.jpg,"Hi Hani, I'm interested in the unit rental at Terrace Taman Sri Rampai, Sri Rampai. Price: RM1800. Ref: NS",5/10/2026,https://t.me/rumahsewajualbelikldanselangor/13369,Immediate,NS,-,-
subsale,-,55,Kuala Lumpur,Setiawangsa,Bungalow Land Setiawangsa,Bumi Lot,1399999,Bungalow Lot | Residential Zoning | Remaining Tenure 52 Years (2078),-,5963,-,-,-,5995,-,Land,Leasehold,-,-,LRT Setiawangsa | AEON AU2 Setiawangsa | Gleneagles Hospital Kuala Lumpur | AKLEH Highway | DUKE Highway,/images/unitpic/bungalowlandsetiawangsaEXP/pic1.jpg,"Hi Hani, I'm interested in the subsale unit at Bungalow Land Setiawangsa, Setiawangsa. Price: RM1399999. Ref: EXP",5/10/2026,https://t.me/extremeproperty_listing/19415,-,EXP,-,-
subsale,-,55,Puchong,BK9,Bandar Kinrara 9 (BK9),-,3975000,"Price Reduced from RM4,388,000 | 2 Storey Corner Lot | Gated & Guarded | Built 2012 | Land Area 11000 sqft | Private Swimming Pool",-,16931,-,7,6,5000,-,Bungalow,Freehold,-,-,LRT Bandar Kinrara | Pavilion Bukit Jalil | IOI Mall Puchong | Bandar Kinrara Town Centre | Lebuhraya LDP,/images/unitpic/bandarkinrara9bk9EXP/pic1.jpg,"Hi Hani, I'm interested in the subsale unit at Bandar Kinrara 9 (BK9), BK9. Price: RM3975000. Ref: EXP",21/7/2026,https://t.me/extremeproperty_listing/19420,-,EXP,-,-
subsale,-,55,Cheras,Batu 9 Cheras,Venice Hill,-,270000,Below Market Value | Negotiable | Currently Tenanted | Level 6 | Master Title | Completed 2000 | Maintenance RM200/month | Unfurnished | Non-Bumi Lot,-,1150,1,3,2,1513,-,Condominium,Freehold,-,-,Taman Suntex MRT Station | EkoCheras Mall | Leisure Mall Cheras | Columbia Asia Hospital Cheras | Grand Saga Highway,/images/unitpic/venicehillEXP/pic1.jpg,"Hi Hani, I'm interested in the subsale unit at Venice Hill, Batu 9 Cheras. Price: RM270000. Ref: EXP",5/10/2026,https://t.me/extremeproperty_listing/19467,-,EXP,-,-
subsale,-,55,Cheras,Batu 9 Cheras,Venice Hill,-,270000,Below Market Value | Negotiable | Currently Tenanted | Level 6 | Master Title | Completed 2000 | Maintenance RM200/month | Unfurnished | Non-Bumi Lot,-,1150,1,3,2,1513,-,Condominium,Freehold,-,-,MRT Taman Suntex | MRT Sri Raya | MRT Bandar Tun Hussein Onn | Grand Saga Highway | SILK Expressway,/images/unitpic/venicehillEXP/pic1.jpg,"Hi Hani, I'm interested in the subsale unit at Venice Hill, Batu 9 Cheras. Price: RM270000. Ref: EXP",5/10/2026,https://t.me/extremeproperty_listing/19467,-,EXP,-,-
subsale,-,30,Rawang,Bukit Sentosa,Double Storey Terrace Kemboja 4A,-,385000,"Re-open | Price Reduced from RM390,000 | Negotiable | Intermediate | Individual Title | Land Area 20x70 | Backyard Extended | Wet & Dry Kitchen",-,1640,-,4,3,1399,-,Terrace,Freehold,-,-,UMW High Value Manufacturing Park | Bukit Beruntung Industrial Park | Mydin | PLUS Highway,/images/unitpic/doublestoreyterracekemboja4aEXP/pic1.jpg,"Hi Hani, I'm interested in the subsale unit at Double Storey Terrace Kemboja 4A, Bukit Sentosa. Price: RM385000. Ref: EXP",5/10/2026,https://t.me/extremeproperty_listing/13741,-,EXP,-,-
subsale,-,15,Rawang,Batu 16 Rawang,Single Storey Bungalow Kg Melayu Batu 16,Bumi Lot,550000,Below Market Value | Slim Nego | Facing Football Field (Unblocked View) | Remaining Lease 51 Years | Land Area 4800 sqft (60x90),-,2343,-,5,2,1550,-,Bungalow,Leasehold,-,-,Lotus's Rawang | LATAR Expressway | Guthrie Corridor Expressway | Rawang Bypass,/images/unitpic/singlestoreybungalowkgmelayubatu16EXP/pic1.jpg,"Hi Hani, I'm interested in the subsale unit at Single Storey Bungalow Kg Melayu Batu 16, Batu 16 Rawang. Price: RM550000. Ref: EXP",5/10/2026,https://t.me/extremeproperty_listing/13766,-,EXP,-,-
subsale,-,40,Shah Alam,Denai Alam,Serissa Terrace Denai Alam,-,1100000,3 Storey | Individual Title | Land Area 1980 sqft (22x90) | 1 Store Room,-,4685,-,5,5,4314,-,Terrace,Freehold,-,-,Elmina Lakeside Mall | SK Denai Alam | Masjid Denai Alam | Guthrie Corridor Expressway | LATAR Highway,/images/unitpic/serissaterracedenaialamEXP/pic1.jpg,"Hi Hani, I'm interested in the subsale unit at Serissa Terrace Denai Alam, Denai Alam. Price: RM1100000. Ref: EXP",-,https://telegram.me/extremeproperty_listing/13775,-,EXP,-,-
subsale,-,60,Petaling Jaya / Damansara,SS1 Kampung Tunku,2 Storey Terrace SS1 Kampung Tunku,-,1400000,Corner Lot | Open Lot | Negotiable | Land Area 2828 sqft | Facing Northwest | Extended Kitchen | Refurbished,-,5963,-,4,3,2200,-,Terrace,Freehold,-,-,LRT Taman Bahagia | Atria Shopping Gallery | Damansara Specialist Hospital | SK Kampung Tunku | LDP Highway,/images/unitpic/2storeyterracess1kampungtunkuEXP/pic1.jpg,"Hi Hani, I'm interested in the subsale unit at 2 Storey Terrace SS1 Kampung Tunku, SS1 Kampung Tunku. Price: RM1400000. Ref: EXP",5/10/2026,https://t.me/extremeproperty_listing/22548,-,EXP,-,-
subsale,-,45,Nilai,Kota Seriemas,Double Storey Terrace Laman Bakawali,-,500000,Intermediate | Individual Title | Land Area 20x70,-,2130,-,4,3,1620,-,Terrace,Freehold,-,-,KTM/ERL Nilai | AEON Mall Nilai | USIM | Nilai Medical Centre | PLUS Highway (Nilai Interchange),/images/unitpic/doublestoreyterracelamanbakawaliMMN/pic1.jpg,"Hi Hani, I'm interested in the subsale unit at Double Storey Terrace Laman Bakawali, Kota Seriemas. Price: RM500000. Ref: MMN",5/10/2026,https://t.me/HaniMNListingSubsale/712,-,MMN,-,-
rental,-,65,Cyberjaya / Putrajaya,Cyber 11,Gardenview Residence,-,2700,High Floor | Total 10 Floors | Family-friendly Layout | Internet Ready | Deposit: 2+1+0.5+TA,-,-,2,4,3,1722,Fully Furnished,Condominium,-,-,-,Cyberjaya City Centre MRT Station | D'Pulze Shopping Centre | Centrus Mall | Multimedia University (MMU) | MEX Highway,/images/unitpic/gardenviewresidenceMMN/pic1.jpg,"Hi Hani, I'm interested in the unit rental at Gardenview Residence, Cyber 11. Price: RM2700. Ref: MMN",5/10/2026,https://t.me/AniListings/2831,Oct-26,MMN,-,-
rental,-,75,Puchong,Taman Mas Sepang,Koi Prima,-,1600,Block C | Level 26 | Pets Friendly,-,-,1,3,2,1098,Partially Furnished,Condominium,-,-,-,Puchong Prima LRT | IOI Mall Puchong | KPMC Puchong Specialist Centre | MAHSA International School | ELITE Highway,/images/unitpic/koiprimaADL/pic1.jpg,"Hi Hani, I'm interested in the unit rental at Koi Prima, Taman Mas Sepang. Price: RM1600. Ref: MMN",30/9/2026,https://t.me/AniListings/4187,Immediate,MMN,-,-
rental,-,50,Puchong,Taman Kinrara,Kinrara Ria,-,1200,Level 10 | Gated & Guarded | Air-Cond in all 3 bedrooms,-,-,1,3,2,950,Partially Furnished,Condominium,-,-,-,LRT Kinrara BK5 | IOI Mall Puchong | Pavilion Bukit Jalil | Columbia Asia Hospital Bukit Jalil | Bukit Jalil Highway,/images/unitpic/kinrarariaEX/pic1.jpg,"Hi Hani, I'm interested in the unit rental at Kinrara Ria, Taman Kinrara. Price: RM1200. Ref: EX",6/10/2026,https://t.me/RumahSewaKLSlgrBelowRM2000/31365,-,EX,-,-
rental,-,80,Bukit Jalil,Bukit Jalil,Arena Green,-,1300,Low Floor | Covered Car Park,-,-,1,2,2,726,Partially Furnished,Condominium,-,-,-,LRT Bukit Jalil | Pavilion Bukit Jalil | Bukit Jalil National Stadium | IMU Bukit Jalil | Bukit Jalil Highway,/images/unitpic/arenagreenEX/pic1.jpg,"Hi Hani, I'm interested in the unit rental at Arena Green, Bukit Jalil. Price: RM1300. Ref: EX",6/10/2026,https://t.me/RumahSewaKLSlgrBelowRM2000/31390,-,EX,-,-
rental,-,40,Bangi,Southville City,Savanna Executive Suites @ Southville City,-,2100,Level 9 Block B1 | Service Charge Included in Rent | 4 Air-Cond | 2 Water Heater,-,-,2,3,2,956,Fully Furnished,Service Residence,-,-,-,Bangi KTM Station | IOI City Mall Putrajaya | Universiti Islam Selangor (UIS) | Universiti Kebangsaan Malaysia (UKM) | PLUS Highway,/images/unitpic/savannaexecutivesuitessouthvillecityADL/pic1.jpg,"Hi Hani, I'm interested in the unit rental at Savanna Executive Suites @ Southville City, Southville City. Price: RM2100. Ref: EX",6/10/2026,https://t.me/RumahSewaKLSlgrBelowRM2000/31398,Immediate,EX,-,-
rental,-,50,Kajang,Taman Bukit Kajang Baru,2 Storey Terrace Taman Bukit Kajang Baru,-,1600,Dry & Wet Kitchen | Cooking Allowed,-,-,-,3,3,1800,Partially Furnished,Terrace,-,-,-,MRT & KTM Kajang Station (~900m) | Metro Point Kajang | UniKL MESTECH (~1km) | New Era University College (~1.8km) | SILK Highway,/images/unitpic/2storeyterracetamanbukitkajangbaruEX/pic1.jpg,"Hi Hani, I'm interested in the unit rental at 2 Storey Terrace Taman Bukit Kajang Baru, Taman Bukit Kajang Baru. Price: RM1600. Ref: EX",6/10/2026,https://t.me/RumahSewaKLSlgrBelowRM2000/31410,-,EX,-,-
rental,-,50,Kajang,Jalan Reko,Vista Bangi,-,2400,High Floor,-,-,2,3,2,850,Fully Furnished,Service Residence,-,-,-,KTM UKM | Bangi Gateway | Hospital Kajang | Universiti Kebangsaan Malaysia (UKM) | SILK Highway,/images/unitpic/vistabangiEX/pic1.jpg,"Hi Hani, I'm interested in the unit rental at Vista Bangi, Jalan Reko. Price: RM2400. Ref: EX",6/10/2026,https://t.me/RumahSewaKLSlgrBelowRM2000/31423,-,EX,-,-
rental,-,55,Seri Kembangan,Taman Equine,Galleria 2 Equine Park,-,1800,High Floor | Low Density,-,-,2,3,2,890,Partially Furnished,Service Residence,-,-,-,MRT Taman Equine | AEON Taman Equine | NSK Trade City | Pasar Borong Selangor | LDP Highway,/images/unitpic/galleria2equineparkEX/pic1.jpg,"Hi Hani, I'm interested in the unit rental at Galleria 2 Equine Park, Taman Equine. Price: RM1800. Ref: EX",6/10/2026,https://t.me/RumahSewaKLSlgrBelowRM2000/31438,-,EX,-,-
rental,-,55,Kajang,Bandar Sungai Long,Green Acre Park Condominium,-,1200,Middle Floor | Covered Car Park | Freshly Painted & Cleaned,-,-,1,3,2,1012,Partially Furnished,Condominium,-,-,-,BMC Mall | UTAR Sungai Long Campus | Sungai Long Specialist Hospital | Cheras-Kajang Expressway | Grand Saga Expressway,/images/unitpic/greenacreparkcondominiumEX/pic1.jpg,"Hi Hani, I'm interested in the unit rental at Green Acre Park Condominium, Bandar Sungai Long. Price: RM1200. Ref: EX",6/10/2026,https://t.me/RumahSewaKLSlgrBelowRM2000/31453,Immediate,EX,-,-
rental,-,60,Kuala Lumpur,Setiawangsa,The Valley Residences @ SkySierra,-,1700,Tower C Level 47 | KLCC View | Water & Electricity Included | Pet-Friendly | Light Cooking Allowed | Deposit Negotiable,-,-,-,0,1,-,Fully Furnished,Studio,-,-,-,LRT Setiawangsa | AEON AU2 Setiawangsa | Wangsa Walk Mall | Gleneagles Hospital Kuala Lumpur | DUKE Highway,/images/unitpic/thevalleyresidencesskysierraYR/pic1.jpg,"Hi Hani, I'm interested in the unit rental at The Valley Residences @ SkySierra, Setiawangsa. Price: RM1700. Ref: YR",6/10/2026,https://t.me/yanzrealty/603,-,YR,-,-
rental,-,45,Seri Kembangan,Taman Belimbing,Pangsapuri Belimbing Heights,-,1100,Middle Floor | Air-Cond in Master Bedroom | Cooking Allowed,-,-,1,3,2,861,Unfurnished,Apartment,-,-,-,KTM Serdang | The Mines Shopping Mall | Universiti Putra Malaysia (UPM) | MEX Highway | SKVE Highway,/images/unitpic/pangsapuribelimbingheightsEX/pic1.jpg,"Hi Hani, I'm interested in the unit rental at Pangsapuri Belimbing Heights, Taman Belimbing. Price: RM1100. Ref: EX",6/10/2026,https://t.me/RumahSewaKLSlgrBelowRM2000/31496,-,EX,-,-
rental,-,30,Klang,Meru,1.5 Storey Terrace Taman Seri Mewah,-,1200,-,-,-,-,4,2,1300,Partially Furnished,Terrace,-,-,-,NSK Meru | Setia City Mall | SMK Meru,/images/unitpic/15storeyterracetamanserimewahNS/pic1.jpg,"Hi Hani, I'm interested in the unit rental at 1.5 Storey Terrace Taman Seri Mewah, Meru. Price: RM1200. Ref: NS",6/10/2026,https://t.me/rumahsewajualbelikldanselangor/13379,-,NS,-,-
rental,-,55,Kepong,Kepong Sentral,Kepong Sentral Condominium,-,1350,High Floor | Newly Painted | Cooking Allowed | Washing Machine Provided,-,-,-,3,2,940,Unfurnished,Condominium,-,-,-,KTM & MRT Kepong Sentral (walking distance) | AEON Mall Metro Prima | Lotus's Kepong | LDP Highway,/images/unitpic/kepongsentralcondominiumNS/pic1.jpg,"Hi Hani, I'm interested in the unit rental at Kepong Sentral Condominium, Kepong Sentral. Price: RM1350. Ref: NS",6/10/2026,https://t.me/rumahsewajualbelikldanselangor/13390,-,NS,-,-
rental,-,35,Puncak Alam,Puncak Alam,Danau Perintis,-,1300,Level 7 | Maintenance Fee Included | Facing Parking Lot | Cooking Allowed | Viewing from End October 2026,-,-,2,3,2,889,Partially Furnished,Apartment,-,-,-,Lotus's Puncak Alam | UiTM Puncak Alam | Hospital Al-Sultan Abdullah UiTM | LATAR Expressway,/images/unitpic/danauperintisNS/pic1.jpg,"Hi Hani, I'm interested in the unit rental at Danau Perintis, Puncak Alam. Price: RM1300. Ref: NS",6/10/2026,https://t.me/rumahsewajualbelikldanselangor/13399,1/12/2026,NS,-,-
rental,-,70,Petaling Jaya / Damansara,Kota Damansara,Gugusan Dedap,-,1100,Level 5 / High Floor,-,-,1,3,2,700,Unfurnished,Flat,-,-,-,MRT Kota Damansara | Sunway Giza Mall | Thomson Hospital Kota Damansara | SEGi University Kota Damansara | DUKE Highway,/images/unitpic/gugusandedapNS/pic1.jpg,"Hi Hani, I'm interested in the unit rental at Gugusan Dedap, Kota Damansara. Price: RM1100. Ref: NS",6/10/2026,https://t.me/rumahsewajualbelikldanselangor/13410,-,NS,-,-
rental,-,80,Shah Alam,Seksyen 7,PKNS Flat Seksyen 7,Female Students Preferred,1700,Low Floor (1st of 5) | Good for Room Split | Water Heater | Deposit 2+1+0.5,-,-,-,3,2,650,Fully Furnished,Flat,-,-,-,Seksyen 7 Shah Alam LRT Station (~50m walk) | Giant Seksyen 7 (~500m) | Central i-City Shopping Centre (~2km) | UiTM Shah Alam Gate 3 (~650m) | Federal Highway,/images/unitpic/pknsflatseksyen7MMN/pic1.jpg,"Hi Hani, I'm interested in the unit rental at PKNS Flat Seksyen 7, Seksyen 7. Price: RM1700. Ref: MMN",6/10/2026,https://t.me/AniListings/3603,Immediate,MMN,-,-
rental,-,60,Kuala Lumpur,Bandar Sri Damansara,SD Tiara Apartment,-,1700,"Walk-Up | Low 1st Floor | Newly Renovated & Painted | Aircon in Bedroom 1, Bedroom 2 & Living Hall | Cooking Allowed | Non Bumi",-,-,1,3,2,805,Partially Furnished,Apartment,-,-,-,MRT Sri Damansara Sentral | MRT Sri Damansara Timur | Masjid Al-Mukarramah | DUKE Highway,/images/unitpic/sdtiaraapartmentEX/pic1.jpg,"Hi Hani, I'm interested in the unit rental at SD Tiara Apartment, Bandar Sri Damansara. Price: RM1700. Ref: EX",7/10/2026,https://t.me/RumahSewaKLSlgrBelowRM2000/31515,-,EX,-,-
rental,-,55,Kepong,Jinjang Utara,Mutiara Fadason Apartment,-,1500,Level 6 | Lift | Open Parking | Aircon in 2 Rooms | WiFi Provided | Cooking Allowed,-,-,-,3,1,650,Fully Furnished,Apartment,-,-,-,MRT Jinjang | MRT Kepong Baru | AEON Mall Metro Prima | KWSP Kepong,/images/unitpic/mutiarafadasonapartmentEX/pic1.jpg,"Hi Hani, I'm interested in the unit rental at Mutiara Fadason Apartment, Jinjang Utara. Price: RM1500. Ref: EX",7/10/2026,https://t.me/RumahSewaKLSlgrBelowRM2000/31522,-,EX,-,-
rental,-,60,Kajang,Bangi Avenue,Residensi Adelia,-,1300,2 Reserved Parking Ground Floor | Aircon in All Rooms | Water Heater in 3 Bathrooms | Balcony,-,-,2,3,3,1082,Partially Furnished,Condominium,-,-,-,KTM Bangi | Bangi Wonderland | PLUS Highway | LEKAS Highway,/images/unitpic/residensiadeliaEX/pic1.jpg,"Hi Hani, I'm interested in the unit rental at Residensi Adelia, Bangi Avenue. Price: RM1300. Ref: EX",7/10/2026,https://t.me/RumahSewaKLSlgrBelowRM2000/31535,Immediate,EX,-,-
rental,-,60,Kepong,Kepong Sentral,Kepong Sentral Condominium,-,1350,Level 18 | Newly Painted | Cooking Allowed | Washing Machine Provided | Pet Friendly | Open to Local & Foreign Tenants,-,-,1,3,2,940,Unfurnished,Condominium,-,-,-,KTM & MRT Kepong Sentral (walking distance) | AEON Mall Metro Prima | Lotus's Kepong | LDP Highway,/images/unitpic/kepongsentralcondominiumNS/pic1.jpg,"Hi Hani, I'm interested in the unit rental at Kepong Sentral Condominium, Kepong Sentral. Price: RM1350. Ref: ADL",6/10/2026,https://t.me/adiblisting/13540,Immediate,ADL,-,-
rental,-,65,Petaling Jaya / Damansara,Icon City (SS8),Icon Residenz,Malaysian Only,1500,Studio Unit,-,-,1,0,-,330,Fully Furnished,Studio,-,-,-,KTM Setia Jaya | KTM Seri Setia | Sunway Pyramid | Sunway Medical Centre | Federal Highway,/images/unitpic/iconresidenzADL/pic1.jpg,"Hi Hani, I'm interested in the unit rental at Icon Residenz, Icon City (SS8). Price: RM1500. Ref: ADL",7/10/2026,https://t.me/adiblisting/13550,Immediate,ADL,-,-
rental,-,70,Kuala Lumpur,Wangsa Maju,Sri Ledang,Malay Only,1580,Level 5 | Lift | Aircon in All Bedrooms & Living Room | 2 Water Heaters,-,-,-,4,2,1087,Partially Furnished,Condominium,-,-,-,LRT Wangsa Maju | LRT Sri Rampai | Wangsa Walk Mall | UTAR Kuala Lumpur Campus | MRR2 Highway,/images/unitpic/sriledangADL/pic1.jpg,"Hi Hani, I'm interested in the unit rental at Sri Ledang, Wangsa Maju. Price: RM1580. Ref: ADL",7/10/2026,https://t.me/adiblisting/13556,Immediate,ADL,-,-
rental,-,70,Petaling Jaya / Damansara,Damansara Perdana,D'Vine Residence,-,1750,Open to Local & Foreign Tenants,-,-,1,2,1,550,Fully Furnished,Service Residence,-,-,-,MRT Mutiara Damansara | IPC Shopping Centre | The Curve | Damansara Specialist Hospital | LDP Highway,/images/unitpic/dvineresidenceADL/pic1.jpg,"Hi Hani, I'm interested in the unit rental at D'Vine Residence, Damansara Perdana. Price: RM1750. Ref: ADL",7/10/2026,https://t.me/adiblisting/13573,Immediate,ADL,-,-
subsale,-,40,Cheras,Alam Damai,Residensi PR1MA Alam Damai,-,370000,Price Slightly Negotiable | High Floor (Block B3 Level 20) | Unblocked Balcony View | Basic Original Unit | Non-Bumi Lot | Maintenance RM138.14/month,-,1576,1,3,2,995,-,Apartment,Leasehold,-,-,MRT Taman Suntex | Cheras Sentral Mall | Columbia Asia Hospital Cheras | TBS | Cheras-Kajang Highway,/images/unitpic/residensipr1maalamdamaiEXP2/pic1.jpg,"Hi Hani, I'm interested in the subsale unit at Residensi PR1MA Alam Damai, Alam Damai. Price: RM370000. Ref: EXP",7/10/2026,https://t.me/extremeproperty_listing/22602,-,EXP,-,-
subsale,-,50,Cheras,Bandar Damai Perdana,Damai Hillpark Condominium,-,450000,Mid Floor Level 13 | Renovated Wet & Dry Kitchens | Strata Title Perfected (POT/POC Completed) | Non-Bumi Lot,-,1917,2,3,2,1010,-,Condominium,Freehold,-,-,Cheras-Kajang Highway | SILK Highway,/images/unitpic/damaihillparkcondominiumEXP/pic1.jpg,"Hi Hani, I'm interested in the subsale unit at Damai Hillpark Condominium, Bandar Damai Perdana. Price: RM450000. Ref: EXP",7/10/2026,https://t.me/extremeproperty_listing/22622,-,EXP,-,-
subsale,-,40,Shah Alam,Subang Bestari (Seksyen U5),Pangsapuri Opal,-,250000,Non-Bumi Lot | Sold with furniture | Gated & Guarded | Strata Ready | Bank Value RM340k | Cashback RM90k,-,1065,1,3,2,882,-,Apartment,Leasehold,-,-,Elmina Lakeside Mall | HELP University Subang 2 | SK Subang Bestari | DASH Highway | Guthrie Corridor Expressway,/images/unitpic/pangsapuriopal-/pic1.jpg,"Hi Hani, I'm interested in the subsale unit at Pangsapuri Opal, Subang Bestari (Seksyen U5). Price: RM250000. Ref: -",7/10/2026,https://t.me/c/1841199737/828,-,-,(B),-
subsale,-,40,Puchong,Pulau Meranti,Desaria Villa,-,240000,"Block A Level 9 | Pool View | Renovated (Tiles, Cabinet) | Non-Bumi Lot | Strata Title | Bank Value RM290k | Cashback RM50k",-,1022,1,4,2,1055,-,Condominium,Leasehold,-,-,IOI Mall Puchong | SetiaWalk Puchong | MEX Highway | SKVE | LDP Highway,/images/unitpic/desariavilla-/pic1.jpg,"Hi Hani, I'm interested in the subsale unit at Desaria Villa, Pulau Meranti. Price: RM240000. Ref: -",7/10/2026,https://t.me/c/1841199737/841,-,-,(B),-
subsale,-,25,Semenyih,Bandar Teknologi Kajang,Simfoni 1,Bumi Lot,290000,Level 13A | Basic Unit (Unfurnished) | Balcony | Price Negotiable | Full Loan | Booking RM500 | Market Value RM380k | Maintenance RM300,-,1235,2,3,2,1073,-,Service Residence,Leasehold,-,-,KTM Kajang Station | Mydin Mall Semenyih | Hospital Kajang | UNITEN | SILK Highway,/images/unitpic/simfoni1-/pic1.jpg,"Hi Hani, I'm interested in the subsale unit at Simfoni 1, Bandar Teknologi Kajang. Price: RM290000. Ref: -",7/10/2026,https://t.me/c/1841199737/769,-,-,(B),-
subsale,-,55,Kuala Lumpur,Old Klang Road,Sri Jati 1 Apartment,-,295000,Block C Level 5 | Basic Unit | Open Lot | Strata Title Ready | Below Market Value | Market Value RM400k,-,1256,2,4,2,968,-,Apartment,Freehold,-,-,Pearl Point Shopping Mall | Mid Valley Megamall | NSK Kuchai Lama | SMK Sri Petaling,/images/unitpic/srijati1apartment-/pic1.jpg,"Hi Hani, I'm interested in the subsale unit at Sri Jati 1 Apartment, Old Klang Road. Price: RM295000. Ref: -",7/10/2026,https://t.me/listingmunim/38,-,-,(B),-
subsale,-,50,Selayang,Taman Amansiara,Amansiara Townhouse,Bumi Lot,340000,Ground Floor | Tenanted (no contract) | Strata Title | Price Negotiable | Market Value RM450k | Maintenance RM71.50,-,1448,2,3,2,1200,-,Townhouse,Leasehold,-,-,Selayang Mall | Hospital Selayang | MRR2 | DUKE Highway,/images/unitpic/amansiaratownhouse-/pic1.jpg,"Hi Hani, I'm interested in the subsale unit at Amansiara Townhouse, Taman Amansiara. Price: RM340000. Ref: -",7/10/2026,https://t.me/listingmunim/142,-,-,(B),-
subsale,-,55,Puchong,Jalan Millenia,Vista Millennium Condominium,-,290000,2 Units Available (850sqft & 1000sqft) | Price from RM290k | Non-Bumi Lot | Strata Title Ready | Lease until 2095 | Market Value RM450k,-,1235,-,3,2,-,-,Condominium,Leasehold,-,-,LRT Puchong Perdana | LRT Puchong Permai | IOI Mall Puchong | Columbia Asia Hospital Puchong | KESAS Highway,/images/unitpic/vistamillenniumcondominium-/pic1.jpg,"Hi Hani, I'm interested in the subsale unit at Vista Millennium Condominium, Jalan Millenia. Price: RM290000. Ref: -",7/10/2026,https://t.me/listingmunim/107,-,-,(B),-
subsale,-,50,Ampang,Ukay Perdana,Sri Kayangan Apartment,Bumi Lot,210000,Level 4 (Walk-up) | Basic Unit | Balcony | Tenanted | Gated & Guarded | Price Negotiable | Market Value RM300k | Maintenance RM84,-,891,1,3,2,830,-,Apartment,Leasehold,-,-,Melawati Mall | Wangsa Walk Mall | SMK Lembah Keramat | MRR2 Highway | DUKE Highway,/images/unitpic/srikayanganapartment-/pic1.jpg,"Hi Hani, I'm interested in the subsale unit at Sri Kayangan Apartment, Ukay Perdana. Price: RM210000. Ref: -",7/10/2026,https://t.me/listingmunim/217,-,-,(B),-
subsale,-,55,Seri Kembangan,Bandar Putra Permai,Apartment Putra Permai,Bumi Lot,140000,Block D2 Level 3 (Walk-up) | Basic Unit | Open Parking | Full Loan | Low Deposit | Price Negotiable | Market Value RM150k,-,596,-,3,1,650,-,Apartment,-,-,-,MRT Putra Permai | MRT Taman Equine | AEON Mall Taman Equine | Econsave Putra Permai | SKVE,/images/unitpic/apartmentputrapermaiBLA/pic1.jpg,"Hi Hani, I'm interested in the subsale unit at Apartment Putra Permai, Bandar Putra Permai. Price: RM140000. Ref: BLA",7/10/2026,https://t.me/Bala_listing/620,-,-,(B),-
subsale,-,45,Klang,Taman Sentosa Perdana,Pangsapuri Perdana Villa,-,290000,Level 4 | Converted to 5 Rooms (3 original + 2 added) | Fully Furnished | Tenanted RM1700/month | Strata Title | Below Market Value | Market Value RM390k,-,1235,2,5,2,850,-,Apartment,Freehold,-,-,KTM Teluk Pulai | NSK Trade City Klang | Hospital Tengku Ampuan Rahimah,/images/unitpic/pangsapuriperdanavilla-/pic1.jpg,"Hi Hani, I'm interested in the subsale unit at Pangsapuri Perdana Villa, Taman Sentosa Perdana. Price: RM290000. Ref: -",7/10/2026,https://t.me/c/1841199737/875,-,-,(B),-
subsale,-,45,Klang,Taman Sentosa Perdana,Pangsapuri Perdana Villa,-,260000,Level 3 | Tenanted RM800/month (Family) | Strata Title | Below Market Value | Market Value RM360k,-,1107,1,3,2,755,-,Apartment,Freehold,-,-,KTM Teluk Pulai | NSK Trade City Klang | Hospital Tengku Ampuan Rahimah,/images/unitpic/pangsapuriperdanavilla-2/pic1.jpg,"Hi Hani, I'm interested in the subsale unit at Pangsapuri Perdana Villa, Taman Sentosa Perdana. Price: RM260000. Ref: -",7/10/2026,https://t.me/c/1841199737/889,-,-,(B),-
subsale,-,45,Klang,Taman Sentosa Perdana,Pangsapuri Perdana Villa,-,260000,Level 5 | Vacant | Strata Title | Below Market Value | Market Value RM360k,-,1107,1,3,2,755,-,Apartment,Freehold,-,-,KTM Teluk Pulai | NSK Trade City Klang | Hospital Tengku Ampuan Rahimah,/images/unitpic/pangsapuriperdanavilla-3/pic1.jpg,"Hi Hani, I'm interested in the subsale unit at Pangsapuri Perdana Villa, Taman Sentosa Perdana. Price: RM260000. Ref: -",7/10/2026,https://t.me/c/1841199737/899,-,-,(B),-
subsale,-,60,Cheras,Tun Perak,Pangsapuri Wira,-,240000,Level 3 (Walk-up) | Low Cost | Open Parking | Full Loan | Booking RM500 | Price Negotiable | Market Value RM280k,-,1022,-,3,2,820,-,Apartment,Freehold,-,-,MRT Bandar Tun Hussein Onn | Aeon Cheras Selatan | The Mines | Eco Cheras | MRR2,/images/unitpic/pangsapuriwira-/pic1.jpg,"Hi Hani, I'm interested in the subsale unit at Pangsapuri Wira, Tun Perak. Price: RM240000. Ref: -",7/10/2026,https://t.me/c/1841199737/944,-,-,(B),-
subsale,-,45,Puchong,Taman Puchong Permai,Flat Puchong Permai,Bumi Lot,150000,Level 4 (Walk-up) | Low Cost | Grill & Tiles | Strata Title Ready | Booking RM500 | Est. Rental RM800/month | Market Value RM200k,-,639,-,3,1,600,-,Flat,Leasehold,-,-,LRT Puchong Prima | SK Puchong Indah | LDP | KESAS | SKVE,/images/unitpic/flatpuchongpermai-/pic1.jpg,"Hi Hani, I'm interested in the subsale unit at Flat Puchong Permai, Taman Puchong Permai. Price: RM150000. Ref: -",7/10/2026,https://t.me/c/1841199737/970,-,-,(B),-
subsale,-,60,Seri Kembangan,Persiaran Lestari Perdana,Pangsapuri Sri Indah,Bumi Lot,150000,Top Floor | Renovated (new vinyl flooring & paint) | Low Cost | Open Parking | Booking RM500 | Full Loan | Price Negotiable | Market Value RM180k | Maintenance RM44,-,639,-,3,2,650,-,Apartment,Leasehold,-,-,MRT Taman Equine | MRT Putra Permai | AEON Mall Taman Equine | SKVE,/images/unitpic/pangsapurisriindah-/pic1.jpg,"Hi Hani, I'm interested in the subsale unit at Pangsapuri Sri Indah, Persiaran Lestari Perdana. Price: RM150000. Ref: -",7/10/2026,https://t.me/AyahLieListing/730,-,-,(B),-
subsale,-,60,Puchong,Bandar Kinrara,Pangsapuri Enggang,-,225000,Block C Level 3 | Low Cost | Lift | Strata Title Ready | Booking RM500 | Price Negotiable | Market Value RM270k | Maintenance RM60,-,958,-,3,2,678,-,Flat,Freehold,-,-,LRT Kinrara BK5 | LRT Alam Sutera | Giant Bandar Kinrara | IOI Mall Puchong | SMK Seksyen 3 Bandar Kinrara,/images/unitpic/pangsapurienggang-/pic1.jpg,"Hi Hani, I'm interested in the subsale unit at Pangsapuri Enggang, Bandar Kinrara. Price: RM225000. Ref: -",7/10/2026,https://t.me/c/1841199737/1012,-,-,(B),-
subsale,-,55,Kepong,Desa Aman Puri,Desa Satu Apartment,-,200000,Block 6 Level 10 | Low Cost | Vacant | Kitchen Cabinet & Table Top | Access Card | Market Value RM250k | Maintenance RM53,-,852,1,3,2,655,-,Apartment,Freehold,-,-,MRT Sri Damansara Sentral | MRT Sri Damansara Barat | KTM Kepong | AEON Metro Prima | MRR2 Highway,/images/unitpic/desasatuapartment-/pic1.jpg,"Hi Hani, I'm interested in the subsale unit at Desa Satu Apartment, Desa Aman Puri. Price: RM200000. Ref: -",7/10/2026,https://t.me/c/1841199737/1029,-,-,(B),-
subsale,-,20,Cyberjaya / Putrajaya,Perdana Lakeview East,Perdana Lakeview East Bungalow,-,3700000,Land Area 9472 sqft | Individual Title | Non-Bumi Lot | Near Lake & Green Area | Price Negotiable | Quit Rent RM53/year,-,15759,-,6,6,2800,-,Bungalow,Freehold,-,-,DPULZE Shopping Centre | Tamarind Square | Hospital Cyberjaya | Multimedia University (MMU) | MEX Highway,/images/unitpic/perdanalakevieweastbungalow-/pic1.jpg,"Hi Hani, I'm interested in the subsale unit at Perdana Lakeview East Bungalow, Perdana Lakeview East. Price: RM3700000. Ref: -",7/10/2026,https://t.me/c/1841199737/1045,-,-,(B),-
subsale,-,65,Cheras,Cheras Selatan,Langat Jaya Condominium,-,285000,Ground Floor | Corner Unit | Open Title | Parking at LG | Booking RM1000 | Price Negotiable | Market Value RM380k | Maintenance RM220,-,1214,-,3,2,938,-,Condominium,Freehold,-,-,MRT Sri Raya | AEON Cheras Selatan | Columbia Asia Hospital Cheras | UCSI University | Grand Saga Highway,/images/unitpic/langatjayacondominium-/pic1.jpg,"Hi Hani, I'm interested in the subsale unit at Langat Jaya Condominium, Cheras Selatan. Price: RM285000. Ref: -",7/10/2026,https://t.me/c/1841199737/1077,-,-,(B),-
subsale,-,65,Cheras,Bandar Sri Permaisuri,Sri Penara Apartment,-,260000,0% Deposit | Room Rental Potential RM1900-2100/month | Price Negotiable | Market Value RM360k,-,1107,-,-,-,-,-,Apartment,Leasehold,-,-,LRT Salak Selatan | KTM Salak Selatan | Hero Supermarket Sri Permaisuri | Hospital UKM (HUKM) | MRR2,/images/unitpic/sripenaraapartment-2/pic1.jpg,"Hi Hani, I'm interested in the subsale unit at Sri Penara Apartment, Bandar Sri Permaisuri. Price: RM260000. Ref: -",7/10/2026,https://t.me/c/1841199737/1089,-,-,(B),-
subsale,-,45,Puchong,Taman Lingkaran Dagang Mas,Calisa Residence,-,270000,Block N Level 11 (Top Floor) | Corner Unit | Largest Layout | Low Density | Non-Bumi Lot | Covered Parking | Gated & Guarded | Kitchen Cabinet | Price Negotiable | Market Value RM350k | Maintenance RM200,-,1150,1,3,2,1044,-,Service Residence,Leasehold,-,-,Puchong Prima LRT Station | Lotus's Puchong | MAHSA University | ELITE Expressway | SKVE,/images/unitpic/calisaresidence-/pic1.jpg,"Hi Hani, I'm interested in the subsale unit at Calisa Residence, Taman Lingkaran Dagang Mas. Price: RM270000. Ref: -",7/10/2026,https://t.me/c/1841199737/1177,-,-,(B),-
subsale,-,40,Seri Kembangan,Taman Desaminium,Desaminium Flora,-,295000,Top Floor (Level 15) | Marketed as Penthouse | Next to School | Market Value RM330k,-,1256,-,3,2,850,-,Condominium,-,-,-,MRT Putra Permai | AEON Mall Taman Equine | SKVE,/images/unitpic/desaminiumflora-/pic1.jpg,"Hi Hani, I'm interested in the subsale unit at Desaminium Flora, Taman Desaminium. Price: RM295000. Ref: -",7/10/2026,https://t.me/c/1841199737/1226,-,-,(B),-
subsale,-,50,Cheras,Bandar Sri Permaisuri,Sri Penara Apartment,Bumi Lot,260000,Block C Level 17 | Room Rental Potential RM1900-2100/month | 0% Deposit | Market Value RM360k,-,1107,-,3,2,650,-,Apartment,Leasehold,-,-,LRT Salak Selatan | KTM Salak Selatan | Hero Supermarket Sri Permaisuri | Hospital UKM (HUKM) | MRR2,/images/unitpic/sripenaraapartmentCE2/pic1.jpg,"Hi Hani, I'm interested in the subsale unit at Sri Penara Apartment, Bandar Sri Permaisuri. Price: RM260000. Ref: CE",14/8/2026,https://t.me/CECextra/632,-,CE,(B),-
subsale,-,40,Ampang,Bandar Baru Ampang,Pangsapuri Sri Nilam,Bumi Lot,150000,Block D Level 11 | Low Cost | Master Title | Open Parking | Tenanted RM800/month | Market Value RM180k,-,639,-,3,2,650,-,Apartment,Leasehold,-,-,LRT Ampang | Ampang Point | Hospital Ampang | MRR2,/images/unitpic/pangsapurisrinilam-/pic1.jpg,"Hi Hani, I'm interested in the subsale unit at Pangsapuri Sri Nilam, Bandar Baru Ampang. Price: RM150000. Ref: -",7/10/2026,https://t.me/c/1841199737/1324,-,-,(B),-
subsale,-,45,Klang,Taman Bayu Perdana,Pangsapuri Sri Bayu,-,175000,"Level 4 (Walk-up) | Low Cost | Open Title | Fully Furnished (5 single beds, washer, fridge) | 3 Rooms + 1 Partition | Est. Rental RM1300-1400/month | Full Loan | Open Parking | Market Value RM220k",-,745,-,3,2,650,-,Apartment,Freehold,-,-,AEON Bukit Tinggi | Giant Hypermarket BBT Klang | Manipal Hospital Klang | KESAS,/images/unitpic/pangsapurisribayu-/pic1.jpg,"Hi Hani, I'm interested in the subsale unit at Pangsapuri Sri Bayu, Taman Bayu Perdana. Price: RM175000. Ref: -",7/10/2026,https://t.me/c/1841199737/1254,-,-,(B),-
rental,-,55,Sungai Buloh,Kg Baru Sungai Buloh,D'sara Sentral,-,2500,"Block SA2 Floor 16 | Corner Unit | Family-Friendly Layout | Astro, Internet & Electricity Paid by Tenant | Deposit 2+1+0.5 (RM8750 excl. TA)",-,-,2,3,2,1036,Fully Furnished,Service Residence,-,-,-,MRT Kampung Selamat (~160m covered walkway) | MRT/KTM Sungai Buloh | Hospital Sungai Buloh | NKVE | LDP,/images/unitpic/dsarasentralMMN/pic1.jpg,"Hi Hani, I'm interested in the unit rental at D'sara Sentral, Kg Baru Sungai Buloh. Price: RM2500. Ref: MMN",7/10/2026,https://t.me/AniListings/4206,Immediate,MMN,-,-
